"Step","IMAGENET1k_CNN_FedALA_sgd_lr0.005_20classes_st - Global/Averaged Test Accuracy","IMAGENET1k_CNN_FedALA_sgd_lr0.005_20classes_st - Global/Averaged Test Accuracy__MIN","IMAGENET1k_CNN_FedALA_sgd_lr0.005_20classes_st - Global/Averaged Test Accuracy__MAX","CIFAR100_CNN_FedSTGM_sgd_lr0.05[t] - Global/Averaged Test Accuracy","CIFAR100_CNN_FedSTGM_sgd_lr0.05[t] - Global/Averaged Test Accuracy__MIN","CIFAR100_CNN_FedSTGM_sgd_lr0.05[t] - Global/Averaged Test Accuracy__MAX","IMAGENET1k_CNN_FedDBE_sgd_lr0.005_feddbe-test-t[t] - Global/Averaged Test Accuracy","IMAGENET1k_CNN_FedDBE_sgd_lr0.005_feddbe-test-t[t] - Global/Averaged Test Accuracy__MIN","IMAGENET1k_CNN_FedDBE_sgd_lr0.005_feddbe-test-t[t] - Global/Averaged Test Accuracy__MAX"
"0","0.00015","0.00015","0.00015","0.0375","0.0375","0.0375","0","0","0"
"1","0.0515","0.0515","0.0515","0.1","0.1","0.1","0.296","0.296","0.296"
"2","0.0572","0.0572","0.0572","0.1","0.1","0.1","0.2055","0.2055","0.2055"
"3","0.0746","0.0746","0.0746","0.183","0.183","0.183","0.08","0.08","0.08"
"4","0.0908","0.0908","0.0908","0.18","0.18","0.18","0.05","0.05","0.05"
"5","0.12025","0.12025","0.12025","0.194","0.194","0.194","0.0675","0.0675","0.0675"
"6","0.1333","0.1333","0.1333","0.2495","0.2495","0.2495","0.108","0.108","0.108"
"7","0.14935","0.14935","0.14935","0.278","0.278","0.278","0.3345","0.3345","0.3345"
"8","0.1617","0.1617","0.1617","0.234","0.234","0.234","0.3365","0.3365","0.3365"
"9","0.16835","0.16835","0.16835","0.1975","0.1975","0.1975","0.4055","0.4055","0.4055"
"10","0.17555","0.17555","0.17555","0.267","0.267","0.267","0.4495","0.4495","0.4495"
"11","0.18545","0.18545","0.18545","0.2775","0.2775","0.2775","0.468","0.468","0.468"
"12","0.1944","0.1944","0.1944","0.299","0.299","0.299","0.4245","0.4245","0.4245"
"13","0.19935","0.19935","0.19935","0.32","0.32","0.32","0.4355","0.4355","0.4355"
"14","0.204","0.204","0.204","0.3125","0.3125","0.3125","0.401","0.401","0.401"
"15","0.2135","0.2135","0.2135","0.3545","0.3545","0.3545","0.412","0.412","0.412"
"16","0.2284","0.2284","0.2284","0.289","0.289","0.289","0.4165","0.4165","0.4165"
"17","0.2363","0.2363","0.2363","0.267","0.267","0.267","0.379","0.379","0.379"
"18","0.24765","0.24765","0.24765","0.2035","0.2035","0.2035","0.384","0.384","0.384"
"19","0.25435","0.25435","0.25435","0.153","0.153","0.153","0.3465","0.3465","0.3465"
"20","0.2623","0.2623","0.2623","0.2945","0.2945","0.2945","0.367","0.367","0.367"
"21","0.2638","0.2638","0.2638","0.2695","0.2695","0.2695","0.359","0.359","0.359"
"22","0.26845","0.26845","0.26845","0.3185","0.3185","0.3185","0.3985","0.3985","0.3985"
"23","0.27095","0.27095","0.27095","0.268","0.268","0.268","0.393","0.393","0.393"
"24","0.2742","0.2742","0.2742","0.1465","0.1465","0.1465","0.3805","0.3805","0.3805"
"25","0.00065","0.00065","0.00065","0.0095","0.0095","0.0095","0","0","0"
"26","0.0174","0.0174","0.0174","0.049","0.049","0.049","0","0","0"
"27","0.0261","0.0261","0.0261","0.082","0.082","0.082","0","0","0"
"28","0.0373","0.0373","0.0373","0.0495","0.0495","0.0495","0","0","0"
"29","0.0441","0.0441","0.0441","0.135","0.135","0.135","0.0205","0.0205","0.0205"
"30","0.04925","0.04925","0.04925","0.1125","0.1125","0.1125","0.0655","0.0655","0.0655"
"31","0.05365","0.05365","0.05365","0.142","0.142","0.142","0.099","0.099","0.099"
"32","0.05875","0.05875","0.05875","0.084","0.084","0.084","0.102","0.102","0.102"
"33","0.0603","0.0603","0.0603","0.1515","0.1515","0.1515","0.1295","0.1295","0.1295"
"34","0.0661","0.0661","0.0661","0.1825","0.1825","0.1825","0.1335","0.1335","0.1335"
"35","0.06975","0.06975","0.06975","0.101","0.101","0.101","0.141","0.141","0.141"
"36","0.0737","0.0737","0.0737","0.219","0.219","0.219","0.1285","0.1285","0.1285"
"37","0.0771","0.0771","0.0771","0.1835","0.1835","0.1835","0.149","0.149","0.149"
"38","0.0817","0.0817","0.0817","0.283","0.283","0.283","0.14","0.14","0.14"
"39","0.08445","0.08445","0.08445","0.186","0.186","0.186","0.1555","0.1555","0.1555"
"40","0.0886","0.0886","0.0886","0.25","0.25","0.25","0.152","0.152","0.152"
"41","0.09","0.09","0.09","0.177","0.177","0.177","0.158","0.158","0.158"
"42","0.0926","0.0926","0.0926","0.204","0.204","0.204","0.1645","0.1645","0.1645"
"43","0.09505","0.09505","0.09505","0.247","0.247","0.247","0.1625","0.1625","0.1625"
"44","0.0963","0.0963","0.0963","0.149","0.149","0.149","0.1775","0.1775","0.1775"
"45","0.09955","0.09955","0.09955","0.258","0.258","0.258","0.169","0.169","0.169"
"46","0.1001","0.1001","0.1001","0.2465","0.2465","0.2465","0.1705","0.1705","0.1705"
"47","0.1013","0.1013","0.1013","0.3345","0.3345","0.3345","0.1785","0.1785","0.1785"
"48","0.1047","0.1047","0.1047","0.2365","0.2365","0.2365","0.189","0.189","0.189"
"49","0.1045","0.1045","0.1045","0.3395","0.3395","0.3395","0.182","0.182","0.182"
"50","0.0174","0.0174","0.0174","0.057","0.057","0.057","0","0","0"
"51","0.03185","0.03185","0.03185","0.098","0.098","0.098","0","0","0"
"52","0.04495","0.04495","0.04495","0.1315","0.1315","0.1315","0","0","0"
"53","0.0628","0.0628","0.0628","0.1765","0.1765","0.1765","0.027","0.027","0.027"
"54","0.0684","0.0684","0.0684","0.1185","0.1185","0.1185","0.0445","0.0445","0.0445"
"55","0.07365","0.07365","0.07365","0.1715","0.1715","0.1715","0.063","0.063","0.063"
"56","0.07665","0.07665","0.07665","0.1615","0.1615","0.1615","0.0795","0.0795","0.0795"
"57","0.08135","0.08135","0.08135","0.222","0.222","0.222","0.1","0.1","0.1"
"58","0.0849","0.0849","0.0849","0.243","0.243","0.243","0.122","0.122","0.122"
"59","0.0901","0.0901","0.0901","0.1695","0.1695","0.1695","0.1345","0.1345","0.1345"
"60","0.091","0.091","0.091","0.243","0.243","0.243","0.1445","0.1445","0.1445"
"61","0.09385","0.09385","0.09385","0.235","0.235","0.235","0.1375","0.1375","0.1375"
"62","0.09585","0.09585","0.09585","0.22","0.22","0.22","0.1625","0.1625","0.1625"
"63","0.0988","0.0988","0.0988","0.3285","0.3285","0.3285","0.165","0.165","0.165"
"64","0.10175","0.10175","0.10175","0.181","0.181","0.181","0.1715","0.1715","0.1715"
"65","0.10305","0.10305","0.10305","0.334","0.334","0.334","0.173","0.173","0.173"
"66","0.10735","0.10735","0.10735","0.178","0.178","0.178","0.1775","0.1775","0.1775"
"67","0.10775","0.10775","0.10775","0.2925","0.2925","0.2925","0.18","0.18","0.18"
"68","0.10925","0.10925","0.10925","0.183","0.183","0.183","0.178","0.178","0.178"
"69","0.11105","0.11105","0.11105","0.2825","0.2825","0.2825","0.1875","0.1875","0.1875"
"70","0.11385","0.11385","0.11385","0.254","0.254","0.254","0.19","0.19","0.19"
"71","0.11675","0.11675","0.11675","0.2785","0.2785","0.2785","0.1835","0.1835","0.1835"
"72","0.1165","0.1165","0.1165","0.2715","0.2715","0.2715","0.1915","0.1915","0.1915"
"73","0.1196","0.1196","0.1196","0.2995","0.2995","0.2995","0.1925","0.1925","0.1925"
"74","0.1212","0.1212","0.1212","0.2935","0.2935","0.2935","0.192","0.192","0.192"
"75","0.0147","0.0147","0.0147","0.081","0.081","0.081","0","0","0"
"76","0.04495","0.04495","0.04495","0.171","0.171","0.171","0","0","0"
"77","0.0597","0.0597","0.0597","0.194","0.194","0.194","0.0055","0.0055","0.0055"
"78","0.072","0.072","0.072","0.23","0.23","0.23","0.116","0.116","0.116"
"79","0.08605","0.08605","0.08605","0.248","0.248","0.248","0.1195","0.1195","0.1195"
"80","0.0915","0.0915","0.0915","0.2465","0.2465","0.2465","0.1255","0.1255","0.1255"
"81","0.0985","0.0985","0.0985","0.2535","0.2535","0.2535","0.129","0.129","0.129"
"82","0.10305","0.10305","0.10305","0.2355","0.2355","0.2355","0.1585","0.1585","0.1585"
"83","0.108","0.108","0.108","0.28","0.28","0.28","0.161","0.161","0.161"
"84","0.11345","0.11345","0.11345","0.2455","0.2455","0.2455","0.1665","0.1665","0.1665"
"85","0.11645","0.11645","0.11645","0.274","0.274","0.274","0.169","0.169","0.169"
"86","0.1201","0.1201","0.1201","0.3245","0.3245","0.3245","0.173","0.173","0.173"
"87","0.12415","0.12415","0.12415","0.272","0.272","0.272","0.18","0.18","0.18"
"88","0.12915","0.12915","0.12915","0.2915","0.2915","0.2915","0.18","0.18","0.18"
"89","0.13315","0.13315","0.13315","0.2965","0.2965","0.2965","0.187","0.187","0.187"
"90","0.13525","0.13525","0.13525","0.365","0.365","0.365","0.1865","0.1865","0.1865"
"91","0.13735","0.13735","0.13735","0.3355","0.3355","0.3355","0.194","0.194","0.194"
"92","0.1391","0.1391","0.1391","0.3725","0.3725","0.3725","0.1845","0.1845","0.1845"
"93","0.1417","0.1417","0.1417","0.3625","0.3625","0.3625","0.194","0.194","0.194"
"94","0.1438","0.1438","0.1438","0.3765","0.3765","0.3765","0.2015","0.2015","0.2015"
"95","0.14685","0.14685","0.14685","0.364","0.364","0.364","0.202","0.202","0.202"
"96","0.1481","0.1481","0.1481","0.3845","0.3845","0.3845","0.2025","0.2025","0.2025"
"97","0.1494","0.1494","0.1494","0.383","0.383","0.383","0.202","0.202","0.202"
"98","0.14925","0.14925","0.14925","0.3845","0.3845","0.3845","0.2105","0.2105","0.2105"
"99","0.1524","0.1524","0.1524","0.3845","0.3845","0.3845","0.2105","0.2105","0.2105"
"100","0.0186","0.0186","0.0186","0.0745","0.0745","0.0745","0","0","0"
"101","0.04815","0.04815","0.04815","0.164","0.164","0.164","0.0275","0.0275","0.0275"
"102","0.06855","0.06855","0.06855","0.2875","0.2875","0.2875","0.0355","0.0355","0.0355"
"103","0.0829","0.0829","0.0829","0.2135","0.2135","0.2135","0.057","0.057","0.057"
"104","0.09735","0.09735","0.09735","0.2975","0.2975","0.2975","0.0845","0.0845","0.0845"
"105","0.1071","0.1071","0.1071","0.2725","0.2725","0.2725","0.0995","0.0995","0.0995"
"106","0.115","0.115","0.115","0.2975","0.2975","0.2975","0.1235","0.1235","0.1235"
"107","0.1208","0.1208","0.1208","0.296","0.296","0.296","0.151","0.151","0.151"
"108","0.1245","0.1245","0.1245","0.3185","0.3185","0.3185","0.165","0.165","0.165"
"109","0.1298","0.1298","0.1298","0.3395","0.3395","0.3395","0.172","0.172","0.172"
"110","0.13525","0.13525","0.13525","0.334","0.334","0.334","0.1745","0.1745","0.1745"
"111","0.14105","0.14105","0.14105","0.2785","0.2785","0.2785","0.1855","0.1855","0.1855"
"112","0.1457","0.1457","0.1457","0.357","0.357","0.357","0.188","0.188","0.188"
"113","0.14985","0.14985","0.14985","0.31","0.31","0.31","0.183","0.183","0.183"
"114","0.1535","0.1535","0.1535","0.376","0.376","0.376","0.188","0.188","0.188"
"115","0.15565","0.15565","0.15565","0.333","0.333","0.333","0.189","0.189","0.189"
"116","0.1573","0.1573","0.1573","0.358","0.358","0.358","0.19","0.19","0.19"
"117","0.1579","0.1579","0.1579","0.355","0.355","0.355","0.1865","0.1865","0.1865"
"118","0.16185","0.16185","0.16185","0.356","0.356","0.356","0.19","0.19","0.19"
"119","0.1631","0.1631","0.1631","0.3595","0.3595","0.3595","0.19","0.19","0.19"
"120","0.1658","0.1658","0.1658","0.3495","0.3495","0.3495","0.1955","0.1955","0.1955"
"121","0.1653","0.1653","0.1653","0.345","0.345","0.345","0.196","0.196","0.196"
"122","0.16885","0.16885","0.16885","0.365","0.365","0.365","0.1995","0.1995","0.1995"
"123","0.169","0.169","0.169","0.3605","0.3605","0.3605","0.1995","0.1995","0.1995"
"124","0.1699","0.1699","0.1699","0.372","0.372","0.372","0.2005","0.2005","0.2005"
"125","0.0286","0.0286","0.0286","0.1365","0.1365","0.1365","0","0","0"
"126","0.05355","0.05355","0.05355","0.2095","0.2095","0.2095","0","0","0"
"127","0.0713","0.0713","0.0713","0.243","0.243","0.243","0.0015","0.0015","0.0015"
"128","0.088","0.088","0.088","0.233","0.233","0.233","0.0355","0.0355","0.0355"
"129","0.1018","0.1018","0.1018","0.275","0.275","0.275","0.0825","0.0825","0.0825"
"130","0.1088","0.1088","0.1088","0.2555","0.2555","0.2555","0.09","0.09","0.09"
"131","0.1156","0.1156","0.1156","0.3115","0.3115","0.3115","0.099","0.099","0.099"
"132","0.1197","0.1197","0.1197","0.286","0.286","0.286","0.1145","0.1145","0.1145"
"133","0.1253","0.1253","0.1253","0.317","0.317","0.317","0.1295","0.1295","0.1295"
"134","0.1305","0.1305","0.1305","0.2925","0.2925","0.2925","0.1535","0.1535","0.1535"
"135","0.13335","0.13335","0.13335","0.3315","0.3315","0.3315","0.148","0.148","0.148"
"136","0.1386","0.1386","0.1386","0.319","0.319","0.319","0.168","0.168","0.168"
"137","0.14035","0.14035","0.14035","0.33","0.33","0.33","0.178","0.178","0.178"
"138","0.14335","0.14335","0.14335","0.34","0.34","0.34","0.177","0.177","0.177"
"139","0.1467","0.1467","0.1467","0.336","0.336","0.336","0.1845","0.1845","0.1845"
"140","0.1496","0.1496","0.1496","0.348","0.348","0.348","0.187","0.187","0.187"
"141","0.1499","0.1499","0.1499","0.344","0.344","0.344","0.196","0.196","0.196"
"142","0.15395","0.15395","0.15395","0.362","0.362","0.362","0.204","0.204","0.204"
"143","0.15485","0.15485","0.15485","0.3485","0.3485","0.3485","0.201","0.201","0.201"
"144","0.15675","0.15675","0.15675","0.3645","0.3645","0.3645","0.2095","0.2095","0.2095"
"145","0.1578","0.1578","0.1578","0.357","0.357","0.357","0.215","0.215","0.215"
"146","0.159","0.159","0.159","0.36","0.36","0.36","0.2095","0.2095","0.2095"
"147","0.1603","0.1603","0.1603","0.3625","0.3625","0.3625","0.216","0.216","0.216"
"148","0.1617","0.1617","0.1617","0.375","0.375","0.375","0.2155","0.2155","0.2155"
"149","0.16135","0.16135","0.16135","0.3715","0.3715","0.3715","0.2165","0.2165","0.2165"
"150","0.03245","0.03245","0.03245","0.164","0.164","0.164","0","0","0"
"151","0.0588","0.0588","0.0588","0.18","0.18","0.18","0","0","0"
"152","0.07625","0.07625","0.07625","0.2875","0.2875","0.2875","0","0","0"
"153","0.0907","0.0907","0.0907","0.2255","0.2255","0.2255","0.0065","0.0065","0.0065"
"154","0.10055","0.10055","0.10055","0.2715","0.2715","0.2715","0.078","0.078","0.078"
"155","0.10735","0.10735","0.10735","0.2415","0.2415","0.2415","0.121","0.121","0.121"
"156","0.11315","0.11315","0.11315","0.279","0.279","0.279","0.144","0.144","0.144"
"157","0.1176","0.1176","0.1176","0.2565","0.2565","0.2565","0.1675","0.1675","0.1675"
"158","0.1217","0.1217","0.1217","0.292","0.292","0.292","0.17","0.17","0.17"
"159","0.12645","0.12645","0.12645","0.282","0.282","0.282","0.1955","0.1955","0.1955"
"160","0.1296","0.1296","0.1296","0.3185","0.3185","0.3185","0.206","0.206","0.206"
"161","0.1323","0.1323","0.1323","0.3025","0.3025","0.3025","0.203","0.203","0.203"
"162","0.13625","0.13625","0.13625","0.3345","0.3345","0.3345","0.209","0.209","0.209"
"163","0.139","0.139","0.139","0.309","0.309","0.309","0.212","0.212","0.212"
"164","0.1402","0.1402","0.1402","0.335","0.335","0.335","0.2125","0.2125","0.2125"
"165","0.14055","0.14055","0.14055","0.305","0.305","0.305","0.2145","0.2145","0.2145"
"166","0.1433","0.1433","0.1433","0.3225","0.3225","0.3225","0.226","0.226","0.226"
"167","0.1466","0.1466","0.1466","0.291","0.291","0.291","0.2315","0.2315","0.2315"
"168","0.1474","0.1474","0.1474","0.3215","0.3215","0.3215","0.2265","0.2265","0.2265"
"169","0.1483","0.1483","0.1483","0.281","0.281","0.281","0.2285","0.2285","0.2285"
"170","0.1493","0.1493","0.1493","0.328","0.328","0.328","0.229","0.229","0.229"
"171","0.15025","0.15025","0.15025","0.2965","0.2965","0.2965","0.233","0.233","0.233"
"172","0.1507","0.1507","0.1507","0.345","0.345","0.345","0.236","0.236","0.236"
"173","0.1517","0.1517","0.1517","0.299","0.299","0.299","0.242","0.242","0.242"
"174","0.15195","0.15195","0.15195","0.356","0.356","0.356","0.2445","0.2445","0.2445"
"175","0.0222","0.0222","0.0222","0.123","0.123","0.123","0.0055","0.0055","0.0055"
"176","0.04715","0.04715","0.04715","0.227","0.227","0.227","0.025","0.025","0.025"
"177","0.0742","0.0742","0.0742","0.2985","0.2985","0.2985","0.037","0.037","0.037"
"178","0.0965","0.0965","0.0965","0.253","0.253","0.253","0.0465","0.0465","0.0465"
"179","0.1107","0.1107","0.1107","0.3095","0.3095","0.3095","0.089","0.089","0.089"
"180","0.119","0.119","0.119","0.295","0.295","0.295","0.1375","0.1375","0.1375"
"181","0.12565","0.12565","0.12565","0.3305","0.3305","0.3305","0.1425","0.1425","0.1425"
"182","0.1325","0.1325","0.1325","0.3315","0.3315","0.3315","0.17","0.17","0.17"
"183","0.1383","0.1383","0.1383","0.357","0.357","0.357","0.1705","0.1705","0.1705"
"184","0.14255","0.14255","0.14255","0.346","0.346","0.346","0.189","0.189","0.189"
"185","0.14915","0.14915","0.14915","0.353","0.353","0.353","0.1915","0.1915","0.1915"
"186","0.1534","0.1534","0.1534","0.3655","0.3655","0.3655","0.1965","0.1965","0.1965"
"187","0.15555","0.15555","0.15555","0.3645","0.3645","0.3645","0.2025","0.2025","0.2025"
"188","0.1595","0.1595","0.1595","0.376","0.376","0.376","0.206","0.206","0.206"
"189","0.16305","0.16305","0.16305","0.368","0.368","0.368","0.1985","0.1985","0.1985"
"190","0.1654","0.1654","0.1654","0.381","0.381","0.381","0.202","0.202","0.202"
"191","0.1684","0.1684","0.1684","0.3805","0.3805","0.3805","0.2015","0.2015","0.2015"
"192","0.1695","0.1695","0.1695","0.382","0.382","0.382","0.1995","0.1995","0.1995"
"193","0.17135","0.17135","0.17135","0.384","0.384","0.384","0.205","0.205","0.205"
"194","0.17335","0.17335","0.17335","0.3835","0.3835","0.3835","0.2115","0.2115","0.2115"
"195","0.174","0.174","0.174","0.385","0.385","0.385","0.216","0.216","0.216"
"196","0.175","0.175","0.175","0.3875","0.3875","0.3875","0.2155","0.2155","0.2155"
"197","0.175","0.175","0.175","0.39","0.39","0.39","0.221","0.221","0.221"
"198","0.1786","0.1786","0.1786","0.3885","0.3885","0.3885","0.218","0.218","0.218"
"199","0.1769","0.1769","0.1769","0.404","0.404","0.404","0.2185","0.2185","0.2185"
"200","0.0278","0.0278","0.0278","0.193","0.193","0.193","0","0","0"
"201","0.05515","0.05515","0.05515","0.26","0.26","0.26","0","0","0"
"202","0.08195","0.08195","0.08195","0.312","0.312","0.312","0","0","0"
"203","0.1074","0.1074","0.1074","0.323","0.323","0.323","0.013","0.013","0.013"
"204","0.1241","0.1241","0.1241","0.3455","0.3455","0.3455","0.0635","0.0635","0.0635"
"205","0.13335","0.13335","0.13335","0.3515","0.3515","0.3515","0.115","0.115","0.115"
"206","0.1433","0.1433","0.1433","0.354","0.354","0.354","0.1215","0.1215","0.1215"
"207","0.1491","0.1491","0.1491","0.352","0.352","0.352","0.137","0.137","0.137"
"208","0.1557","0.1557","0.1557","0.366","0.366","0.366","0.1525","0.1525","0.1525"
"209","0.1608","0.1608","0.1608","0.3665","0.3665","0.3665","0.1605","0.1605","0.1605"
"210","0.1658","0.1658","0.1658","0.3645","0.3645","0.3645","0.1595","0.1595","0.1595"
"211","0.16885","0.16885","0.16885","0.36","0.36","0.36","0.1665","0.1665","0.1665"
"212","0.17095","0.17095","0.17095","0.3595","0.3595","0.3595","0.168","0.168","0.168"
"213","0.1742","0.1742","0.1742","0.3465","0.3465","0.3465","0.176","0.176","0.176"
"214","0.1764","0.1764","0.1764","0.361","0.361","0.361","0.176","0.176","0.176"
"215","0.17895","0.17895","0.17895","0.365","0.365","0.365","0.171","0.171","0.171"
"216","0.1794","0.1794","0.1794","0.3675","0.3675","0.3675","0.182","0.182","0.182"
"217","0.1821","0.1821","0.1821","0.3795","0.3795","0.3795","0.184","0.184","0.184"
"218","0.1827","0.1827","0.1827","0.375","0.375","0.375","0.185","0.185","0.185"
"219","0.18425","0.18425","0.18425","0.3755","0.3755","0.3755","0.189","0.189","0.189"
"220","0.18405","0.18405","0.18405","0.385","0.385","0.385","0.2015","0.2015","0.2015"
"221","0.1838","0.1838","0.1838","0.373","0.373","0.373","0.2","0.2","0.2"
"222","0.1856","0.1856","0.1856","0.3855","0.3855","0.3855","0.1975","0.1975","0.1975"
"223","0.18675","0.18675","0.18675","0.371","0.371","0.371","0.203","0.203","0.203"
"224","0.1859","0.1859","0.1859","0.391","0.391","0.391","0.205","0.205","0.205"
"225","0.02755","0.02755","0.02755","0.2455","0.2455","0.2455","0","0","0"
"226","0.05885","0.05885","0.05885","0.323","0.323","0.323","0","0","0"
"227","0.07995","0.07995","0.07995","0.3505","0.3505","0.3505","0","0","0"
"228","0.10095","0.10095","0.10095","0.378","0.378","0.378","0","0","0"
"229","0.12085","0.12085","0.12085","0.3695","0.3695","0.3695","0.091","0.091","0.091"
"230","0.13395","0.13395","0.13395","0.4005","0.4005","0.4005","0.122","0.122","0.122"
"231","0.14225","0.14225","0.14225","0.39","0.39","0.39","0.146","0.146","0.146"
"232","0.1489","0.1489","0.1489","0.4105","0.4105","0.4105","0.161","0.161","0.161"
"233","0.1536","0.1536","0.1536","0.3935","0.3935","0.3935","0.1725","0.1725","0.1725"
"234","0.15845","0.15845","0.15845","0.403","0.403","0.403","0.1745","0.1745","0.1745"
"235","0.1598","0.1598","0.1598","0.4015","0.4015","0.4015","0.176","0.176","0.176"
"236","0.16235","0.16235","0.16235","0.412","0.412","0.412","0.178","0.178","0.178"
"237","0.16615","0.16615","0.16615","0.406","0.406","0.406","0.179","0.179","0.179"
"238","0.16645","0.16645","0.16645","0.416","0.416","0.416","0.1865","0.1865","0.1865"
"239","0.16795","0.16795","0.16795","0.4095","0.4095","0.4095","0.1845","0.1845","0.1845"
"240","0.1698","0.1698","0.1698","0.4165","0.4165","0.4165","0.1815","0.1815","0.1815"
"241","0.1687","0.1687","0.1687","0.409","0.409","0.409","0.1945","0.1945","0.1945"
"242","0.1704","0.1704","0.1704","0.418","0.418","0.418","0.1935","0.1935","0.1935"
"243","0.17185","0.17185","0.17185","0.4045","0.4045","0.4045","0.196","0.196","0.196"
"244","0.17405","0.17405","0.17405","0.421","0.421","0.421","0.1965","0.1965","0.1965"
"245","0.17295","0.17295","0.17295","0.41","0.41","0.41","0.2005","0.2005","0.2005"
"246","0.1736","0.1736","0.1736","0.4165","0.4165","0.4165","0.202","0.202","0.202"
"247","0.1735","0.1735","0.1735","0.416","0.416","0.416","0.2045","0.2045","0.2045"
"248","0.1738","0.1738","0.1738","0.419","0.419","0.419","0.2075","0.2075","0.2075"
"249","0.1729","0.1729","0.1729","0.42","0.42","0.42","0.2085","0.2085","0.2085"
"250","0.0369","0.0369","0.0369","0.1705","0.1705","0.1705","0","0","0"
"251","0.06915","0.06915","0.06915","0.2225","0.2225","0.2225","0","0","0"
"252","0.09965","0.09965","0.09965","0.2775","0.2775","0.2775","0","0","0"
"253","0.1264","0.1264","0.1264","0.266","0.266","0.266","0.006","0.006","0.006"
"254","0.14745","0.14745","0.14745","0.266","0.266","0.266","0.101","0.101","0.101"
"255","0.1593","0.1593","0.1593","0.3025","0.3025","0.3025","0.133","0.133","0.133"
"256","0.16865","0.16865","0.16865","0.2895","0.2895","0.2895","0.155","0.155","0.155"
"257","0.17425","0.17425","0.17425","0.3145","0.3145","0.3145","0.1635","0.1635","0.1635"
"258","0.1775","0.1775","0.1775","0.31","0.31","0.31","0.173","0.173","0.173"
"259","0.1828","0.1828","0.1828","0.333","0.333","0.333","0.1855","0.1855","0.1855"
"260","0.18365","0.18365","0.18365","0.3205","0.3205","0.3205","0.208","0.208","0.208"
"261","0.1864","0.1864","0.1864","0.3275","0.3275","0.3275","0.2035","0.2035","0.2035"
"262","0.19","0.19","0.19","0.3255","0.3255","0.3255","0.2075","0.2075","0.2075"
"263","0.19295","0.19295","0.19295","0.337","0.337","0.337","0.2135","0.2135","0.2135"
"264","0.19325","0.19325","0.19325","0.3325","0.3325","0.3325","0.216","0.216","0.216"
"265","0.19525","0.19525","0.19525","0.3465","0.3465","0.3465","0.2215","0.2215","0.2215"
"266","0.197","0.197","0.197","0.3435","0.3435","0.3435","0.2255","0.2255","0.2255"
"267","0.19685","0.19685","0.19685","0.351","0.351","0.351","0.226","0.226","0.226"
"268","0.19585","0.19585","0.19585","0.3525","0.3525","0.3525","0.2315","0.2315","0.2315"
"269","0.19765","0.19765","0.19765","0.353","0.353","0.353","0.2275","0.2275","0.2275"
"270","0.1986","0.1986","0.1986","0.358","0.358","0.358","0.226","0.226","0.226"
"271","0.19915","0.19915","0.19915","0.362","0.362","0.362","0.2305","0.2305","0.2305"
"272","0.1993","0.1993","0.1993","0.3635","0.3635","0.3635","0.2345","0.2345","0.2345"
"273","0.19955","0.19955","0.19955","0.37","0.37","0.37","0.2395","0.2395","0.2395"
"274","0.1994","0.1994","0.1994","0.3715","0.3715","0.3715","0.24","0.24","0.24"
"275","0.03585","0.03585","0.03585","0.2535","0.2535","0.2535","0.0125","0.0125","0.0125"
"276","0.0823","0.0823","0.0823","0.3285","0.3285","0.3285","0.0465","0.0465","0.0465"
"277","0.1096","0.1096","0.1096","0.3775","0.3775","0.3775","0.058","0.058","0.058"
"278","0.1297","0.1297","0.1297","0.3825","0.3825","0.3825","0.062","0.062","0.062"
"279","0.1466","0.1466","0.1466","0.393","0.393","0.393","0.095","0.095","0.095"
"280","0.15925","0.15925","0.15925","0.3775","0.3775","0.3775","0.1125","0.1125","0.1125"
"281","0.16725","0.16725","0.16725","0.3975","0.3975","0.3975","0.1335","0.1335","0.1335"
"282","0.1731","0.1731","0.1731","0.388","0.388","0.388","0.148","0.148","0.148"
"283","0.1774","0.1774","0.1774","0.404","0.404","0.404","0.165","0.165","0.165"
"284","0.18145","0.18145","0.18145","0.3935","0.3935","0.3935","0.1835","0.1835","0.1835"
"285","0.1842","0.1842","0.1842","0.4145","0.4145","0.4145","0.1915","0.1915","0.1915"
"286","0.1851","0.1851","0.1851","0.4025","0.4025","0.4025","0.198","0.198","0.198"
"287","0.18755","0.18755","0.18755","0.4255","0.4255","0.4255","0.2045","0.2045","0.2045"
"288","0.19","0.19","0.19","0.413","0.413","0.413","0.208","0.208","0.208"
"289","0.19005","0.19005","0.19005","0.43","0.43","0.43","0.2095","0.2095","0.2095"
"290","0.1904","0.1904","0.1904","0.419","0.419","0.419","0.2135","0.2135","0.2135"
"291","0.1918","0.1918","0.1918","0.4335","0.4335","0.4335","0.2135","0.2135","0.2135"
"292","0.1916","0.1916","0.1916","0.424","0.424","0.424","0.2165","0.2165","0.2165"
"293","0.1914","0.1914","0.1914","0.44","0.44","0.44","0.22","0.22","0.22"
"294","0.1907","0.1907","0.1907","0.426","0.426","0.426","0.2185","0.2185","0.2185"
"295","0.192","0.192","0.192","0.447","0.447","0.447","0.227","0.227","0.227"
"296","0.1925","0.1925","0.1925","0.424","0.424","0.424","0.228","0.228","0.228"
"297","0.1925","0.1925","0.1925","0.4425","0.4425","0.4425","0.234","0.234","0.234"
"298","0.19295","0.19295","0.19295","0.428","0.428","0.428","0.234","0.234","0.234"
"299","0.19355","0.19355","0.19355","0.439","0.439","0.439","0.234","0.234","0.234"
"300","0.0231","0.0231","0.0231","0.2235","0.2235","0.2235","0.007","0.007","0.007"
"301","0.0628","0.0628","0.0628","0.3115","0.3115","0.3115","0.0275","0.0275","0.0275"
"302","0.0983","0.0983","0.0983","0.341","0.341","0.341","0.0355","0.0355","0.0355"
"303","0.1241","0.1241","0.1241","0.348","0.348","0.348","0.0655","0.0655","0.0655"
"304","0.1414","0.1414","0.1414","0.3575","0.3575","0.3575","0.1035","0.1035","0.1035"
"305","0.15515","0.15515","0.15515","0.364","0.364","0.364","0.11","0.11","0.11"
"306","0.16605","0.16605","0.16605","0.3615","0.3615","0.3615","0.1255","0.1255","0.1255"
"307","0.1709","0.1709","0.1709","0.3825","0.3825","0.3825","0.1425","0.1425","0.1425"
"308","0.17595","0.17595","0.17595","0.37","0.37","0.37","0.164","0.164","0.164"
"309","0.18065","0.18065","0.18065","0.3945","0.3945","0.3945","0.1735","0.1735","0.1735"
"310","0.18405","0.18405","0.18405","0.375","0.375","0.375","0.19","0.19","0.19"
"311","0.18595","0.18595","0.18595","0.399","0.399","0.399","0.195","0.195","0.195"
"312","0.1863","0.1863","0.1863","0.378","0.378","0.378","0.2015","0.2015","0.2015"
"313","0.18855","0.18855","0.18855","0.399","0.399","0.399","0.2055","0.2055","0.2055"
"314","0.18865","0.18865","0.18865","0.382","0.382","0.382","0.21","0.21","0.21"
"315","0.19065","0.19065","0.19065","0.4005","0.4005","0.4005","0.217","0.217","0.217"
"316","0.1898","0.1898","0.1898","0.383","0.383","0.383","0.2225","0.2225","0.2225"
"317","0.1888","0.1888","0.1888","0.405","0.405","0.405","0.225","0.225","0.225"
"318","0.19015","0.19015","0.19015","0.3765","0.3765","0.3765","0.226","0.226","0.226"
"319","0.1894","0.1894","0.1894","0.405","0.405","0.405","0.227","0.227","0.227"
"320","0.19035","0.19035","0.19035","0.386","0.386","0.386","0.2315","0.2315","0.2315"
"321","0.1884","0.1884","0.1884","0.4085","0.4085","0.4085","0.2375","0.2375","0.2375"
"322","0.18845","0.18845","0.18845","0.3915","0.3915","0.3915","0.2415","0.2415","0.2415"
"323","0.18935","0.18935","0.18935","0.4075","0.4075","0.4075","0.2405","0.2405","0.2405"
"324","0.1896","0.1896","0.1896","0.3965","0.3965","0.3965","0.2445","0.2445","0.2445"
"325","0.02965","0.02965","0.02965","0.1515","0.1515","0.1515","0","0","0"
"326","0.074","0.074","0.074","0.2045","0.2045","0.2045","0","0","0"
"327","0.10935","0.10935","0.10935","0.243","0.243","0.243","0.083","0.083","0.083"
"328","0.1417","0.1417","0.1417","0.2485","0.2485","0.2485","0.1","0.1","0.1"
"329","0.16145","0.16145","0.16145","0.268","0.268","0.268","0.1025","0.1025","0.1025"
"330","0.1741","0.1741","0.1741","0.2785","0.2785","0.2785","0.109","0.109","0.109"
"331","0.1844","0.1844","0.1844","0.285","0.285","0.285","0.145","0.145","0.145"
"332","0.18905","0.18905","0.18905","0.2975","0.2975","0.2975","0.1595","0.1595","0.1595"
"333","0.1942","0.1942","0.1942","0.2955","0.2955","0.2955","0.174","0.174","0.174"
"334","0.19705","0.19705","0.19705","0.302","0.302","0.302","0.2005","0.2005","0.2005"
"335","0.19875","0.19875","0.19875","0.3015","0.3015","0.3015","0.213","0.213","0.213"
"336","0.20115","0.20115","0.20115","0.304","0.304","0.304","0.2305","0.2305","0.2305"
"337","0.20185","0.20185","0.20185","0.3065","0.3065","0.3065","0.2285","0.2285","0.2285"
"338","0.202","0.202","0.202","0.313","0.313","0.313","0.242","0.242","0.242"
"339","0.2032","0.2032","0.2032","0.31","0.31","0.31","0.2405","0.2405","0.2405"
"340","0.20295","0.20295","0.20295","0.3175","0.3175","0.3175","0.2515","0.2515","0.2515"
"341","0.20245","0.20245","0.20245","0.319","0.319","0.319","0.2555","0.2555","0.2555"
"342","0.20265","0.20265","0.20265","0.3095","0.3095","0.3095","0.258","0.258","0.258"
"343","0.2034","0.2034","0.2034","0.3155","0.3155","0.3155","0.2605","0.2605","0.2605"
"344","0.20405","0.20405","0.20405","0.318","0.318","0.318","0.2715","0.2715","0.2715"
"345","0.203","0.203","0.203","0.321","0.321","0.321","0.2555","0.2555","0.2555"
"346","0.20325","0.20325","0.20325","0.321","0.321","0.321","0.2515","0.2515","0.2515"
"347","0.20275","0.20275","0.20275","0.328","0.328","0.328","0.2635","0.2635","0.2635"
"348","0.20115","0.20115","0.20115","0.327","0.327","0.327","0.266","0.266","0.266"
"349","0.202","0.202","0.202","0.3355","0.3355","0.3355","0.273","0.273","0.273"
"350","0.03525","0.03525","0.03525","0.207","0.207","0.207","0","0","0"
"351","0.0906","0.0906","0.0906","0.2335","0.2335","0.2335","0","0","0"
"352","0.12685","0.12685","0.12685","0.3075","0.3075","0.3075","0","0","0"
"353","0.1544","0.1544","0.1544","0.284","0.284","0.284","0.0165","0.0165","0.0165"
"354","0.1721","0.1721","0.1721","0.325","0.325","0.325","0.0945","0.0945","0.0945"
"355","0.18355","0.18355","0.18355","0.3","0.3","0.3","0.132","0.132","0.132"
"356","0.19265","0.19265","0.19265","0.3305","0.3305","0.3305","0.16","0.16","0.16"
"357","0.1952","0.1952","0.1952","0.3245","0.3245","0.3245","0.1685","0.1685","0.1685"
"358","0.1981","0.1981","0.1981","0.3495","0.3495","0.3495","0.18","0.18","0.18"
"359","0.19795","0.19795","0.19795","0.3395","0.3395","0.3395","0.193","0.193","0.193"
"360","0.20035","0.20035","0.20035","0.3535","0.3535","0.3535","0.2035","0.2035","0.2035"
"361","0.1985","0.1985","0.1985","0.3445","0.3445","0.3445","0.2105","0.2105","0.2105"
"362","0.2002","0.2002","0.2002","0.365","0.365","0.365","0.215","0.215","0.215"
"363","0.20045","0.20045","0.20045","0.345","0.345","0.345","0.2195","0.2195","0.2195"
"364","0.20075","0.20075","0.20075","0.369","0.369","0.369","0.2285","0.2285","0.2285"
"365","0.19855","0.19855","0.19855","0.3535","0.3535","0.3535","0.2315","0.2315","0.2315"
"366","0.1985","0.1985","0.1985","0.3625","0.3625","0.3625","0.2305","0.2305","0.2305"
"367","0.1986","0.1986","0.1986","0.355","0.355","0.355","0.238","0.238","0.238"
"368","0.1984","0.1984","0.1984","0.3625","0.3625","0.3625","0.243","0.243","0.243"
"369","0.19665","0.19665","0.19665","0.3535","0.3535","0.3535","0.2445","0.2445","0.2445"
"370","0.19665","0.19665","0.19665","0.365","0.365","0.365","0.247","0.247","0.247"
"371","0.19675","0.19675","0.19675","0.3605","0.3605","0.3605","0.2415","0.2415","0.2415"
"372","0.19525","0.19525","0.19525","0.362","0.362","0.362","0.2505","0.2505","0.2505"
"373","0.1949","0.1949","0.1949","0.3705","0.3705","0.3705","0.25","0.25","0.25"
"374","0.19535","0.19535","0.19535","0.3695","0.3695","0.3695","0.254","0.254","0.254"
"375","0.0376","0.0376","0.0376","0.154","0.154","0.154","0.0025","0.0025","0.0025"
"376","0.10215","0.10215","0.10215","0.2755","0.2755","0.2755","0.0105","0.0105","0.0105"
"377","0.1395","0.1395","0.1395","0.32","0.32","0.32","0.0265","0.0265","0.0265"
"378","0.162","0.162","0.162","0.325","0.325","0.325","0.041","0.041","0.041"
"379","0.1778","0.1778","0.1778","0.35","0.35","0.35","0.0555","0.0555","0.0555"
"380","0.1867","0.1867","0.1867","0.3345","0.3345","0.3345","0.1","0.1","0.1"
"381","0.193","0.193","0.193","0.356","0.356","0.356","0.1295","0.1295","0.1295"
"382","0.19675","0.19675","0.19675","0.3485","0.3485","0.3485","0.1435","0.1435","0.1435"
"383","0.19875","0.19875","0.19875","0.354","0.354","0.354","0.1565","0.1565","0.1565"
"384","0.20155","0.20155","0.20155","0.343","0.343","0.343","0.1715","0.1715","0.1715"
"385","0.204","0.204","0.204","0.358","0.358","0.358","0.175","0.175","0.175"
"386","0.20365","0.20365","0.20365","0.343","0.343","0.343","0.184","0.184","0.184"
"387","0.20555","0.20555","0.20555","0.361","0.361","0.361","0.1845","0.1845","0.1845"
"388","0.20585","0.20585","0.20585","0.344","0.344","0.344","0.1865","0.1865","0.1865"
"389","0.2063","0.2063","0.2063","0.36","0.36","0.36","0.196","0.196","0.196"
"390","0.2067","0.2067","0.2067","0.3435","0.3435","0.3435","0.195","0.195","0.195"
"391","0.20705","0.20705","0.20705","0.3645","0.3645","0.3645","0.1985","0.1985","0.1985"
"392","0.20585","0.20585","0.20585","0.342","0.342","0.342","0.2005","0.2005","0.2005"
"393","0.2059","0.2059","0.2059","0.365","0.365","0.365","0.2065","0.2065","0.2065"
"394","0.2073","0.2073","0.2073","0.355","0.355","0.355","0.2025","0.2025","0.2025"
"395","0.2051","0.2051","0.2051","0.371","0.371","0.371","0.2095","0.2095","0.2095"
"396","0.2063","0.2063","0.2063","0.353","0.353","0.353","0.21","0.21","0.21"
"397","0.2043","0.2043","0.2043","0.3675","0.3675","0.3675","0.2095","0.2095","0.2095"
"398","0.2025","0.2025","0.2025","0.3545","0.3545","0.3545","0.215","0.215","0.215"
"399","0.20335","0.20335","0.20335","0.368","0.368","0.368","0.22","0.22","0.22"
"400","0.0306","0.0306","0.0306","0.3055","0.3055","0.3055","0","0","0"
"401","0.10285","0.10285","0.10285","0.357","0.357","0.357","0","0","0"
"402","0.13575","0.13575","0.13575","0.3755","0.3755","0.3755","0","0","0"
"403","0.15715","0.15715","0.15715","0.3905","0.3905","0.3905","0.023","0.023","0.023"
"404","0.1691","0.1691","0.1691","0.3875","0.3875","0.3875","0.1055","0.1055","0.1055"
"405","0.17745","0.17745","0.17745","0.399","0.399","0.399","0.133","0.133","0.133"
"406","0.1832","0.1832","0.1832","0.407","0.407","0.407","0.161","0.161","0.161"
"407","0.185","0.185","0.185","0.4135","0.4135","0.4135","0.168","0.168","0.168"
"408","0.1876","0.1876","0.1876","0.416","0.416","0.416","0.168","0.168","0.168"
"409","0.1881","0.1881","0.1881","0.425","0.425","0.425","0.176","0.176","0.176"
"410","0.19145","0.19145","0.19145","0.423","0.423","0.423","0.1855","0.1855","0.1855"
"411","0.1922","0.1922","0.1922","0.4265","0.4265","0.4265","0.1905","0.1905","0.1905"
"412","0.19205","0.19205","0.19205","0.4265","0.4265","0.4265","0.191","0.191","0.191"
"413","0.19445","0.19445","0.19445","0.426","0.426","0.426","0.197","0.197","0.197"
"414","0.19335","0.19335","0.19335","0.4285","0.4285","0.4285","0.2","0.2","0.2"
"415","0.19315","0.19315","0.19315","0.427","0.427","0.427","0.199","0.199","0.199"
"416","0.19165","0.19165","0.19165","0.433","0.433","0.433","0.201","0.201","0.201"
"417","0.19195","0.19195","0.19195","0.43","0.43","0.43","0.2055","0.2055","0.2055"
"418","0.1919","0.1919","0.1919","0.43","0.43","0.43","0.2065","0.2065","0.2065"
"419","0.19055","0.19055","0.19055","0.4295","0.4295","0.4295","0.2115","0.2115","0.2115"
"420","0.18905","0.18905","0.18905","0.4315","0.4315","0.4315","0.2135","0.2135","0.2135"
"421","0.18865","0.18865","0.18865","0.4325","0.4325","0.4325","0.219","0.219","0.219"
"422","0.1878","0.1878","0.1878","0.4295","0.4295","0.4295","0.22","0.22","0.22"
"423","0.1875","0.1875","0.1875","0.4275","0.4275","0.4275","0.2275","0.2275","0.2275"
"424","0.18665","0.18665","0.18665","0.43","0.43","0.43","0.227","0.227","0.227"
"425","0.026","0.026","0.026","0.221","0.221","0.221","0","0","0"
"426","0.087","0.087","0.087","0.251","0.251","0.251","0","0","0"
"427","0.12435","0.12435","0.12435","0.3095","0.3095","0.3095","0.0015","0.0015","0.0015"
"428","0.14645","0.14645","0.14645","0.3145","0.3145","0.3145","0.074","0.074","0.074"
"429","0.15935","0.15935","0.15935","0.321","0.321","0.321","0.1455","0.1455","0.1455"
"430","0.16745","0.16745","0.16745","0.3175","0.3175","0.3175","0.163","0.163","0.163"
"431","0.17465","0.17465","0.17465","0.3275","0.3275","0.3275","0.1825","0.1825","0.1825"
"432","0.17605","0.17605","0.17605","0.3285","0.3285","0.3285","0.1815","0.1815","0.1815"
"433","0.17965","0.17965","0.17965","0.339","0.339","0.339","0.188","0.188","0.188"
"434","0.1812","0.1812","0.1812","0.3335","0.3335","0.3335","0.1875","0.1875","0.1875"
"435","0.18065","0.18065","0.18065","0.3535","0.3535","0.3535","0.201","0.201","0.201"
"436","0.1823","0.1823","0.1823","0.3415","0.3415","0.3415","0.2115","0.2115","0.2115"
"437","0.18095","0.18095","0.18095","0.349","0.349","0.349","0.2215","0.2215","0.2215"
"438","0.18235","0.18235","0.18235","0.3385","0.3385","0.3385","0.233","0.233","0.233"
"439","0.18295","0.18295","0.18295","0.346","0.346","0.346","0.237","0.237","0.237"
"440","0.18135","0.18135","0.18135","0.341","0.341","0.341","0.2455","0.2455","0.2455"
"441","0.1822","0.1822","0.1822","0.3505","0.3505","0.3505","0.251","0.251","0.251"
"442","0.18225","0.18225","0.18225","0.351","0.351","0.351","0.254","0.254","0.254"
"443","0.1812","0.1812","0.1812","0.3585","0.3585","0.3585","0.25","0.25","0.25"
"444","0.18165","0.18165","0.18165","0.346","0.346","0.346","0.2525","0.2525","0.2525"
"445","0.1809","0.1809","0.1809","0.354","0.354","0.354","0.2645","0.2645","0.2645"
"446","0.1791","0.1791","0.1791","0.3475","0.3475","0.3475","0.2655","0.2655","0.2655"
"447","0.17765","0.17765","0.17765","0.3485","0.3485","0.3485","0.267","0.267","0.267"
"448","0.178","0.178","0.178","0.3425","0.3425","0.3425","0.2655","0.2655","0.2655"
"449","0.1767","0.1767","0.1767","0.343","0.343","0.343","0.27","0.27","0.27"
"450","0.0266","0.0266","0.0266","0.306","0.306","0.306","0","0","0"
"451","0.0991","0.0991","0.0991","0.3625","0.3625","0.3625","0","0","0"
"452","0.13505","0.13505","0.13505","0.361","0.361","0.361","0","0","0"
"453","0.15085","0.15085","0.15085","0.3915","0.3915","0.3915","0.0675","0.0675","0.0675"
"454","0.16275","0.16275","0.16275","0.3725","0.3725","0.3725","0.1295","0.1295","0.1295"
"455","0.1688","0.1688","0.1688","0.4145","0.4145","0.4145","0.146","0.146","0.146"
"456","0.17345","0.17345","0.17345","0.386","0.386","0.386","0.159","0.159","0.159"
"457","0.1768","0.1768","0.1768","0.4175","0.4175","0.4175","0.161","0.161","0.161"
"458","0.18035","0.18035","0.18035","0.389","0.389","0.389","0.1805","0.1805","0.1805"
"459","0.18225","0.18225","0.18225","0.4145","0.4145","0.4145","0.1965","0.1965","0.1965"
"460","0.18195","0.18195","0.18195","0.4025","0.4025","0.4025","0.1985","0.1985","0.1985"
"461","0.18435","0.18435","0.18435","0.4145","0.4145","0.4145","0.2065","0.2065","0.2065"
"462","0.18505","0.18505","0.18505","0.4075","0.4075","0.4075","0.216","0.216","0.216"
"463","0.1846","0.1846","0.1846","0.415","0.415","0.415","0.216","0.216","0.216"
"464","0.185","0.185","0.185","0.4035","0.4035","0.4035","0.214","0.214","0.214"
"465","0.1846","0.1846","0.1846","0.4225","0.4225","0.4225","0.219","0.219","0.219"
"466","0.18435","0.18435","0.18435","0.406","0.406","0.406","0.2295","0.2295","0.2295"
"467","0.1821","0.1821","0.1821","0.4135","0.4135","0.4135","0.2275","0.2275","0.2275"
"468","0.18335","0.18335","0.18335","0.4105","0.4105","0.4105","0.232","0.232","0.232"
"469","0.18185","0.18185","0.18185","0.4195","0.4195","0.4195","0.2365","0.2365","0.2365"
"470","0.1815","0.1815","0.1815","0.4135","0.4135","0.4135","0.232","0.232","0.232"
"471","0.18165","0.18165","0.18165","0.4075","0.4075","0.4075","0.2355","0.2355","0.2355"
"472","0.181","0.181","0.181","0.4085","0.4085","0.4085","0.24","0.24","0.24"
"473","0.1798","0.1798","0.1798","0.414","0.414","0.414","0.2375","0.2375","0.2375"
"474","0.1793","0.1793","0.1793","0.4135","0.4135","0.4135","0.2445","0.2445","0.2445"
"475","0.0278","0.0278","0.0278","0.282","0.282","0.282","0","0","0"
"476","0.10155","0.10155","0.10155","0.3185","0.3185","0.3185","0","0","0"
"477","0.1344","0.1344","0.1344","0.327","0.327","0.327","0","0","0"
"478","0.1524","0.1524","0.1524","0.3275","0.3275","0.3275","0.059","0.059","0.059"
"479","0.16775","0.16775","0.16775","0.326","0.326","0.326","0.112","0.112","0.112"
"480","0.17855","0.17855","0.17855","0.3355","0.3355","0.3355","0.1365","0.1365","0.1365"
"481","0.184","0.184","0.184","0.3315","0.3315","0.3315","0.15","0.15","0.15"
"482","0.1883","0.1883","0.1883","0.3275","0.3275","0.3275","0.17","0.17","0.17"
"483","0.19175","0.19175","0.19175","0.343","0.343","0.343","0.1835","0.1835","0.1835"
"484","0.19235","0.19235","0.19235","0.3295","0.3295","0.3295","0.206","0.206","0.206"
"485","","","","0.36","0.36","0.36","0.2065","0.2065","0.2065"
"486","","","","0.3355","0.3355","0.3355","0.2195","0.2195","0.2195"
"487","","","","0.359","0.359","0.359","0.2275","0.2275","0.2275"
"488","","","","0.3475","0.3475","0.3475","0.2285","0.2285","0.2285"
"489","","","","0.3595","0.3595","0.3595","0.2415","0.2415","0.2415"
"490","","","","0.344","0.344","0.344","0.238","0.238","0.238"
"491","","","","0.3635","0.3635","0.3635","0.2405","0.2405","0.2405"
"492","","","","0.3395","0.3395","0.3395","0.242","0.242","0.242"
"493","","","","0.3655","0.3655","0.3655","0.248","0.248","0.248"
"494","","","","0.344","0.344","0.344","0.247","0.247","0.247"
"495","","","","0.3695","0.3695","0.3695","0.246","0.246","0.246"
"496","","","","0.3495","0.3495","0.3495","0.2545","0.2545","0.2545"
"497","","","","0.3655","0.3655","0.3655","0.2575","0.2575","0.2575"
"498","","","","0.3495","0.3495","0.3495","0.2595","0.2595","0.2595"
"499","","","","0.36","0.36","0.36","0.2595","0.2595","0.2595"
"500","","","","0.2385","0.2385","0.2385","0.0125","0.0125","0.0125"
"501","","","","0.2605","0.2605","0.2605","0.02","0.02","0.02"
"502","","","","0.3045","0.3045","0.3045","0.0585","0.0585","0.0585"
"503","","","","0.298","0.298","0.298","0.099","0.099","0.099"
"504","","","","0.316","0.316","0.316","0.131","0.131","0.131"
"505","","","","0.3155","0.3155","0.3155","0.1575","0.1575","0.1575"
"506","","","","0.3245","0.3245","0.3245","0.174","0.174","0.174"
"507","","","","0.3175","0.3175","0.3175","0.1855","0.1855","0.1855"
"508","","","","0.333","0.333","0.333","0.2055","0.2055","0.2055"
"509","","","","0.327","0.327","0.327","0.218","0.218","0.218"
"510","","","","0.3395","0.3395","0.3395","0.2205","0.2205","0.2205"
"511","","","","0.334","0.334","0.334","0.228","0.228","0.228"
"512","","","","0.343","0.343","0.343","0.2325","0.2325","0.2325"
"513","","","","0.327","0.327","0.327","0.2415","0.2415","0.2415"
"514","","","","0.345","0.345","0.345","0.241","0.241","0.241"
"515","","","","0.3335","0.3335","0.3335","0.237","0.237","0.237"
"516","","","","0.348","0.348","0.348","0.247","0.247","0.247"
"517","","","","0.3395","0.3395","0.3395","0.2505","0.2505","0.2505"
"518","","","","0.355","0.355","0.355","0.248","0.248","0.248"
"519","","","","0.3425","0.3425","0.3425","0.2545","0.2545","0.2545"
"520","","","","0.366","0.366","0.366","0.253","0.253","0.253"
"521","","","","0.3475","0.3475","0.3475","0.2595","0.2595","0.2595"
"522","","","","0.356","0.356","0.356","0.261","0.261","0.261"
"523","","","","0.351","0.351","0.351","0.2645","0.2645","0.2645"
"524","","","","0.3585","0.3585","0.3585","0.2665","0.2665","0.2665"
"525","","","","0.2925","0.2925","0.2925","0.0415","0.0415","0.0415"
"526","","","","0.3345","0.3345","0.3345","0.0625","0.0625","0.0625"
"527","","","","0.3485","0.3485","0.3485","0.0875","0.0875","0.0875"
"528","","","","0.3545","0.3545","0.3545","0.123","0.123","0.123"
"529","","","","0.354","0.354","0.354","0.16","0.16","0.16"
"530","","","","0.369","0.369","0.369","0.172","0.172","0.172"
"531","","","","0.362","0.362","0.362","0.194","0.194","0.194"
"532","","","","0.3645","0.3645","0.3645","0.2055","0.2055","0.2055"
"533","","","","0.363","0.363","0.363","0.206","0.206","0.206"
"534","","","","0.367","0.367","0.367","0.2135","0.2135","0.2135"
"535","","","","0.362","0.362","0.362","0.2195","0.2195","0.2195"
"536","","","","0.369","0.369","0.369","0.2225","0.2225","0.2225"
"537","","","","0.375","0.375","0.375","0.235","0.235","0.235"
"538","","","","0.3685","0.3685","0.3685","0.237","0.237","0.237"
"539","","","","0.374","0.374","0.374","0.239","0.239","0.239"
"540","","","","0.369","0.369","0.369","0.242","0.242","0.242"
"541","","","","0.375","0.375","0.375","0.244","0.244","0.244"
"542","","","","0.3715","0.3715","0.3715","0.247","0.247","0.247"
"543","","","","0.3745","0.3745","0.3745","0.2515","0.2515","0.2515"
"544","","","","0.3715","0.3715","0.3715","0.25","0.25","0.25"
"545","","","","0.3745","0.3745","0.3745","0.254","0.254","0.254"
"546","","","","0.372","0.372","0.372","0.253","0.253","0.253"
"547","","","","0.371","0.371","0.371","0.26","0.26","0.26"
"548","","","","0.375","0.375","0.375","0.261","0.261","0.261"
"549","","","","0.377","0.377","0.377","0.263","0.263","0.263"
"550","","","","0.2765","0.2765","0.2765","0.019","0.019","0.019"
"551","","","","0.3095","0.3095","0.3095","0.0365","0.0365","0.0365"
"552","","","","0.337","0.337","0.337","0.0435","0.0435","0.0435"
"553","","","","0.333","0.333","0.333","0.0615","0.0615","0.0615"
"554","","","","0.348","0.348","0.348","0.088","0.088","0.088"
"555","","","","0.343","0.343","0.343","0.1275","0.1275","0.1275"
"556","","","","0.3495","0.3495","0.3495","0.1615","0.1615","0.1615"
"557","","","","0.347","0.347","0.347","0.1765","0.1765","0.1765"
"558","","","","0.3505","0.3505","0.3505","0.184","0.184","0.184"
"559","","","","0.3475","0.3475","0.3475","0.1995","0.1995","0.1995"
"560","","","","0.3535","0.3535","0.3535","0.209","0.209","0.209"
"561","","","","0.3505","0.3505","0.3505","0.2145","0.2145","0.2145"
"562","","","","0.3575","0.3575","0.3575","0.215","0.215","0.215"
"563","","","","0.354","0.354","0.354","","",""
"564","","","","0.361","0.361","0.361","","",""
"565","","","","0.358","0.358","0.358","","",""
"566","","","","0.3635","0.3635","0.3635","","",""
"567","","","","0.361","0.361","0.361","","",""
"568","","","","0.362","0.362","0.362","","",""
"569","","","","0.358","0.358","0.358","","",""
"570","","","","0.355","0.355","0.355","","",""
"571","","","","0.353","0.353","0.353","","",""
"572","","","","0.355","0.355","0.355","","",""
"573","","","","0.357","0.357","0.357","","",""
"574","","","","0.358","0.358","0.358","","",""
"575","","","","0.256","0.256","0.256","","",""
"576","","","","0.2735","0.2735","0.2735","","",""
"577","","","","0.288","0.288","0.288","","",""
"578","","","","0.301","0.301","0.301","","",""
"579","","","","0.2955","0.2955","0.2955","","",""
"580","","","","0.3105","0.3105","0.3105","","",""
"581","","","","0.308","0.308","0.308","","",""
"582","","","","0.3085","0.3085","0.3085","","",""
"583","","","","0.309","0.309","0.309","","",""
"584","","","","0.3125","0.3125","0.3125","","",""
"585","","","","0.3145","0.3145","0.3145","","",""
"586","","","","0.316","0.316","0.316","","",""
"587","","","","0.3195","0.3195","0.3195","","",""
"588","","","","0.3205","0.3205","0.3205","","",""
"589","","","","0.318","0.318","0.318","","",""
"590","","","","0.3185","0.3185","0.3185","","",""
"591","","","","0.319","0.319","0.319","","",""
"592","","","","0.322","0.322","0.322","","",""
"593","","","","0.316","0.316","0.316","","",""
"594","","","","0.3165","0.3165","0.3165","","",""
"595","","","","0.32","0.32","0.32","","",""
"596","","","","0.3155","0.3155","0.3155","","",""
"597","","","","0.3205","0.3205","0.3205","","",""
"598","","","","0.321","0.321","0.321","","",""
"599","","","","0.3205","0.3205","0.3205","","",""
"600","","","","0.26","0.26","0.26","","",""
"601","","","","0.2985","0.2985","0.2985","","",""
"602","","","","0.303","0.303","0.303","","",""
"603","","","","0.3055","0.3055","0.3055","","",""
"604","","","","0.313","0.313","0.313","","",""
"605","","","","0.312","0.312","0.312","","",""
"606","","","","0.3135","0.3135","0.3135","","",""
"607","","","","0.319","0.319","0.319","","",""
"608","","","","0.3175","0.3175","0.3175","","",""
"609","","","","0.323","0.323","0.323","","",""
"610","","","","0.3175","0.3175","0.3175","","",""
"611","","","","0.3235","0.3235","0.3235","","",""
"612","","","","0.3215","0.3215","0.3215","","",""
"613","","","","0.327","0.327","0.327","","",""
"614","","","","0.321","0.321","0.321","","",""
"615","","","","0.322","0.322","0.322","","",""
"616","","","","0.319","0.319","0.319","","",""
"617","","","","0.33","0.33","0.33","","",""
"618","","","","0.321","0.321","0.321","","",""
"619","","","","0.334","0.334","0.334","","",""
"620","","","","0.316","0.316","0.316","","",""
"621","","","","0.329","0.329","0.329","","",""
"622","","","","0.317","0.317","0.317","","",""
"623","","","","0.3285","0.3285","0.3285","","",""
"624","","","","0.3195","0.3195","0.3195","","",""
"625","","","","0.272","0.272","0.272","","",""
"626","","","","0.298","0.298","0.298","","",""
"627","","","","0.33","0.33","0.33","","",""
"628","","","","0.3165","0.3165","0.3165","","",""
"629","","","","0.345","0.345","0.345","","",""
"630","","","","0.3335","0.3335","0.3335","","",""
"631","","","","0.349","0.349","0.349","","",""
"632","","","","0.3395","0.3395","0.3395","","",""
"633","","","","0.3485","0.3485","0.3485","","",""
"634","","","","0.344","0.344","0.344","","",""
"635","","","","0.35","0.35","0.35","","",""
"636","","","","0.3435","0.3435","0.3435","","",""
"637","","","","0.357","0.357","0.357","","",""
"638","","","","0.347","0.347","0.347","","",""
"639","","","","0.356","0.356","0.356","","",""
"640","","","","0.35","0.35","0.35","","",""
"641","","","","0.357","0.357","0.357","","",""
"642","","","","0.3515","0.3515","0.3515","","",""
"643","","","","0.3575","0.3575","0.3575","","",""
"644","","","","0.355","0.355","0.355","","",""
"645","","","","0.3545","0.3545","0.3545","","",""
"646","","","","0.346","0.346","0.346","","",""
"647","","","","0.3545","0.3545","0.3545","","",""
"648","","","","0.359","0.359","0.359","","",""
"649","","","","0.355","0.355","0.355","","",""
"650","","","","0.2655","0.2655","0.2655","","",""
"651","","","","0.291","0.291","0.291","","",""
"652","","","","0.2965","0.2965","0.2965","","",""
"653","","","","0.3","0.3","0.3","","",""
"654","","","","0.29","0.29","0.29","","",""
"655","","","","0.3095","0.3095","0.3095","","",""
"656","","","","0.301","0.301","0.301","","",""
"657","","","","0.3065","0.3065","0.3065","","",""
"658","","","","0.2975","0.2975","0.2975","","",""
"659","","","","0.3125","0.3125","0.3125","","",""
"660","","","","0.2975","0.2975","0.2975","","",""
"661","","","","0.3095","0.3095","0.3095","","",""
"662","","","","0.303","0.303","0.303","","",""
"663","","","","0.3185","0.3185","0.3185","","",""
"664","","","","0.3035","0.3035","0.3035","","",""
"665","","","","0.313","0.313","0.313","","",""
"666","","","","0.305","0.305","0.305","","",""
"667","","","","0.3135","0.3135","0.3135","","",""
"668","","","","0.3115","0.3115","0.3115","","",""
"669","","","","0.314","0.314","0.314","","",""
"670","","","","0.308","0.308","0.308","","",""
"671","","","","0.32","0.32","0.32","","",""
"672","","","","0.314","0.314","0.314","","",""
"673","","","","0.3215","0.3215","0.3215","","",""
"674","","","","0.3145","0.3145","0.3145","","",""
"675","","","","0.2565","0.2565","0.2565","","",""
"676","","","","0.3045","0.3045","0.3045","","",""
"677","","","","0.307","0.307","0.307","","",""
"678","","","","0.32","0.32","0.32","","",""
"679","","","","0.322","0.322","0.322","","",""
"680","","","","0.33","0.33","0.33","","",""
"681","","","","0.328","0.328","0.328","","",""
"682","","","","0.326","0.326","0.326","","",""
"683","","","","0.3275","0.3275","0.3275","","",""
"684","","","","0.327","0.327","0.327","","",""
"685","","","","0.334","0.334","0.334","","",""
"686","","","","0.331","0.331","0.331","","",""
"687","","","","0.334","0.334","0.334","","",""
"688","","","","0.3335","0.3335","0.3335","","",""
"689","","","","0.3375","0.3375","0.3375","","",""
"690","","","","0.335","0.335","0.335","","",""
"691","","","","0.3405","0.3405","0.3405","","",""
"692","","","","0.334","0.334","0.334","","",""
"693","","","","0.3415","0.3415","0.3415","","",""
"694","","","","0.3355","0.3355","0.3355","","",""
"695","","","","0.337","0.337","0.337","","",""
"696","","","","0.333","0.333","0.333","","",""
"697","","","","0.3375","0.3375","0.3375","","",""
"698","","","","0.3355","0.3355","0.3355","","",""
"699","","","","0.338","0.338","0.338","","",""
"700","","","","0.2835","0.2835","0.2835","","",""
"701","","","","0.3265","0.3265","0.3265","","",""
"702","","","","0.333","0.333","0.333","","",""
"703","","","","0.333","0.333","0.333","","",""
"704","","","","0.3395","0.3395","0.3395","","",""
"705","","","","0.338","0.338","0.338","","",""
"706","","","","0.35","0.35","0.35","","",""
"707","","","","0.351","0.351","0.351","","",""
"708","","","","0.3455","0.3455","0.3455","","",""
"709","","","","0.3495","0.3495","0.3495","","",""
"710","","","","0.3545","0.3545","0.3545","","",""
"711","","","","0.351","0.351","0.351","","",""
"712","","","","0.353","0.353","0.353","","",""
"713","","","","0.3535","0.3535","0.3535","","",""
"714","","","","0.3555","0.3555","0.3555","","",""
"715","","","","0.357","0.357","0.357","","",""
"716","","","","0.357","0.357","0.357","","",""
"717","","","","0.35","0.35","0.35","","",""
"718","","","","0.36","0.36","0.36","","",""
"719","","","","0.3555","0.3555","0.3555","","",""
"720","","","","0.358","0.358","0.358","","",""
"721","","","","0.357","0.357","0.357","","",""
"722","","","","0.357","0.357","0.357","","",""
"723","","","","0.3545","0.3545","0.3545","","",""
"724","","","","0.356","0.356","0.356","","",""
"725","","","","0.287","0.287","0.287","","",""
"726","","","","0.352","0.352","0.352","","",""
"727","","","","0.3685","0.3685","0.3685","","",""
"728","","","","0.3795","0.3795","0.3795","","",""
"729","","","","0","0","0","","",""