"Step","CIFAR100_CNN_FedDBE_sgd_lr0.005_st - Global/Averaged Test Accuracy","CIFAR100_CNN_FedDBE_sgd_lr0.005_st - Global/Averaged Test Accuracy__MIN","CIFAR100_CNN_FedDBE_sgd_lr0.005_st - Global/Averaged Test Accuracy__MAX","IMAGENET1k_CNN_FedDBE_sgd_lr0.005_20classes_st - Global/Averaged Test Accuracy","IMAGENET1k_CNN_FedDBE_sgd_lr0.005_20classes_st - Global/Averaged Test Accuracy__MIN","IMAGENET1k_CNN_FedDBE_sgd_lr0.005_20classes_st - Global/Averaged Test Accuracy__MAX","IMAGENET1k_CNN_FedALA_sgd_lr0.005_20classes_st - Global/Averaged Test Accuracy","IMAGENET1k_CNN_FedALA_sgd_lr0.005_20classes_st - Global/Averaged Test Accuracy__MIN","IMAGENET1k_CNN_FedALA_sgd_lr0.005_20classes_st - Global/Averaged Test Accuracy__MAX"
"0","0.0375","0.0375","0.0375","0.00015","0.00015","0.00015","0.00015","0.00015","0.00015"
"1","0.1015","0.1015","0.1015","0.015","0.015","0.015","0.0515","0.0515","0.0515"
"2","0.102","0.102","0.102","0.015","0.015","0.015","0.0572","0.0572","0.0572"
"3","0.112","0.112","0.112","0.01575","0.01575","0.01575","0.0746","0.0746","0.0746"
"4","0.173","0.173","0.173","0.0272","0.0272","0.0272","0.0908","0.0908","0.0908"
"5","0.183","0.183","0.183","0.03715","0.03715","0.03715","0.12025","0.12025","0.12025"
"6","0.2055","0.2055","0.2055","0.0376","0.0376","0.0376","0.1333","0.1333","0.1333"
"7","0.1605","0.1605","0.1605","0.03935","0.03935","0.03935","0.14935","0.14935","0.14935"
"8","0.168","0.168","0.168","0.04355","0.04355","0.04355","0.1617","0.1617","0.1617"
"9","0.1335","0.1335","0.1335","0.04595","0.04595","0.04595","0.16835","0.16835","0.16835"
"10","0.199","0.199","0.199","0.0481","0.0481","0.0481","0.17555","0.17555","0.17555"
"11","0.1715","0.1715","0.1715","0.0508","0.0508","0.0508","0.18545","0.18545","0.18545"
"12","0.2245","0.2245","0.2245","0.05225","0.05225","0.05225","0.1944","0.1944","0.1944"
"13","0.2","0.2","0.2","0.0546","0.0546","0.0546","0.19935","0.19935","0.19935"
"14","0.218","0.218","0.218","0.05735","0.05735","0.05735","0.204","0.204","0.204"
"15","0.248","0.248","0.248","0.0583","0.0583","0.0583","0.2135","0.2135","0.2135"
"16","0.2585","0.2585","0.2585","0.06155","0.06155","0.06155","0.2284","0.2284","0.2284"
"17","0.2575","0.2575","0.2575","0.065","0.065","0.065","0.2363","0.2363","0.2363"
"18","0.23","0.23","0.23","0.06835","0.06835","0.06835","0.24765","0.24765","0.24765"
"19","0.264","0.264","0.264","0.0704","0.0704","0.0704","0.25435","0.25435","0.25435"
"20","0.27","0.27","0.27","0.07535","0.07535","0.07535","0.2623","0.2623","0.2623"
"21","0.275","0.275","0.275","0.0792","0.0792","0.0792","0.2638","0.2638","0.2638"
"22","0.27","0.27","0.27","0.0853","0.0853","0.0853","0.26845","0.26845","0.26845"
"23","0.282","0.282","0.282","0.08855","0.08855","0.08855","0.27095","0.27095","0.27095"
"24","0.2775","0.2775","0.2775","0.0918","0.0918","0.0918","0.2742","0.2742","0.2742"
"25","0.031","0.031","0.031","0.00895","0.00895","0.00895","0.00065","0.00065","0.00065"
"26","0.074","0.074","0.074","0.02345","0.02345","0.02345","0.0174","0.0174","0.0174"
"27","0.0845","0.0845","0.0845","0.0325","0.0325","0.0325","0.0261","0.0261","0.0261"
"28","0.138","0.138","0.138","0.0425","0.0425","0.0425","0.0373","0.0373","0.0373"
"29","0.1295","0.1295","0.1295","0.04795","0.04795","0.04795","0.0441","0.0441","0.0441"
"30","0.1275","0.1275","0.1275","0.0524","0.0524","0.0524","0.04925","0.04925","0.04925"
"31","0.1345","0.1345","0.1345","0.0569","0.0569","0.0569","0.05365","0.05365","0.05365"
"32","0.148","0.148","0.148","0.06055","0.06055","0.06055","0.05875","0.05875","0.05875"
"33","0.1535","0.1535","0.1535","0.06585","0.06585","0.06585","0.0603","0.0603","0.0603"
"34","0.156","0.156","0.156","0.06985","0.06985","0.06985","0.0661","0.0661","0.0661"
"35","0.1625","0.1625","0.1625","0.0748","0.0748","0.0748","0.06975","0.06975","0.06975"
"36","0.163","0.163","0.163","0.078","0.078","0.078","0.0737","0.0737","0.0737"
"37","0.166","0.166","0.166","0.08145","0.08145","0.08145","0.0771","0.0771","0.0771"
"38","0.1685","0.1685","0.1685","0.08375","0.08375","0.08375","0.0817","0.0817","0.0817"
"39","0.171","0.171","0.171","0.08665","0.08665","0.08665","0.08445","0.08445","0.08445"
"40","0.1795","0.1795","0.1795","0.0891","0.0891","0.0891","0.0886","0.0886","0.0886"
"41","0.1765","0.1765","0.1765","0.0929","0.0929","0.0929","0.09","0.09","0.09"
"42","0.1755","0.1755","0.1755","0.0958","0.0958","0.0958","0.0926","0.0926","0.0926"
"43","0.1805","0.1805","0.1805","0.0989","0.0989","0.0989","0.09505","0.09505","0.09505"
"44","0.1905","0.1905","0.1905","0.1014","0.1014","0.1014","0.0963","0.0963","0.0963"
"45","0.1875","0.1875","0.1875","0.10245","0.10245","0.10245","0.09955","0.09955","0.09955"
"46","0.195","0.195","0.195","0.1053","0.1053","0.1053","0.1001","0.1001","0.1001"
"47","0.202","0.202","0.202","0.10695","0.10695","0.10695","0.1013","0.1013","0.1013"
"48","0.204","0.204","0.204","0.10965","0.10965","0.10965","0.1047","0.1047","0.1047"
"49","0.192","0.192","0.192","0.11105","0.11105","0.11105","0.1045","0.1045","0.1045"
"50","0.007","0.007","0.007","0.01725","0.01725","0.01725","0.0174","0.0174","0.0174"
"51","0.0485","0.0485","0.0485","0.03055","0.03055","0.03055","0.03185","0.03185","0.03185"
"52","0.159","0.159","0.159","0.04695","0.04695","0.04695","0.04495","0.04495","0.04495"
"53","0.16","0.16","0.16","0.06325","0.06325","0.06325","0.0628","0.0628","0.0628"
"54","0.163","0.163","0.163","0.0693","0.0693","0.0693","0.0684","0.0684","0.0684"
"55","0.166","0.166","0.166","0.0731","0.0731","0.0731","0.07365","0.07365","0.07365"
"56","0.1655","0.1655","0.1655","0.07635","0.07635","0.07635","0.07665","0.07665","0.07665"
"57","0.1675","0.1675","0.1675","0.0788","0.0788","0.0788","0.08135","0.08135","0.08135"
"58","0.1725","0.1725","0.1725","0.08165","0.08165","0.08165","0.0849","0.0849","0.0849"
"59","0.1735","0.1735","0.1735","0.08345","0.08345","0.08345","0.0901","0.0901","0.0901"
"60","0.17","0.17","0.17","0.08605","0.08605","0.08605","0.091","0.091","0.091"
"61","0.1725","0.1725","0.1725","0.0899","0.0899","0.0899","0.09385","0.09385","0.09385"
"62","0.1745","0.1745","0.1745","0.0922","0.0922","0.0922","0.09585","0.09585","0.09585"
"63","0.177","0.177","0.177","0.09555","0.09555","0.09555","0.0988","0.0988","0.0988"
"64","0.1845","0.1845","0.1845","0.0968","0.0968","0.0968","0.10175","0.10175","0.10175"
"65","0.1855","0.1855","0.1855","0.1011","0.1011","0.1011","0.10305","0.10305","0.10305"
"66","0.1875","0.1875","0.1875","0.1028","0.1028","0.1028","0.10735","0.10735","0.10735"
"67","0.195","0.195","0.195","0.1049","0.1049","0.1049","0.10775","0.10775","0.10775"
"68","0.194","0.194","0.194","0.1062","0.1062","0.1062","0.10925","0.10925","0.10925"
"69","0.2025","0.2025","0.2025","0.10755","0.10755","0.10755","0.11105","0.11105","0.11105"
"70","0.2","0.2","0.2","0.11055","0.11055","0.11055","0.11385","0.11385","0.11385"
"71","0.2","0.2","0.2","0.11285","0.11285","0.11285","0.11675","0.11675","0.11675"
"72","0.2055","0.2055","0.2055","0.1129","0.1129","0.1129","0.1165","0.1165","0.1165"
"73","0.205","0.205","0.205","0.11725","0.11725","0.11725","0.1196","0.1196","0.1196"
"74","0.217","0.217","0.217","0.1155","0.1155","0.1155","0.1212","0.1212","0.1212"
"75","0.003","0.003","0.003","0.0137","0.0137","0.0137","0.0147","0.0147","0.0147"
"76","0.072","0.072","0.072","0.0421","0.0421","0.0421","0.04495","0.04495","0.04495"
"77","0.142","0.142","0.142","0.05835","0.05835","0.05835","0.0597","0.0597","0.0597"
"78","0.144","0.144","0.144","0.0753","0.0753","0.0753","0.072","0.072","0.072"
"79","0.146","0.146","0.146","0.08495","0.08495","0.08495","0.08605","0.08605","0.08605"
"80","0.146","0.146","0.146","0.0908","0.0908","0.0908","0.0915","0.0915","0.0915"
"81","0.1465","0.1465","0.1465","0.09745","0.09745","0.09745","0.0985","0.0985","0.0985"
"82","0.145","0.145","0.145","0.10265","0.10265","0.10265","0.10305","0.10305","0.10305"
"83","0.1535","0.1535","0.1535","0.10605","0.10605","0.10605","0.108","0.108","0.108"
"84","0.1465","0.1465","0.1465","0.1117","0.1117","0.1117","0.11345","0.11345","0.11345"
"85","0.157","0.157","0.157","0.11595","0.11595","0.11595","0.11645","0.11645","0.11645"
"86","0.161","0.161","0.161","0.1215","0.1215","0.1215","0.1201","0.1201","0.1201"
"87","0.1665","0.1665","0.1665","0.12445","0.12445","0.12445","0.12415","0.12415","0.12415"
"88","0.166","0.166","0.166","0.12955","0.12955","0.12955","0.12915","0.12915","0.12915"
"89","0.17","0.17","0.17","0.13325","0.13325","0.13325","0.13315","0.13315","0.13315"
"90","0.177","0.177","0.177","0.1368","0.1368","0.1368","0.13525","0.13525","0.13525"
"91","0.1795","0.1795","0.1795","0.1369","0.1369","0.1369","0.13735","0.13735","0.13735"
"92","0.193","0.193","0.193","0.13985","0.13985","0.13985","0.1391","0.1391","0.1391"
"93","0.186","0.186","0.186","0.1417","0.1417","0.1417","0.1417","0.1417","0.1417"
"94","0.1965","0.1965","0.1965","0.14475","0.14475","0.14475","0.1438","0.1438","0.1438"
"95","0.196","0.196","0.196","0.1485","0.1485","0.1485","0.14685","0.14685","0.14685"
"96","0.2005","0.2005","0.2005","0.1498","0.1498","0.1498","0.1481","0.1481","0.1481"
"97","0.204","0.204","0.204","0.1513","0.1513","0.1513","0.1494","0.1494","0.1494"
"98","0.2045","0.2045","0.2045","0.1529","0.1529","0.1529","0.14925","0.14925","0.14925"
"99","0.208","0.208","0.208","0.1539","0.1539","0.1539","0.1524","0.1524","0.1524"
"100","0","0","0","0.0193","0.0193","0.0193","0.0186","0.0186","0.0186"
"101","0.048","0.048","0.048","0.04695","0.04695","0.04695","0.04815","0.04815","0.04815"
"102","0.156","0.156","0.156","0.07215","0.07215","0.07215","0.06855","0.06855","0.06855"
"103","0.162","0.162","0.162","0.0885","0.0885","0.0885","0.0829","0.0829","0.0829"
"104","0.1685","0.1685","0.1685","0.09785","0.09785","0.09785","0.09735","0.09735","0.09735"
"105","0.1685","0.1685","0.1685","0.1071","0.1071","0.1071","0.1071","0.1071","0.1071"
"106","0.184","0.184","0.184","0.11445","0.11445","0.11445","0.115","0.115","0.115"
"107","0.1825","0.1825","0.1825","0.1214","0.1214","0.1214","0.1208","0.1208","0.1208"
"108","0.195","0.195","0.195","0.12695","0.12695","0.12695","0.1245","0.1245","0.1245"
"109","0.194","0.194","0.194","0.13035","0.13035","0.13035","0.1298","0.1298","0.1298"
"110","0.1995","0.1995","0.1995","0.1357","0.1357","0.1357","0.13525","0.13525","0.13525"
"111","0.204","0.204","0.204","0.13845","0.13845","0.13845","0.14105","0.14105","0.14105"
"112","0.194","0.194","0.194","0.1404","0.1404","0.1404","0.1457","0.1457","0.1457"
"113","0.205","0.205","0.205","0.1448","0.1448","0.1448","0.14985","0.14985","0.14985"
"114","0.2075","0.2075","0.2075","0.1477","0.1477","0.1477","0.1535","0.1535","0.1535"
"115","0.2125","0.2125","0.2125","0.15235","0.15235","0.15235","0.15565","0.15565","0.15565"
"116","0.211","0.211","0.211","0.15385","0.15385","0.15385","0.1573","0.1573","0.1573"
"117","0.213","0.213","0.213","0.15605","0.15605","0.15605","0.1579","0.1579","0.1579"
"118","0.2145","0.2145","0.2145","0.1588","0.1588","0.1588","0.16185","0.16185","0.16185"
"119","0.2125","0.2125","0.2125","0.1591","0.1591","0.1591","0.1631","0.1631","0.1631"
"120","0.219","0.219","0.219","0.1613","0.1613","0.1613","0.1658","0.1658","0.1658"
"121","0.214","0.214","0.214","0.1647","0.1647","0.1647","0.1653","0.1653","0.1653"
"122","0.21","0.21","0.21","0.16545","0.16545","0.16545","0.16885","0.16885","0.16885"
"123","0.217","0.217","0.217","0.16655","0.16655","0.16655","0.169","0.169","0.169"
"124","0.213","0.213","0.213","0.1694","0.1694","0.1694","0.1699","0.1699","0.1699"
"125","0.0175","0.0175","0.0175","0.0285","0.0285","0.0285","0.0286","0.0286","0.0286"
"126","0.065","0.065","0.065","0.0445","0.0445","0.0445","0.05355","0.05355","0.05355"
"127","0.126","0.126","0.126","0.06495","0.06495","0.06495","0.0713","0.0713","0.0713"
"128","0.1475","0.1475","0.1475","0.0806","0.0806","0.0806","0.088","0.088","0.088"
"129","0.155","0.155","0.155","0.09675","0.09675","0.09675","0.1018","0.1018","0.1018"
"130","0.1695","0.1695","0.1695","0.10655","0.10655","0.10655","0.1088","0.1088","0.1088"
"131","0.18","0.18","0.18","0.11295","0.11295","0.11295","0.1156","0.1156","0.1156"
"132","0.1855","0.1855","0.1855","0.1173","0.1173","0.1173","0.1197","0.1197","0.1197"
"133","0.198","0.198","0.198","0.12255","0.12255","0.12255","0.1253","0.1253","0.1253"
"134","0.202","0.202","0.202","0.1258","0.1258","0.1258","0.1305","0.1305","0.1305"
"135","0.2105","0.2105","0.2105","0.12755","0.12755","0.12755","0.13335","0.13335","0.13335"
"136","0.2145","0.2145","0.2145","0.1327","0.1327","0.1327","0.1386","0.1386","0.1386"
"137","0.218","0.218","0.218","0.13635","0.13635","0.13635","0.14035","0.14035","0.14035"
"138","0.223","0.223","0.223","0.1378","0.1378","0.1378","0.14335","0.14335","0.14335"
"139","0.2305","0.2305","0.2305","0.1401","0.1401","0.1401","0.1467","0.1467","0.1467"
"140","0.234","0.234","0.234","0.14255","0.14255","0.14255","0.1496","0.1496","0.1496"
"141","0.2375","0.2375","0.2375","0.1445","0.1445","0.1445","0.1499","0.1499","0.1499"
"142","0.238","0.238","0.238","0.1458","0.1458","0.1458","0.15395","0.15395","0.15395"
"143","0.243","0.243","0.243","0.1485","0.1485","0.1485","0.15485","0.15485","0.15485"
"144","0.247","0.247","0.247","0.15085","0.15085","0.15085","0.15675","0.15675","0.15675"
"145","0.2445","0.2445","0.2445","0.1522","0.1522","0.1522","0.1578","0.1578","0.1578"
"146","0.245","0.245","0.245","0.15325","0.15325","0.15325","0.159","0.159","0.159"
"147","0.2515","0.2515","0.2515","0.1539","0.1539","0.1539","0.1603","0.1603","0.1603"
"148","0.258","0.258","0.258","0.1559","0.1559","0.1559","0.1617","0.1617","0.1617"
"149","0.262","0.262","0.262","0.15555","0.15555","0.15555","0.16135","0.16135","0.16135"
"150","0.039","0.039","0.039","0.0297","0.0297","0.0297","0.03245","0.03245","0.03245"
"151","0.088","0.088","0.088","0.05355","0.05355","0.05355","0.0588","0.0588","0.0588"
"152","0.1115","0.1115","0.1115","0.07025","0.07025","0.07025","0.07625","0.07625","0.07625"
"153","0.1285","0.1285","0.1285","0.0848","0.0848","0.0848","0.0907","0.0907","0.0907"
"154","0.139","0.139","0.139","0.09515","0.09515","0.09515","0.10055","0.10055","0.10055"
"155","0.1535","0.1535","0.1535","0.10235","0.10235","0.10235","0.10735","0.10735","0.10735"
"156","0.1645","0.1645","0.1645","0.1092","0.1092","0.1092","0.11315","0.11315","0.11315"
"157","0.1885","0.1885","0.1885","0.11405","0.11405","0.11405","0.1176","0.1176","0.1176"
"158","0.197","0.197","0.197","0.1186","0.1186","0.1186","0.1217","0.1217","0.1217"
"159","0.207","0.207","0.207","0.12175","0.12175","0.12175","0.12645","0.12645","0.12645"
"160","0.209","0.209","0.209","0.1257","0.1257","0.1257","0.1296","0.1296","0.1296"
"161","0.2095","0.2095","0.2095","0.12905","0.12905","0.12905","0.1323","0.1323","0.1323"
"162","0.2105","0.2105","0.2105","0.13165","0.13165","0.13165","0.13625","0.13625","0.13625"
"163","0.21","0.21","0.21","0.13465","0.13465","0.13465","0.139","0.139","0.139"
"164","0.2125","0.2125","0.2125","0.1361","0.1361","0.1361","0.1402","0.1402","0.1402"
"165","0.207","0.207","0.207","0.13855","0.13855","0.13855","0.14055","0.14055","0.14055"
"166","0.212","0.212","0.212","0.14165","0.14165","0.14165","0.1433","0.1433","0.1433"
"167","0.215","0.215","0.215","0.14205","0.14205","0.14205","0.1466","0.1466","0.1466"
"168","0.22","0.22","0.22","0.14365","0.14365","0.14365","0.1474","0.1474","0.1474"
"169","0.2255","0.2255","0.2255","0.14585","0.14585","0.14585","0.1483","0.1483","0.1483"
"170","0.219","0.219","0.219","0.14675","0.14675","0.14675","0.1493","0.1493","0.1493"
"171","0.2275","0.2275","0.2275","0.147","0.147","0.147","0.15025","0.15025","0.15025"
"172","0.2375","0.2375","0.2375","0.14815","0.14815","0.14815","0.1507","0.1507","0.1507"
"173","0.2435","0.2435","0.2435","0.1493","0.1493","0.1493","0.1517","0.1517","0.1517"
"174","0.2475","0.2475","0.2475","0.1505","0.1505","0.1505","0.15195","0.15195","0.15195"
"175","0.009","0.009","0.009","0.02135","0.02135","0.02135","0.0222","0.0222","0.0222"
"176","0.1015","0.1015","0.1015","0.04415","0.04415","0.04415","0.04715","0.04715","0.04715"
"177","0.1565","0.1565","0.1565","0.07285","0.07285","0.07285","0.0742","0.0742","0.0742"
"178","0.174","0.174","0.174","0.09355","0.09355","0.09355","0.0965","0.0965","0.0965"
"179","0.2135","0.2135","0.2135","0.104","0.104","0.104","0.1107","0.1107","0.1107"
"180","0.2245","0.2245","0.2245","0.1114","0.1114","0.1114","0.119","0.119","0.119"
"181","0.229","0.229","0.229","0.12","0.12","0.12","0.12565","0.12565","0.12565"
"182","0.2365","0.2365","0.2365","0.12675","0.12675","0.12675","0.1325","0.1325","0.1325"
"183","0.2405","0.2405","0.2405","0.1332","0.1332","0.1332","0.1383","0.1383","0.1383"
"184","0.2475","0.2475","0.2475","0.13755","0.13755","0.13755","0.14255","0.14255","0.14255"
"185","0.246","0.246","0.246","0.1414","0.1414","0.1414","0.14915","0.14915","0.14915"
"186","0.2615","0.2615","0.2615","0.14545","0.14545","0.14545","0.1534","0.1534","0.1534"
"187","0.2475","0.2475","0.2475","0.1471","0.1471","0.1471","0.15555","0.15555","0.15555"
"188","0.257","0.257","0.257","0.1498","0.1498","0.1498","0.1595","0.1595","0.1595"
"189","0.257","0.257","0.257","0.152","0.152","0.152","0.16305","0.16305","0.16305"
"190","0.261","0.261","0.261","0.15525","0.15525","0.15525","0.1654","0.1654","0.1654"
"191","0.2605","0.2605","0.2605","0.15765","0.15765","0.15765","0.1684","0.1684","0.1684"
"192","0.2605","0.2605","0.2605","0.1602","0.1602","0.1602","0.1695","0.1695","0.1695"
"193","0.2625","0.2625","0.2625","0.16205","0.16205","0.16205","0.17135","0.17135","0.17135"
"194","0.2725","0.2725","0.2725","0.1645","0.1645","0.1645","0.17335","0.17335","0.17335"
"195","0.277","0.277","0.277","0.1659","0.1659","0.1659","0.174","0.174","0.174"
"196","0.269","0.269","0.269","0.1667","0.1667","0.1667","0.175","0.175","0.175"
"197","0.2755","0.2755","0.2755","0.16875","0.16875","0.16875","0.175","0.175","0.175"
"198","0.2765","0.2765","0.2765","0.1691","0.1691","0.1691","0.1786","0.1786","0.1786"
"199","0.2835","0.2835","0.2835","0.17005","0.17005","0.17005","0.1769","0.1769","0.1769"
"200","0.0495","0.0495","0.0495","0.02715","0.02715","0.02715","0.0278","0.0278","0.0278"
"201","0.139","0.139","0.139","0.04945","0.04945","0.04945","0.05515","0.05515","0.05515"
"202","0.1735","0.1735","0.1735","0.07355","0.07355","0.07355","0.08195","0.08195","0.08195"
"203","0.2085","0.2085","0.2085","0.09745","0.09745","0.09745","0.1074","0.1074","0.1074"
"204","0.2125","0.2125","0.2125","0.1126","0.1126","0.1126","0.1241","0.1241","0.1241"
"205","0.218","0.218","0.218","0.12705","0.12705","0.12705","0.13335","0.13335","0.13335"
"206","0.243","0.243","0.243","0.1362","0.1362","0.1362","0.1433","0.1433","0.1433"
"207","0.2275","0.2275","0.2275","0.1442","0.1442","0.1442","0.1491","0.1491","0.1491"
"208","0.234","0.234","0.234","0.1483","0.1483","0.1483","0.1557","0.1557","0.1557"
"209","0.242","0.242","0.242","0.1535","0.1535","0.1535","0.1608","0.1608","0.1608"
"210","0.2285","0.2285","0.2285","0.1584","0.1584","0.1584","0.1658","0.1658","0.1658"
"211","0.263","0.263","0.263","0.1626","0.1626","0.1626","0.16885","0.16885","0.16885"
"212","0.2625","0.2625","0.2625","0.16555","0.16555","0.16555","0.17095","0.17095","0.17095"
"213","0.2605","0.2605","0.2605","0.1684","0.1684","0.1684","0.1742","0.1742","0.1742"
"214","0.2465","0.2465","0.2465","0.17025","0.17025","0.17025","0.1764","0.1764","0.1764"
"215","0.264","0.264","0.264","0.1732","0.1732","0.1732","0.17895","0.17895","0.17895"
"216","0.265","0.265","0.265","0.17405","0.17405","0.17405","0.1794","0.1794","0.1794"
"217","0.2495","0.2495","0.2495","0.1774","0.1774","0.1774","0.1821","0.1821","0.1821"
"218","0.2615","0.2615","0.2615","0.1796","0.1796","0.1796","0.1827","0.1827","0.1827"
"219","0.2685","0.2685","0.2685","0.1806","0.1806","0.1806","0.18425","0.18425","0.18425"
"220","0.2715","0.2715","0.2715","0.1815","0.1815","0.1815","0.18405","0.18405","0.18405"
"221","0.268","0.268","0.268","0.18255","0.18255","0.18255","0.1838","0.1838","0.1838"
"222","0.2675","0.2675","0.2675","0.1837","0.1837","0.1837","0.1856","0.1856","0.1856"
"223","0.2685","0.2685","0.2685","0.18485","0.18485","0.18485","0.18675","0.18675","0.18675"
"224","0.2775","0.2775","0.2775","0.18445","0.18445","0.18445","0.1859","0.1859","0.1859"
"225","0.0045","0.0045","0.0045","0.02605","0.02605","0.02605","0.02755","0.02755","0.02755"
"226","0.1255","0.1255","0.1255","0.05165","0.05165","0.05165","0.05885","0.05885","0.05885"
"227","0.1955","0.1955","0.1955","0.0716","0.0716","0.0716","0.07995","0.07995","0.07995"
"228","0.2175","0.2175","0.2175","0.0923","0.0923","0.0923","0.10095","0.10095","0.10095"
"229","0.233","0.233","0.233","0.10995","0.10995","0.10995","0.12085","0.12085","0.12085"
"230","0.2455","0.2455","0.2455","0.1228","0.1228","0.1228","0.13395","0.13395","0.13395"
"231","0.2525","0.2525","0.2525","0.13205","0.13205","0.13205","0.14225","0.14225","0.14225"
"232","0.2615","0.2615","0.2615","0.1392","0.1392","0.1392","0.1489","0.1489","0.1489"
"233","0.2655","0.2655","0.2655","0.1446","0.1446","0.1446","0.1536","0.1536","0.1536"
"234","0.262","0.262","0.262","0.1497","0.1497","0.1497","0.15845","0.15845","0.15845"
"235","0.2645","0.2645","0.2645","0.1528","0.1528","0.1528","0.1598","0.1598","0.1598"
"236","0.27","0.27","0.27","0.15685","0.15685","0.15685","0.16235","0.16235","0.16235"
"237","0.272","0.272","0.272","0.15925","0.15925","0.15925","0.16615","0.16615","0.16615"
"238","0.275","0.275","0.275","0.1608","0.1608","0.1608","0.16645","0.16645","0.16645"
"239","0.2715","0.2715","0.2715","0.16245","0.16245","0.16245","0.16795","0.16795","0.16795"
"240","0.279","0.279","0.279","0.16505","0.16505","0.16505","0.1698","0.1698","0.1698"
"241","0.2855","0.2855","0.2855","0.1658","0.1658","0.1658","0.1687","0.1687","0.1687"
"242","0.283","0.283","0.283","0.1669","0.1669","0.1669","0.1704","0.1704","0.1704"
"243","0.282","0.282","0.282","0.16765","0.16765","0.16765","0.17185","0.17185","0.17185"
"244","0.2875","0.2875","0.2875","0.1697","0.1697","0.1697","0.17405","0.17405","0.17405"
"245","0.2835","0.2835","0.2835","0.1702","0.1702","0.1702","0.17295","0.17295","0.17295"
"246","0.287","0.287","0.287","0.1705","0.1705","0.1705","0.1736","0.1736","0.1736"
"247","0.288","0.288","0.288","0.17125","0.17125","0.17125","0.1735","0.1735","0.1735"
"248","0.289","0.289","0.289","0.17065","0.17065","0.17065","0.1738","0.1738","0.1738"
"249","0.289","0.289","0.289","0.1709","0.1709","0.1709","0.1729","0.1729","0.1729"
"250","0.031","0.031","0.031","0.03625","0.03625","0.03625","0.0369","0.0369","0.0369"
"251","0.0795","0.0795","0.0795","0.0599","0.0599","0.0599","0.06915","0.06915","0.06915"
"252","0.176","0.176","0.176","0.0895","0.0895","0.0895","0.09965","0.09965","0.09965"
"253","0.1995","0.1995","0.1995","0.1166","0.1166","0.1166","0.1264","0.1264","0.1264"
"254","0.2065","0.2065","0.2065","0.1348","0.1348","0.1348","0.14745","0.14745","0.14745"
"255","0.213","0.213","0.213","0.1428","0.1428","0.1428","0.1593","0.1593","0.1593"
"256","0.211","0.211","0.211","0.15175","0.15175","0.15175","0.16865","0.16865","0.16865"
"257","0.22","0.22","0.22","0.1588","0.1588","0.1588","0.17425","0.17425","0.17425"
"258","0.2225","0.2225","0.2225","0.1624","0.1624","0.1624","0.1775","0.1775","0.1775"
"259","0.2215","0.2215","0.2215","0.1688","0.1688","0.1688","0.1828","0.1828","0.1828"
"260","0.242","0.242","0.242","0.17165","0.17165","0.17165","0.18365","0.18365","0.18365"
"261","0.246","0.246","0.246","0.1753","0.1753","0.1753","0.1864","0.1864","0.1864"
"262","0.2515","0.2515","0.2515","0.1771","0.1771","0.1771","0.19","0.19","0.19"
"263","0.244","0.244","0.244","0.17885","0.17885","0.17885","0.19295","0.19295","0.19295"
"264","0.258","0.258","0.258","0.18","0.18","0.18","0.19325","0.19325","0.19325"
"265","0.2505","0.2505","0.2505","0.1823","0.1823","0.1823","0.19525","0.19525","0.19525"
"266","0.258","0.258","0.258","0.1836","0.1836","0.1836","0.197","0.197","0.197"
"267","0.2645","0.2645","0.2645","0.18545","0.18545","0.18545","0.19685","0.19685","0.19685"
"268","0.269","0.269","0.269","0.1852","0.1852","0.1852","0.19585","0.19585","0.19585"
"269","0.2785","0.2785","0.2785","0.18665","0.18665","0.18665","0.19765","0.19765","0.19765"
"270","0.2685","0.2685","0.2685","0.1874","0.1874","0.1874","0.1986","0.1986","0.1986"
"271","0.281","0.281","0.281","0.1873","0.1873","0.1873","0.19915","0.19915","0.19915"
"272","0.282","0.282","0.282","0.18725","0.18725","0.18725","0.1993","0.1993","0.1993"
"273","0.278","0.278","0.278","0.1893","0.1893","0.1893","0.19955","0.19955","0.19955"
"274","0.2835","0.2835","0.2835","0.18895","0.18895","0.18895","0.1994","0.1994","0.1994"
"275","0.0305","0.0305","0.0305","0.0361","0.0361","0.0361","0.03585","0.03585","0.03585"
"276","0.0965","0.0965","0.0965","0.065","0.065","0.065","0.0823","0.0823","0.0823"
"277","0.192","0.192","0.192","0.09095","0.09095","0.09095","0.1096","0.1096","0.1096"
"278","0.2625","0.2625","0.2625","0.10995","0.10995","0.10995","0.1297","0.1297","0.1297"
"279","0.2735","0.2735","0.2735","0.12625","0.12625","0.12625","0.1466","0.1466","0.1466"
"280","0.2755","0.2755","0.2755","0.1383","0.1383","0.1383","0.15925","0.15925","0.15925"
"281","0.28","0.28","0.28","0.14755","0.14755","0.14755","0.16725","0.16725","0.16725"
"282","0.283","0.283","0.283","0.1538","0.1538","0.1538","0.1731","0.1731","0.1731"
"283","0.292","0.292","0.292","0.15825","0.15825","0.15825","0.1774","0.1774","0.1774"
"284","0.288","0.288","0.288","0.16305","0.16305","0.16305","0.18145","0.18145","0.18145"
"285","0.299","0.299","0.299","0.16715","0.16715","0.16715","0.1842","0.1842","0.1842"
"286","0.3095","0.3095","0.3095","0.17105","0.17105","0.17105","0.1851","0.1851","0.1851"
"287","0.315","0.315","0.315","0.17345","0.17345","0.17345","0.18755","0.18755","0.18755"
"288","0.316","0.316","0.316","0.17395","0.17395","0.17395","0.19","0.19","0.19"
"289","0.315","0.315","0.315","0.1763","0.1763","0.1763","0.19005","0.19005","0.19005"
"290","0.3175","0.3175","0.3175","0.17815","0.17815","0.17815","0.1904","0.1904","0.1904"
"291","0.316","0.316","0.316","0.17935","0.17935","0.17935","0.1918","0.1918","0.1918"
"292","0.32","0.32","0.32","0.1799","0.1799","0.1799","0.1916","0.1916","0.1916"
"293","0.32","0.32","0.32","0.18055","0.18055","0.18055","0.1914","0.1914","0.1914"
"294","0.324","0.324","0.324","0.18265","0.18265","0.18265","0.1907","0.1907","0.1907"
"295","0.3285","0.3285","0.3285","0.1824","0.1824","0.1824","0.192","0.192","0.192"
"296","0.3275","0.3275","0.3275","0.18285","0.18285","0.18285","0.1925","0.1925","0.1925"
"297","0.33","0.33","0.33","0.18375","0.18375","0.18375","0.1925","0.1925","0.1925"
"298","0.3305","0.3305","0.3305","0.1817","0.1817","0.1817","0.19295","0.19295","0.19295"
"299","0.33","0.33","0.33","0.1835","0.1835","0.1835","0.19355","0.19355","0.19355"
"300","0.0045","0.0045","0.0045","0.0233","0.0233","0.0233","0.0231","0.0231","0.0231"
"301","0.015","0.015","0.015","0.04485","0.04485","0.04485","0.0628","0.0628","0.0628"
"302","0.1645","0.1645","0.1645","0.0751","0.0751","0.0751","0.0983","0.0983","0.0983"
"303","0.1955","0.1955","0.1955","0.10055","0.10055","0.10055","0.1241","0.1241","0.1241"
"304","0.2345","0.2345","0.2345","0.1206","0.1206","0.1206","0.1414","0.1414","0.1414"
"305","0.2545","0.2545","0.2545","0.1353","0.1353","0.1353","0.15515","0.15515","0.15515"
"306","0.2565","0.2565","0.2565","0.1456","0.1456","0.1456","0.16605","0.16605","0.16605"
"307","0.2675","0.2675","0.2675","0.1526","0.1526","0.1526","0.1709","0.1709","0.1709"
"308","0.2755","0.2755","0.2755","0.15865","0.15865","0.15865","0.17595","0.17595","0.17595"
"309","0.2755","0.2755","0.2755","0.1643","0.1643","0.1643","0.18065","0.18065","0.18065"
"310","0.2765","0.2765","0.2765","0.1669","0.1669","0.1669","0.18405","0.18405","0.18405"
"311","0.2845","0.2845","0.2845","0.17095","0.17095","0.17095","0.18595","0.18595","0.18595"
"312","0.285","0.285","0.285","0.17215","0.17215","0.17215","0.1863","0.1863","0.1863"
"313","0.297","0.297","0.297","0.1747","0.1747","0.1747","0.18855","0.18855","0.18855"
"314","0.298","0.298","0.298","0.17565","0.17565","0.17565","0.18865","0.18865","0.18865"
"315","0.2995","0.2995","0.2995","0.17625","0.17625","0.17625","0.19065","0.19065","0.19065"
"316","0.291","0.291","0.291","0.17745","0.17745","0.17745","0.1898","0.1898","0.1898"
"317","0.293","0.293","0.293","0.17815","0.17815","0.17815","0.1888","0.1888","0.1888"
"318","0.298","0.298","0.298","0.1775","0.1775","0.1775","0.19015","0.19015","0.19015"
"319","0.305","0.305","0.305","0.17885","0.17885","0.17885","0.1894","0.1894","0.1894"
"320","0.3","0.3","0.3","0.17895","0.17895","0.17895","0.19035","0.19035","0.19035"
"321","0.3085","0.3085","0.3085","0.17975","0.17975","0.17975","0.1884","0.1884","0.1884"
"322","0.3075","0.3075","0.3075","0.1799","0.1799","0.1799","0.18845","0.18845","0.18845"
"323","0.3095","0.3095","0.3095","0.1794","0.1794","0.1794","0.18935","0.18935","0.18935"
"324","0.3115","0.3115","0.3115","0.17975","0.17975","0.17975","0.1896","0.1896","0.1896"
"325","0.0195","0.0195","0.0195","0.0281","0.0281","0.0281","0.02965","0.02965","0.02965"
"326","","","","0.0572","0.0572","0.0572","0.074","0.074","0.074"
"327","","","","0.0871","0.0871","0.0871","0.10935","0.10935","0.10935"
"328","","","","0.1167","0.1167","0.1167","0.1417","0.1417","0.1417"
"329","","","","0.1381","0.1381","0.1381","0.16145","0.16145","0.16145"
"330","","","","0.15195","0.15195","0.15195","0.1741","0.1741","0.1741"
"331","","","","0.16185","0.16185","0.16185","0.1844","0.1844","0.1844"
"332","","","","0.16825","0.16825","0.16825","0.18905","0.18905","0.18905"
"333","","","","0.17345","0.17345","0.17345","0.1942","0.1942","0.1942"
"334","","","","0.17785","0.17785","0.17785","0.19705","0.19705","0.19705"
"335","","","","0.18115","0.18115","0.18115","0.19875","0.19875","0.19875"
"336","","","","0.18285","0.18285","0.18285","0.20115","0.20115","0.20115"
"337","","","","0.1862","0.1862","0.1862","0.20185","0.20185","0.20185"
"338","","","","0.18735","0.18735","0.18735","0.202","0.202","0.202"
"339","","","","0.1861","0.1861","0.1861","0.2032","0.2032","0.2032"
"340","","","","0.18935","0.18935","0.18935","0.20295","0.20295","0.20295"
"341","","","","0.19075","0.19075","0.19075","0.20245","0.20245","0.20245"
"342","","","","0.19075","0.19075","0.19075","0.20265","0.20265","0.20265"
"343","","","","0.1922","0.1922","0.1922","0.2034","0.2034","0.2034"
"344","","","","0.193","0.193","0.193","0.20405","0.20405","0.20405"
"345","","","","0.1941","0.1941","0.1941","0.203","0.203","0.203"
"346","","","","0.194","0.194","0.194","0.20325","0.20325","0.20325"
"347","","","","0.1951","0.1951","0.1951","0.20275","0.20275","0.20275"
"348","","","","0.19475","0.19475","0.19475","0.20115","0.20115","0.20115"
"349","","","","0.19385","0.19385","0.19385","0.202","0.202","0.202"
"350","","","","0.036","0.036","0.036","0.03525","0.03525","0.03525"
"351","","","","0.0591","0.0591","0.0591","0.0906","0.0906","0.0906"
"352","","","","0.08435","0.08435","0.08435","0.12685","0.12685","0.12685"
"353","","","","0.11225","0.11225","0.11225","0.1544","0.1544","0.1544"
"354","","","","0.1321","0.1321","0.1321","0.1721","0.1721","0.1721"
"355","","","","0.1482","0.1482","0.1482","0.18355","0.18355","0.18355"
"356","","","","0.1575","0.1575","0.1575","0.19265","0.19265","0.19265"
"357","","","","0.165","0.165","0.165","0.1952","0.1952","0.1952"
"358","","","","0.171","0.171","0.171","0.1981","0.1981","0.1981"
"359","","","","0.17395","0.17395","0.17395","0.19795","0.19795","0.19795"
"360","","","","0.17545","0.17545","0.17545","0.20035","0.20035","0.20035"
"361","","","","0.1781","0.1781","0.1781","0.1985","0.1985","0.1985"
"362","","","","0.17825","0.17825","0.17825","0.2002","0.2002","0.2002"
"363","","","","0.17855","0.17855","0.17855","0.20045","0.20045","0.20045"
"364","","","","0.18095","0.18095","0.18095","0.20075","0.20075","0.20075"
"365","","","","0.18125","0.18125","0.18125","0.19855","0.19855","0.19855"
"366","","","","0.18225","0.18225","0.18225","0.1985","0.1985","0.1985"
"367","","","","0.1838","0.1838","0.1838","0.1986","0.1986","0.1986"
"368","","","","0.1847","0.1847","0.1847","0.1984","0.1984","0.1984"
"369","","","","0.18505","0.18505","0.18505","0.19665","0.19665","0.19665"
"370","","","","0.18445","0.18445","0.18445","0.19665","0.19665","0.19665"
"371","","","","0.18475","0.18475","0.18475","0.19675","0.19675","0.19675"
"372","","","","0.1826","0.1826","0.1826","0.19525","0.19525","0.19525"
"373","","","","0.1832","0.1832","0.1832","0.1949","0.1949","0.1949"
"374","","","","0.18385","0.18385","0.18385","0.19535","0.19535","0.19535"
"375","","","","0.0352","0.0352","0.0352","0.0376","0.0376","0.0376"
"376","","","","0.06535","0.06535","0.06535","0.10215","0.10215","0.10215"
"377","","","","0.0948","0.0948","0.0948","0.1395","0.1395","0.1395"
"378","","","","0.1203","0.1203","0.1203","0.162","0.162","0.162"
"379","","","","0.1391","0.1391","0.1391","0.1778","0.1778","0.1778"
"380","","","","0.1523","0.1523","0.1523","0.1867","0.1867","0.1867"
"381","","","","0.1619","0.1619","0.1619","0.193","0.193","0.193"
"382","","","","0.1678","0.1678","0.1678","0.19675","0.19675","0.19675"
"383","","","","0.1739","0.1739","0.1739","0.19875","0.19875","0.19875"
"384","","","","0.1754","0.1754","0.1754","0.20155","0.20155","0.20155"
"385","","","","0.17975","0.17975","0.17975","0.204","0.204","0.204"
"386","","","","0.1833","0.1833","0.1833","0.20365","0.20365","0.20365"
"387","","","","0.18525","0.18525","0.18525","0.20555","0.20555","0.20555"
"388","","","","0.18565","0.18565","0.18565","0.20585","0.20585","0.20585"
"389","","","","0.1872","0.1872","0.1872","0.2063","0.2063","0.2063"
"390","","","","0.1875","0.1875","0.1875","0.2067","0.2067","0.2067"
"391","","","","0.1877","0.1877","0.1877","0.20705","0.20705","0.20705"
"392","","","","0.1885","0.1885","0.1885","0.20585","0.20585","0.20585"
"393","","","","0.18725","0.18725","0.18725","0.2059","0.2059","0.2059"
"394","","","","0.18775","0.18775","0.18775","0.2073","0.2073","0.2073"
"395","","","","0.18685","0.18685","0.18685","0.2051","0.2051","0.2051"
"396","","","","0.18805","0.18805","0.18805","0.2063","0.2063","0.2063"
"397","","","","0.1871","0.1871","0.1871","0.2043","0.2043","0.2043"
"398","","","","0.18605","0.18605","0.18605","0.2025","0.2025","0.2025"
"399","","","","0.18705","0.18705","0.18705","0.20335","0.20335","0.20335"
"400","","","","0.02915","0.02915","0.02915","0.0306","0.0306","0.0306"
"401","","","","0.0635","0.0635","0.0635","0.10285","0.10285","0.10285"
"402","","","","0.0906","0.0906","0.0906","0.13575","0.13575","0.13575"
"403","","","","0.1168","0.1168","0.1168","0.15715","0.15715","0.15715"
"404","","","","0.13415","0.13415","0.13415","0.1691","0.1691","0.1691"
"405","","","","0.1447","0.1447","0.1447","0.17745","0.17745","0.17745"
"406","","","","0.1539","0.1539","0.1539","0.1832","0.1832","0.1832"
"407","","","","0.1604","0.1604","0.1604","0.185","0.185","0.185"
"408","","","","0.16295","0.16295","0.16295","0.1876","0.1876","0.1876"
"409","","","","0.16705","0.16705","0.16705","0.1881","0.1881","0.1881"
"410","","","","0.1707","0.1707","0.1707","0.19145","0.19145","0.19145"
"411","","","","0.1747","0.1747","0.1747","0.1922","0.1922","0.1922"
"412","","","","0.17445","0.17445","0.17445","0.19205","0.19205","0.19205"
"413","","","","0.17465","0.17465","0.17465","0.19445","0.19445","0.19445"
"414","","","","0.17665","0.17665","0.17665","0.19335","0.19335","0.19335"
"415","","","","0.1763","0.1763","0.1763","0.19315","0.19315","0.19315"
"416","","","","0.17695","0.17695","0.17695","0.19165","0.19165","0.19165"
"417","","","","0.1799","0.1799","0.1799","0.19195","0.19195","0.19195"
"418","","","","0.1803","0.1803","0.1803","0.1919","0.1919","0.1919"
"419","","","","0.1809","0.1809","0.1809","0.19055","0.19055","0.19055"
"420","","","","0.1801","0.1801","0.1801","0.18905","0.18905","0.18905"
"421","","","","0.1813","0.1813","0.1813","0.18865","0.18865","0.18865"
"422","","","","0.1818","0.1818","0.1818","0.1878","0.1878","0.1878"
"423","","","","0.1825","0.1825","0.1825","0.1875","0.1875","0.1875"
"424","","","","0.1821","0.1821","0.1821","0.18665","0.18665","0.18665"
"425","","","","0.02565","0.02565","0.02565","0.026","0.026","0.026"
"426","","","","0.05195","0.05195","0.05195","0.087","0.087","0.087"
"427","","","","0.0777","0.0777","0.0777","0.12435","0.12435","0.12435"
"428","","","","0.10145","0.10145","0.10145","0.14645","0.14645","0.14645"
"429","","","","0.11715","0.11715","0.11715","0.15935","0.15935","0.15935"
"430","","","","0.129","0.129","0.129","0.16745","0.16745","0.16745"
"431","","","","0.1378","0.1378","0.1378","0.17465","0.17465","0.17465"
"432","","","","0.14445","0.14445","0.14445","0.17605","0.17605","0.17605"
"433","","","","0.14735","0.14735","0.14735","0.17965","0.17965","0.17965"
"434","","","","0.1511","0.1511","0.1511","0.1812","0.1812","0.1812"
"435","","","","0.15435","0.15435","0.15435","0.18065","0.18065","0.18065"
"436","","","","0.1563","0.1563","0.1563","0.1823","0.1823","0.1823"
"437","","","","0.1586","0.1586","0.1586","0.18095","0.18095","0.18095"
"438","","","","0.1603","0.1603","0.1603","0.18235","0.18235","0.18235"
"439","","","","0.1626","0.1626","0.1626","0.18295","0.18295","0.18295"
"440","","","","0.16205","0.16205","0.16205","0.18135","0.18135","0.18135"
"441","","","","0.16345","0.16345","0.16345","0.1822","0.1822","0.1822"
"442","","","","0.16525","0.16525","0.16525","0.18225","0.18225","0.18225"
"443","","","","0.16335","0.16335","0.16335","0.1812","0.1812","0.1812"
"444","","","","0.1663","0.1663","0.1663","0.18165","0.18165","0.18165"
"445","","","","0.1648","0.1648","0.1648","0.1809","0.1809","0.1809"
"446","","","","0.16535","0.16535","0.16535","0.1791","0.1791","0.1791"
"447","","","","0.16455","0.16455","0.16455","0.17765","0.17765","0.17765"
"448","","","","0.1654","0.1654","0.1654","0.178","0.178","0.178"
"449","","","","0.1653","0.1653","0.1653","0.1767","0.1767","0.1767"
"450","","","","0.02545","0.02545","0.02545","0.0266","0.0266","0.0266"
"451","","","","0.04675","0.04675","0.04675","0.0991","0.0991","0.0991"
"452","","","","0.0738","0.0738","0.0738","0.13505","0.13505","0.13505"
"453","","","","0.10065","0.10065","0.10065","0.15085","0.15085","0.15085"
"454","","","","0.1182","0.1182","0.1182","0.16275","0.16275","0.16275"
"455","","","","0.13175","0.13175","0.13175","0.1688","0.1688","0.1688"
"456","","","","0.1427","0.1427","0.1427","0.17345","0.17345","0.17345"
"457","","","","0.1512","0.1512","0.1512","0.1768","0.1768","0.1768"
"458","","","","0.15615","0.15615","0.15615","0.18035","0.18035","0.18035"
"459","","","","0.15995","0.15995","0.15995","0.18225","0.18225","0.18225"
"460","","","","0.1619","0.1619","0.1619","0.18195","0.18195","0.18195"
"461","","","","0.165","0.165","0.165","0.18435","0.18435","0.18435"
"462","","","","0.16525","0.16525","0.16525","0.18505","0.18505","0.18505"
"463","","","","0.1655","0.1655","0.1655","0.1846","0.1846","0.1846"
"464","","","","0.1658","0.1658","0.1658","0.185","0.185","0.185"
"465","","","","0.16595","0.16595","0.16595","0.1846","0.1846","0.1846"
"466","","","","0.1671","0.1671","0.1671","0.18435","0.18435","0.18435"
"467","","","","0.16615","0.16615","0.16615","0.1821","0.1821","0.1821"
"468","","","","0.1658","0.1658","0.1658","0.18335","0.18335","0.18335"
"469","","","","0.166","0.166","0.166","0.18185","0.18185","0.18185"
"470","","","","0.16635","0.16635","0.16635","0.1815","0.1815","0.1815"
"471","","","","0.16575","0.16575","0.16575","0.18165","0.18165","0.18165"
"472","","","","0.16495","0.16495","0.16495","0.181","0.181","0.181"
"473","","","","0.1651","0.1651","0.1651","0.1798","0.1798","0.1798"
"474","","","","0.1642","0.1642","0.1642","0.1793","0.1793","0.1793"
"475","","","","0.0277","0.0277","0.0277","0.0278","0.0278","0.0278"
"476","","","","0.05185","0.05185","0.05185","0.10155","0.10155","0.10155"
"477","","","","0.07935","0.07935","0.07935","0.1344","0.1344","0.1344"
"478","","","","0.10465","0.10465","0.10465","0.1524","0.1524","0.1524"
"479","","","","0.12275","0.12275","0.12275","0.16775","0.16775","0.16775"
"480","","","","0.1399","0.1399","0.1399","0.17855","0.17855","0.17855"
"481","","","","","","","0.184","0.184","0.184"
"482","","","","","","","0.1883","0.1883","0.1883"
"483","","","","","","","0.19175","0.19175","0.19175"
"484","","","","","","","0.19235","0.19235","0.19235"