"Step","CIFAR100_CNN_FedSTGM_sgd_lr0.05 - cosine/1","CIFAR100_CNN_FedSTGM_sgd_lr0.05 - cosine/1__MIN","CIFAR100_CNN_FedSTGM_sgd_lr0.05 - cosine/1__MAX","CIFAR100_CNN_FedAvg_sgd_lr0.005 - cosine/1","CIFAR100_CNN_FedAvg_sgd_lr0.005 - cosine/1__MIN","CIFAR100_CNN_FedAvg_sgd_lr0.005 - cosine/1__MAX"
"0","0.24257218837738037","0.24257218837738037","0.24257218837738037","0.3951435685157776","0.3951435685157776","0.3951435685157776"
"1","0.17370396852493286","0.17370396852493286","0.17370396852493286","0.30993959307670593","0.30993959307670593","0.30993959307670593"
"2","-0.032249730080366135","-0.032249730080366135","-0.032249730080366135","-0.056046903133392334","-0.056046903133392334","-0.056046903133392334"
"3","0.01437989342957735","0.01437989342957735","0.01437989342957735","-0.04391012340784073","-0.04391012340784073","-0.04391012340784073"
"4","-0.027909059077501297","-0.027909059077501297","-0.027909059077501297","-0.05526815354824066","-0.05526815354824066","-0.05526815354824066"
"5","0.014378760941326618","0.014378760941326618","0.014378760941326618","-0.05956156924366951","-0.05956156924366951","-0.05956156924366951"
"6","0.0036581181921064854","0.0036581181921064854","0.0036581181921064854","-0.05896109342575073","-0.05896109342575073","-0.05896109342575073"
"7","0.01070101372897625","0.01070101372897625","0.01070101372897625","-0.04919303208589554","-0.04919303208589554","-0.04919303208589554"
"8","0.008926091715693474","0.008926091715693474","0.008926091715693474","-0.06163497641682625","-0.06163497641682625","-0.06163497641682625"
"9","0.06579982489347458","0.06579982489347458","0.06579982489347458","-0.07394254952669144","-0.07394254952669144","-0.07394254952669144"
"10","0.05921280384063721","0.05921280384063721","0.05921280384063721","-0.046109888702631","-0.046109888702631","-0.046109888702631"
"11","0.11163271963596344","0.11163271963596344","0.11163271963596344","-0.061029545962810516","-0.061029545962810516","-0.061029545962810516"
"12","0.06846576184034348","0.06846576184034348","0.06846576184034348","-0.06479543447494507","-0.06479543447494507","-0.06479543447494507"
"13","0.18987254798412323","0.18987254798412323","0.18987254798412323","-0.06463625282049179","-0.06463625282049179","-0.06463625282049179"
"14","0.0852736160159111","0.0852736160159111","0.0852736160159111","-0.05930963531136513","-0.05930963531136513","-0.05930963531136513"
"15","0.05859733000397682","0.05859733000397682","0.05859733000397682","-0.06670670956373215","-0.06670670956373215","-0.06670670956373215"
"16","0.018706226721405983","0.018706226721405983","0.018706226721405983","-0.06584753096103668","-0.06584753096103668","-0.06584753096103668"
"17","0.057136520743370056","0.057136520743370056","0.057136520743370056","-0.06048035994172096","-0.06048035994172096","-0.06048035994172096"
"18","0.014350246638059616","0.014350246638059616","0.014350246638059616","-0.07297368347644806","-0.07297368347644806","-0.07297368347644806"
"19","0.05490624159574509","0.05490624159574509","0.05490624159574509","-0.0793827697634697","-0.0793827697634697","-0.0793827697634697"
"20","0.1109224334359169","0.1109224334359169","0.1109224334359169","-0.0766216591000557","-0.0766216591000557","-0.0766216591000557"
"21","0.08770585805177689","0.08770585805177689","0.08770585805177689","-0.07752221077680588","-0.07752221077680588","-0.07752221077680588"
"22","-0.027464797720313072","-0.027464797720313072","-0.027464797720313072","-0.07479466497898102","-0.07479466497898102","-0.07479466497898102"
"23","-0.036595746874809265","-0.036595746874809265","-0.036595746874809265","-0.07303216308355331","-0.07303216308355331","-0.07303216308355331"
"24","0.009090500883758068","0.009090500883758068","0.009090500883758068","-0.07883799821138382","-0.07883799821138382","-0.07883799821138382"
"25","0.20465697348117828","0.20465697348117828","0.20465697348117828","0.05528932064771652","0.05528932064771652","0.05528932064771652"
"26","-0.01203832309693098","-0.01203832309693098","-0.01203832309693098","-0.025415189564228058","-0.025415189564228058","-0.025415189564228058"
"27","-0.022969160228967667","-0.022969160228967667","-0.022969160228967667","-0.07367844134569168","-0.07367844134569168","-0.07367844134569168"
"28","-0.015451796352863312","-0.015451796352863312","-0.015451796352863312","-0.09079837054014206","-0.09079837054014206","-0.09079837054014206"
"29","0.03572262078523636","0.03572262078523636","0.03572262078523636","-0.11108286678791046","-0.11108286678791046","-0.11108286678791046"
"30","0.16920757293701172","0.16920757293701172","0.16920757293701172","-0.10076163709163666","-0.10076163709163666","-0.10076163709163666"
"31","-0.004606414586305618","-0.004606414586305618","-0.004606414586305618","-0.12546361982822418","-0.12546361982822418","-0.12546361982822418"
"32","0.02075069397687912","0.02075069397687912","0.02075069397687912","-0.12585784494876862","-0.12585784494876862","-0.12585784494876862"
"33","-0.0015904182801023126","-0.0015904182801023126","-0.0015904182801023126","-0.11361659318208694","-0.11361659318208694","-0.11361659318208694"
"34","0.058369558304548264","0.058369558304548264","0.058369558304548264","-0.11677197366952896","-0.11677197366952896","-0.11677197366952896"
"35","-0.007069225423038006","-0.007069225423038006","-0.007069225423038006","-0.10778165608644485","-0.10778165608644485","-0.10778165608644485"
"36","-0.034268856048583984","-0.034268856048583984","-0.034268856048583984","-0.12143336981534958","-0.12143336981534958","-0.12143336981534958"
"37","-0.07097876816987991","-0.07097876816987991","-0.07097876816987991","-0.1206928938627243","-0.1206928938627243","-0.1206928938627243"
"38","-0.06960181891918182","-0.06960181891918182","-0.06960181891918182","-0.12289110571146011","-0.12289110571146011","-0.12289110571146011"
"39","-0.02947392128407955","-0.02947392128407955","-0.02947392128407955","-0.11432673037052155","-0.11432673037052155","-0.11432673037052155"
"40","0.025727154687047005","0.025727154687047005","0.025727154687047005","-0.12295792251825333","-0.12295792251825333","-0.12295792251825333"
"41","0.06448058784008026","0.06448058784008026","0.06448058784008026","-0.11568348854780197","-0.11568348854780197","-0.11568348854780197"
"42","0.11418824642896652","0.11418824642896652","0.11418824642896652","-0.12243398278951645","-0.12243398278951645","-0.12243398278951645"
"43","0.035573385655879974","0.035573385655879974","0.035573385655879974","-0.13250677287578583","-0.13250677287578583","-0.13250677287578583"
"44","0.0013054724549874663","0.0013054724549874663","0.0013054724549874663","-0.12168329954147339","-0.12168329954147339","-0.12168329954147339"
"45","0.04423016682267189","0.04423016682267189","0.04423016682267189","-0.13320676982402802","-0.13320676982402802","-0.13320676982402802"
"46","0.007797155529260635","0.007797155529260635","0.007797155529260635","-0.13053031265735626","-0.13053031265735626","-0.13053031265735626"
"47","0.05937599018216133","0.05937599018216133","0.05937599018216133","-0.12501323223114014","-0.12501323223114014","-0.12501323223114014"
"48","0.06251170486211777","0.06251170486211777","0.06251170486211777","-0.12344653904438019","-0.12344653904438019","-0.12344653904438019"
"49","0.023106781765818596","0.023106781765818596","0.023106781765818596","-0.12754184007644653","-0.12754184007644653","-0.12754184007644653"
"50","0.1589992493391037","0.1589992493391037","0.1589992493391037","0.10834752768278122","0.10834752768278122","0.10834752768278122"
"51","0.192894846200943","0.192894846200943","0.192894846200943","-0.0148577019572258","-0.0148577019572258","-0.0148577019572258"
"52","0.048849236220121384","0.048849236220121384","0.048849236220121384","-0.07449451833963394","-0.07449451833963394","-0.07449451833963394"
"53","0.16030311584472656","0.16030311584472656","0.16030311584472656","-0.09977490454912186","-0.09977490454912186","-0.09977490454912186"
"54","0.14002275466918945","0.14002275466918945","0.14002275466918945","-0.11502943933010101","-0.11502943933010101","-0.11502943933010101"
"55","0.24371139705181122","0.24371139705181122","0.24371139705181122","-0.12585575878620148","-0.12585575878620148","-0.12585575878620148"
"56","0.21262052655220032","0.21262052655220032","0.21262052655220032","-0.14466704428195953","-0.14466704428195953","-0.14466704428195953"
"57","0.12439168244600296","0.12439168244600296","0.12439168244600296","-0.11928531527519226","-0.11928531527519226","-0.11928531527519226"
"58","0.20770955085754395","0.20770955085754395","0.20770955085754395","-0.1474396139383316","-0.1474396139383316","-0.1474396139383316"
"59","0.22154338657855988","0.22154338657855988","0.22154338657855988","-0.12482678890228271","-0.12482678890228271","-0.12482678890228271"
"60","0.26036980748176575","0.26036980748176575","0.26036980748176575","-0.1426325887441635","-0.1426325887441635","-0.1426325887441635"
"61","0.28816309571266174","0.28816309571266174","0.28816309571266174","-0.154516339302063","-0.154516339302063","-0.154516339302063"
"62","0.26998835802078247","0.26998835802078247","0.26998835802078247","-0.12721458077430725","-0.12721458077430725","-0.12721458077430725"
"63","0.2527924180030823","0.2527924180030823","0.2527924180030823","-0.14414286613464355","-0.14414286613464355","-0.14414286613464355"
"64","0.19066640734672546","0.19066640734672546","0.19066640734672546","-0.1376153975725174","-0.1376153975725174","-0.1376153975725174"
"65","0.21540270745754242","0.21540270745754242","0.21540270745754242","-0.1410323679447174","-0.1410323679447174","-0.1410323679447174"
"66","0.18755483627319336","0.18755483627319336","0.18755483627319336","-0.1247207522392273","-0.1247207522392273","-0.1247207522392273"
"67","0.1729079633951187","0.1729079633951187","0.1729079633951187","-0.14901594817638397","-0.14901594817638397","-0.14901594817638397"
"68","0.24705933034420013","0.24705933034420013","0.24705933034420013","-0.1531175971031189","-0.1531175971031189","-0.1531175971031189"
"69","0.2373388260602951","0.2373388260602951","0.2373388260602951","-0.14659784734249115","-0.14659784734249115","-0.14659784734249115"
"70","0.24644865095615387","0.24644865095615387","0.24644865095615387","-0.15351811051368713","-0.15351811051368713","-0.15351811051368713"
"71","0.2739678919315338","0.2739678919315338","0.2739678919315338","-0.14497984945774078","-0.14497984945774078","-0.14497984945774078"
"72","0.21767129004001617","0.21767129004001617","0.21767129004001617","-0.14189811050891876","-0.14189811050891876","-0.14189811050891876"
"73","0.26589521765708923","0.26589521765708923","0.26589521765708923","-0.1504039615392685","-0.1504039615392685","-0.1504039615392685"
"74","0.3251878619194031","0.3251878619194031","0.3251878619194031","-0.1667884737253189","-0.1667884737253189","-0.1667884737253189"
"75","0.17095232009887695","0.17095232009887695","0.17095232009887695","0.0487901046872139","0.0487901046872139","0.0487901046872139"
"76","0.07487785071134567","0.07487785071134567","0.07487785071134567","-0.04099758341908455","-0.04099758341908455","-0.04099758341908455"
"77","0.03387993946671486","0.03387993946671486","0.03387993946671486","-0.11259698867797852","-0.11259698867797852","-0.11259698867797852"
"78","0.06342735886573792","0.06342735886573792","0.06342735886573792","-0.1503913402557373","-0.1503913402557373","-0.1503913402557373"
"79","0.10185021907091141","0.10185021907091141","0.10185021907091141","-0.14524373412132263","-0.14524373412132263","-0.14524373412132263"
"80","0.22848117351531982","0.22848117351531982","0.22848117351531982","-0.16429702937602997","-0.16429702937602997","-0.16429702937602997"
"81","0.19150619208812714","0.19150619208812714","0.19150619208812714","-0.1852407604455948","-0.1852407604455948","-0.1852407604455948"
"82","0.22820919752120972","0.22820919752120972","0.22820919752120972","-0.15540200471878052","-0.15540200471878052","-0.15540200471878052"
"83","0.11040538549423218","0.11040538549423218","0.11040538549423218","-0.1829545497894287","-0.1829545497894287","-0.1829545497894287"
"84","0.13917680084705353","0.13917680084705353","0.13917680084705353","-0.19387736916542053","-0.19387736916542053","-0.19387736916542053"
"85","0.0724315419793129","0.0724315419793129","0.0724315419793129","-0.19626502692699432","-0.19626502692699432","-0.19626502692699432"
"86","0.15840226411819458","0.15840226411819458","0.15840226411819458","-0.18101727962493896","-0.18101727962493896","-0.18101727962493896"
"87","0.09858282655477524","0.09858282655477524","0.09858282655477524","-0.21198438107967377","-0.21198438107967377","-0.21198438107967377"
"88","0.177173912525177","0.177173912525177","0.177173912525177","-0.20589403808116913","-0.20589403808116913","-0.20589403808116913"
"89","0.1455252319574356","0.1455252319574356","0.1455252319574356","-0.21849727630615234","-0.21849727630615234","-0.21849727630615234"
"90","0.12654785811901093","0.12654785811901093","0.12654785811901093","-0.18636158108711243","-0.18636158108711243","-0.18636158108711243"
"91","0.15146033465862274","0.15146033465862274","0.15146033465862274","-0.20788463950157166","-0.20788463950157166","-0.20788463950157166"
"92","0.05333980917930603","0.05333980917930603","0.05333980917930603","-0.20358291268348694","-0.20358291268348694","-0.20358291268348694"
"93","0.17482958734035492","0.17482958734035492","0.17482958734035492","-0.21594476699829102","-0.21594476699829102","-0.21594476699829102"
"94","0.06297000497579575","0.06297000497579575","0.06297000497579575","-0.21500763297080994","-0.21500763297080994","-0.21500763297080994"
"95","0.21280013024806976","0.21280013024806976","0.21280013024806976","-0.22237522900104523","-0.22237522900104523","-0.22237522900104523"
"96","0.0609675794839859","0.0609675794839859","0.0609675794839859","-0.2271309345960617","-0.2271309345960617","-0.2271309345960617"
"97","0.20666132867336273","0.20666132867336273","0.20666132867336273","-0.19743114709854126","-0.19743114709854126","-0.19743114709854126"
"98","0.18037399649620056","0.18037399649620056","0.18037399649620056","-0.20078390836715698","-0.20078390836715698","-0.20078390836715698"
"99","0.22275608777999878","0.22275608777999878","0.22275608777999878","-0.1866622269153595","-0.1866622269153595","-0.1866622269153595"
"100","0.1416015326976776","0.1416015326976776","0.1416015326976776","0.13707375526428223","0.13707375526428223","0.13707375526428223"
"101","0.05569472908973694","0.05569472908973694","0.05569472908973694","-0.03025781735777855","-0.03025781735777855","-0.03025781735777855"
"102","0.029056474566459656","0.029056474566459656","0.029056474566459656","-0.14214879274368286","-0.14214879274368286","-0.14214879274368286"
"103","0.016536755487322807","0.016536755487322807","0.016536755487322807","-0.1794648915529251","-0.1794648915529251","-0.1794648915529251"
"104","0.029253333806991577","0.029253333806991577","0.029253333806991577","-0.19694295525550842","-0.19694295525550842","-0.19694295525550842"
"105","0.10019353777170181","0.10019353777170181","0.10019353777170181","-0.19880540668964386","-0.19880540668964386","-0.19880540668964386"
"106","0.1435336470603943","0.1435336470603943","0.1435336470603943","-0.22163650393486023","-0.22163650393486023","-0.22163650393486023"
"107","0.1539892703294754","0.1539892703294754","0.1539892703294754","-0.23014168441295624","-0.23014168441295624","-0.23014168441295624"
"108","0.20437273383140564","0.20437273383140564","0.20437273383140564","-0.22010472416877747","-0.22010472416877747","-0.22010472416877747"
"109","0.125187948346138","0.125187948346138","0.125187948346138","-0.21799629926681519","-0.21799629926681519","-0.21799629926681519"
"110","0.20261994004249573","0.20261994004249573","0.20261994004249573","-0.21437568962574005","-0.21437568962574005","-0.21437568962574005"
"111","0.0926956906914711","0.0926956906914711","0.0926956906914711","-0.20609015226364136","-0.20609015226364136","-0.20609015226364136"
"112","0.15064412355422974","0.15064412355422974","0.15064412355422974","-0.2294434756040573","-0.2294434756040573","-0.2294434756040573"
"113","0.05659303069114685","0.05659303069114685","0.05659303069114685","-0.23353934288024902","-0.23353934288024902","-0.23353934288024902"
"114","0.17995217442512512","0.17995217442512512","0.17995217442512512","-0.2241809219121933","-0.2241809219121933","-0.2241809219121933"
"115","0.0674498900771141","0.0674498900771141","0.0674498900771141","-0.2189495712518692","-0.2189495712518692","-0.2189495712518692"
"116","0.19647178053855896","0.19647178053855896","0.19647178053855896","-0.22214801609516144","-0.22214801609516144","-0.22214801609516144"
"117","0.06906311213970184","0.06906311213970184","0.06906311213970184","-0.23021627962589264","-0.23021627962589264","-0.23021627962589264"
"118","0.19527114927768707","0.19527114927768707","0.19527114927768707","-0.2269536852836609","-0.2269536852836609","-0.2269536852836609"
"119","0.10333314538002014","0.10333314538002014","0.10333314538002014","-0.2310950607061386","-0.2310950607061386","-0.2310950607061386"
"120","0.16848495602607727","0.16848495602607727","0.16848495602607727","-0.22815704345703125","-0.22815704345703125","-0.22815704345703125"
"121","0.12791427969932556","0.12791427969932556","0.12791427969932556","-0.22228677570819855","-0.22228677570819855","-0.22228677570819855"
"122","0.1568906456232071","0.1568906456232071","0.1568906456232071","-0.23070456087589264","-0.23070456087589264","-0.23070456087589264"
"123","0.18674267828464508","0.18674267828464508","0.18674267828464508","-0.2305954396724701","-0.2305954396724701","-0.2305954396724701"
"124","0.1634194403886795","0.1634194403886795","0.1634194403886795","-0.24009810388088226","-0.24009810388088226","-0.24009810388088226"
"125","0.12588520348072052","0.12588520348072052","0.12588520348072052","0.06382212042808533","0.06382212042808533","0.06382212042808533"
"126","0.05406751111149788","0.05406751111149788","0.05406751111149788","0.02130761556327343","0.02130761556327343","0.02130761556327343"
"127","0.015026258304715157","0.015026258304715157","0.015026258304715157","-0.02435992658138275","-0.02435992658138275","-0.02435992658138275"
"128","0.07795096188783646","0.07795096188783646","0.07795096188783646","-0.05581086874008179","-0.05581086874008179","-0.05581086874008179"
"129","0.06420591473579407","0.06420591473579407","0.06420591473579407","-0.06720715761184692","-0.06720715761184692","-0.06720715761184692"
"130","0.14843516051769257","0.14843516051769257","0.14843516051769257","-0.09506677836179733","-0.09506677836179733","-0.09506677836179733"
"131","0.05658199265599251","0.05658199265599251","0.05658199265599251","-0.10661213845014572","-0.10661213845014572","-0.10661213845014572"
"132","0.14198628067970276","0.14198628067970276","0.14198628067970276","-0.12079515308141708","-0.12079515308141708","-0.12079515308141708"
"133","0.06326485425233841","0.06326485425233841","0.06326485425233841","-0.11558901518583298","-0.11558901518583298","-0.11558901518583298"
"134","0.13373896479606628","0.13373896479606628","0.13373896479606628","-0.12149900943040848","-0.12149900943040848","-0.12149900943040848"
"135","0.053057048469781876","0.053057048469781876","0.053057048469781876","-0.1256280243396759","-0.1256280243396759","-0.1256280243396759"
"136","0.0942896232008934","0.0942896232008934","0.0942896232008934","-0.1326942890882492","-0.1326942890882492","-0.1326942890882492"
"137","0.056744012981653214","0.056744012981653214","0.056744012981653214","-0.13887856900691986","-0.13887856900691986","-0.13887856900691986"
"138","0.0685051903128624","0.0685051903128624","0.0685051903128624","-0.13635650277137756","-0.13635650277137756","-0.13635650277137756"
"139","0.02574853040277958","0.02574853040277958","0.02574853040277958","-0.1341191530227661","-0.1341191530227661","-0.1341191530227661"
"140","0.03839986026287079","0.03839986026287079","0.03839986026287079","-0.14501307904720306","-0.14501307904720306","-0.14501307904720306"
"141","0.003843194106593728","0.003843194106593728","0.003843194106593728","-0.14164221286773682","-0.14164221286773682","-0.14164221286773682"
"142","0.006455948576331139","0.006455948576331139","0.006455948576331139","-0.14640289545059204","-0.14640289545059204","-0.14640289545059204"
"143","0.0008567776530981064","0.0008567776530981064","0.0008567776530981064","-0.15024033188819885","-0.15024033188819885","-0.15024033188819885"
"144","-0.023089611902832985","-0.023089611902832985","-0.023089611902832985","-0.15665322542190552","-0.15665322542190552","-0.15665322542190552"
"145","-0.01638610102236271","-0.01638610102236271","-0.01638610102236271","-0.15926291048526764","-0.15926291048526764","-0.15926291048526764"
"146","-0.06722631305456161","-0.06722631305456161","-0.06722631305456161","-0.15313684940338135","-0.15313684940338135","-0.15313684940338135"
"147","0.025600509718060493","0.025600509718060493","0.025600509718060493","-0.1439651995897293","-0.1439651995897293","-0.1439651995897293"
"148","-0.07423954457044601","-0.07423954457044601","-0.07423954457044601","-0.1440480649471283","-0.1440480649471283","-0.1440480649471283"
"149","0.05854886770248413","0.05854886770248413","0.05854886770248413","-0.15815070271492004","-0.15815070271492004","-0.15815070271492004"
"150","0.054713986814022064","0.054713986814022064","0.054713986814022064","0.10553954541683197","0.10553954541683197","0.10553954541683197"
"151","0.06819023936986923","0.06819023936986923","0.06819023936986923","0.005864823702722788","0.005864823702722788","0.005864823702722788"
"152","0.04121113568544388","0.04121113568544388","0.04121113568544388","-0.029283735901117325","-0.029283735901117325","-0.029283735901117325"
"153","0.0526113398373127","0.0526113398373127","0.0526113398373127","-0.03589523583650589","-0.03589523583650589","-0.03589523583650589"
"154","0.006878700572997332","0.006878700572997332","0.006878700572997332","-0.039333783090114594","-0.039333783090114594","-0.039333783090114594"
"155","0.08636671304702759","0.08636671304702759","0.08636671304702759","-0.03265153989195824","-0.03265153989195824","-0.03265153989195824"
"156","0.02436615526676178","0.02436615526676178","0.02436615526676178","-0.04914237931370735","-0.04914237931370735","-0.04914237931370735"
"157","0.096196249127388","0.096196249127388","0.096196249127388","-0.05328774079680443","-0.05328774079680443","-0.05328774079680443"
"158","0.022733531892299652","0.022733531892299652","0.022733531892299652","-0.043673984706401825","-0.043673984706401825","-0.043673984706401825"
"159","0.1007588803768158","0.1007588803768158","0.1007588803768158","-0.04512662813067436","-0.04512662813067436","-0.04512662813067436"
"160","0.058662597090005875","0.058662597090005875","0.058662597090005875","-0.03152626007795334","-0.03152626007795334","-0.03152626007795334"
"161","0.12930135428905487","0.12930135428905487","0.12930135428905487","-0.05306565389037132","-0.05306565389037132","-0.05306565389037132"
"162","0.08717819303274155","0.08717819303274155","0.08717819303274155","-0.03516169264912605","-0.03516169264912605","-0.03516169264912605"
"163","0.13267099857330322","0.13267099857330322","0.13267099857330322","-0.03628307580947876","-0.03628307580947876","-0.03628307580947876"
"164","0.06469952315092087","0.06469952315092087","0.06469952315092087","-0.044191036373376846","-0.044191036373376846","-0.044191036373376846"
"165","0.0808665081858635","0.0808665081858635","0.0808665081858635","-0.05753251165151596","-0.05753251165151596","-0.05753251165151596"
"166","0.003555542090907693","0.003555542090907693","0.003555542090907693","-0.028752215206623077","-0.028752215206623077","-0.028752215206623077"
"167","0.0734434574842453","0.0734434574842453","0.0734434574842453","-0.032896675169467926","-0.032896675169467926","-0.032896675169467926"
"168","-0.010466178879141808","-0.010466178879141808","-0.010466178879141808","-0.05265778303146362","-0.05265778303146362","-0.05265778303146362"
"169","0.07801982015371323","0.07801982015371323","0.07801982015371323","-0.029505131766200066","-0.029505131766200066","-0.029505131766200066"
"170","-0.006988735403865576","-0.006988735403865576","-0.006988735403865576","-0.05257832258939743","-0.05257832258939743","-0.05257832258939743"
"171","0.0975126400589943","0.0975126400589943","0.0975126400589943","-0.028833987191319466","-0.028833987191319466","-0.028833987191319466"
"172","0.02222500927746296","0.02222500927746296","0.02222500927746296","-0.048967473208904266","-0.048967473208904266","-0.048967473208904266"
"173","0.1270834505558014","0.1270834505558014","0.1270834505558014","-0.05760757997632027","-0.05760757997632027","-0.05760757997632027"
"174","0.04607360064983368","0.04607360064983368","0.04607360064983368","-0.057329848408699036","-0.057329848408699036","-0.057329848408699036"
"175","0.08269038796424866","0.08269038796424866","0.08269038796424866","0.06118926778435707","0.06118926778435707","0.06118926778435707"
"176","0.06119699776172638","0.06119699776172638","0.06119699776172638","0.005307317711412907","0.005307317711412907","0.005307317711412907"
"177","0.03441924229264259","0.03441924229264259","0.03441924229264259","-0.0182472113519907","-0.0182472113519907","-0.0182472113519907"
"178","0.023453257977962494","0.023453257977962494","0.023453257977962494","-0.03990563750267029","-0.03990563750267029","-0.03990563750267029"
"179","0.015472851693630219","0.015472851693630219","0.015472851693630219","-0.05687639117240906","-0.05687639117240906","-0.05687639117240906"
"180","0.022876480594277382","0.022876480594277382","0.022876480594277382","-0.051798272877931595","-0.051798272877931595","-0.051798272877931595"
"181","0.04357392340898514","0.04357392340898514","0.04357392340898514","-0.06182006746530533","-0.06182006746530533","-0.06182006746530533"
"182","0.06898071616888046","0.06898071616888046","0.06898071616888046","-0.07564867287874222","-0.07564867287874222","-0.07564867287874222"
"183","0.07966457307338715","0.07966457307338715","0.07966457307338715","-0.07882548123598099","-0.07882548123598099","-0.07882548123598099"
"184","0.0758737176656723","0.0758737176656723","0.0758737176656723","-0.07945036143064499","-0.07945036143064499","-0.07945036143064499"
"185","0.08887829631567001","0.08887829631567001","0.08887829631567001","-0.07574310898780823","-0.07574310898780823","-0.07574310898780823"
"186","0.07839291542768478","0.07839291542768478","0.07839291542768478","-0.08099612593650818","-0.08099612593650818","-0.08099612593650818"
"187","0.11946972459554672","0.11946972459554672","0.11946972459554672","-0.08439897000789642","-0.08439897000789642","-0.08439897000789642"
"188","0.12015337496995926","0.12015337496995926","0.12015337496995926","-0.07915738970041275","-0.07915738970041275","-0.07915738970041275"
"189","0.12711963057518005","0.12711963057518005","0.12711963057518005","-0.08135095983743668","-0.08135095983743668","-0.08135095983743668"
"190","0.10433243215084076","0.10433243215084076","0.10433243215084076","-0.08031588792800903","-0.08031588792800903","-0.08031588792800903"
"191","0.11950524151325226","0.11950524151325226","0.11950524151325226","-0.08186989277601242","-0.08186989277601242","-0.08186989277601242"
"192","0.0870160162448883","0.0870160162448883","0.0870160162448883","-0.08145970851182938","-0.08145970851182938","-0.08145970851182938"
"193","0.08112845569849014","0.08112845569849014","0.08112845569849014","-0.07251226156949997","-0.07251226156949997","-0.07251226156949997"
"194","0.04701138287782669","0.04701138287782669","0.04701138287782669","-0.07472510635852814","-0.07472510635852814","-0.07472510635852814"
"195","0.040546853095293045","0.040546853095293045","0.040546853095293045","-0.07287030667066574","-0.07287030667066574","-0.07287030667066574"
"196","0.018943924456834793","0.018943924456834793","0.018943924456834793","-0.07406182587146759","-0.07406182587146759","-0.07406182587146759"
"197","0.041074350476264954","0.041074350476264954","0.041074350476264954","-0.0686616599559784","-0.0686616599559784","-0.0686616599559784"
"198","0.005747687071561813","0.005747687071561813","0.005747687071561813","-0.0803118571639061","-0.0803118571639061","-0.0803118571639061"
"199","0.06371451914310455","0.06371451914310455","0.06371451914310455","-0.07987436652183533","-0.07987436652183533","-0.07987436652183533"
"200","0.10591700673103333","0.10591700673103333","0.10591700673103333","0.13727451860904694","0.13727451860904694","0.13727451860904694"
"201","0.04888548702001572","0.04888548702001572","0.04888548702001572","0.0744539201259613","0.0744539201259613","0.0744539201259613"
"202","0.06477614492177963","0.06477614492177963","0.06477614492177963","0.0024460426066070795","0.0024460426066070795","0.0024460426066070795"
"203","0.021684307605028152","0.021684307605028152","0.021684307605028152","-0.03699865937232971","-0.03699865937232971","-0.03699865937232971"
"204","0.05341111123561859","0.05341111123561859","0.05341111123561859","-0.06553392857313156","-0.06553392857313156","-0.06553392857313156"
"205","0.059145737439394","0.059145737439394","0.059145737439394","-0.07840674370527267","-0.07840674370527267","-0.07840674370527267"
"206","0.05053924769163132","0.05053924769163132","0.05053924769163132","-0.09491947293281555","-0.09491947293281555","-0.09491947293281555"
"207","0.021468635648489","0.021468635648489","0.021468635648489","-0.11397702991962433","-0.11397702991962433","-0.11397702991962433"
"208","0.042725998908281326","0.042725998908281326","0.042725998908281326","-0.1128736287355423","-0.1128736287355423","-0.1128736287355423"
"209","0.014874747022986412","0.014874747022986412","0.014874747022986412","-0.11687535792589188","-0.11687535792589188","-0.11687535792589188"
"210","0.05001698434352875","0.05001698434352875","0.05001698434352875","-0.12294254451990128","-0.12294254451990128","-0.12294254451990128"
"211","0.06708666682243347","0.06708666682243347","0.06708666682243347","-0.11655055731534958","-0.11655055731534958","-0.11655055731534958"
"212","0.08591832220554352","0.08591832220554352","0.08591832220554352","-0.11578880995512009","-0.11578880995512009","-0.11578880995512009"
"213","0.04872811213135719","0.04872811213135719","0.04872811213135719","-0.14074231684207916","-0.14074231684207916","-0.14074231684207916"
"214","0.08765197545289993","0.08765197545289993","0.08765197545289993","-0.14011499285697937","-0.14011499285697937","-0.14011499285697937"
"215","0.07179887592792511","0.07179887592792511","0.07179887592792511","-0.12658892571926117","-0.12658892571926117","-0.12658892571926117"
"216","0.03776422515511513","0.03776422515511513","0.03776422515511513","-0.11193905770778656","-0.11193905770778656","-0.11193905770778656"
"217","0.005198221653699875","0.005198221653699875","0.005198221653699875","-0.12484024465084076","-0.12484024465084076","-0.12484024465084076"
"218","0.018125144764780998","0.018125144764780998","0.018125144764780998","-0.13913480937480927","-0.13913480937480927","-0.13913480937480927"
"219","0.002256966894492507","0.002256966894492507","0.002256966894492507","-0.13407853245735168","-0.13407853245735168","-0.13407853245735168"
"220","-0.005845042411237955","-0.005845042411237955","-0.005845042411237955","-0.10767953842878342","-0.10767953842878342","-0.10767953842878342"
"221","-0.010839871130883694","-0.010839871130883694","-0.010839871130883694","-0.11641854047775269","-0.11641854047775269","-0.11641854047775269"
"222","-0.05624471977353096","-0.05624471977353096","-0.05624471977353096","-0.14595820009708405","-0.14595820009708405","-0.14595820009708405"
"223","-0.010427374392747879","-0.010427374392747879","-0.010427374392747879","-0.1178717240691185","-0.1178717240691185","-0.1178717240691185"
"224","-0.055380433797836304","-0.055380433797836304","-0.055380433797836304","-0.15777568519115448","-0.15777568519115448","-0.15777568519115448"
"225","0.1351541429758072","0.1351541429758072","0.1351541429758072","0.00019796815467998385","0.00019796815467998385","0.00019796815467998385"
"226","0.02901638299226761","0.02901638299226761","0.02901638299226761","-0.09811244159936905","-0.09811244159936905","-0.09811244159936905"
"227","0.12929366528987885","0.12929366528987885","0.12929366528987885","-0.14706365764141083","-0.14706365764141083","-0.14706365764141083"
"228","0.0656348392367363","0.0656348392367363","0.0656348392367363","-0.1709117591381073","-0.1709117591381073","-0.1709117591381073"
"229","0.14604082703590393","0.14604082703590393","0.14604082703590393","-0.18274132907390594","-0.18274132907390594","-0.18274132907390594"
"230","0.06961172819137573","0.06961172819137573","0.06961172819137573","-0.17645443975925446","-0.17645443975925446","-0.17645443975925446"
"231","0.09091977030038834","0.09091977030038834","0.09091977030038834","-0.18962320685386658","-0.18962320685386658","-0.18962320685386658"
"232","0.044070467352867126","0.044070467352867126","0.044070467352867126","-0.1979270726442337","-0.1979270726442337","-0.1979270726442337"
"233","0.07343541085720062","0.07343541085720062","0.07343541085720062","-0.18994885683059692","-0.18994885683059692","-0.18994885683059692"
"234","0.017510242760181427","0.017510242760181427","0.017510242760181427","-0.1937139332294464","-0.1937139332294464","-0.1937139332294464"
"235","0.0404239296913147","0.0404239296913147","0.0404239296913147","-0.18849119544029236","-0.18849119544029236","-0.18849119544029236"
"236","-0.03277301415801048","-0.03277301415801048","-0.03277301415801048","-0.19550476968288422","-0.19550476968288422","-0.19550476968288422"
"237","0.02593115344643593","0.02593115344643593","0.02593115344643593","-0.19743561744689941","-0.19743561744689941","-0.19743561744689941"
"238","-0.044325921684503555","-0.044325921684503555","-0.044325921684503555","-0.19184459745883942","-0.19184459745883942","-0.19184459745883942"
"239","0.013321355916559696","0.013321355916559696","0.013321355916559696","-0.19230838119983673","-0.19230838119983673","-0.19230838119983673"
"240","-0.0733633041381836","-0.0733633041381836","-0.0733633041381836","-0.18941335380077362","-0.18941335380077362","-0.18941335380077362"
"241","-0.011636517010629177","-0.011636517010629177","-0.011636517010629177","-0.19277524948120117","-0.19277524948120117","-0.19277524948120117"
"242","-0.0874924436211586","-0.0874924436211586","-0.0874924436211586","-0.19463425874710083","-0.19463425874710083","-0.19463425874710083"
"243","-0.011707271449267864","-0.011707271449267864","-0.011707271449267864","-0.18693843483924866","-0.18693843483924866","-0.18693843483924866"
"244","-0.0619586743414402","-0.0619586743414402","-0.0619586743414402","-0.20115944743156433","-0.20115944743156433","-0.20115944743156433"
"245","-0.054455630481243134","-0.054455630481243134","-0.054455630481243134","-0.19930897653102875","-0.19930897653102875","-0.19930897653102875"
"246","-0.06860676407814026","-0.06860676407814026","-0.06860676407814026","-0.19316507875919342","-0.19316507875919342","-0.19316507875919342"
"247","-0.009898219257593155","-0.009898219257593155","-0.009898219257593155","-0.19540700316429138","-0.19540700316429138","-0.19540700316429138"
"248","-0.09519747644662857","-0.09519747644662857","-0.09519747644662857","-0.18985527753829956","-0.18985527753829956","-0.18985527753829956"
"249","-0.027198633179068565","-0.027198633179068565","-0.027198633179068565","-0.19071489572525024","-0.19071489572525024","-0.19071489572525024"
"250","0.032530345022678375","0.032530345022678375","0.032530345022678375","0.0658138245344162","0.0658138245344162","0.0658138245344162"
"251","-0.05503770709037781","-0.05503770709037781","-0.05503770709037781","-0.013791381381452084","-0.013791381381452084","-0.013791381381452084"
"252","-0.060784269124269485","-0.060784269124269485","-0.060784269124269485","-0.12854118645191193","-0.12854118645191193","-0.12854118645191193"
"253","-0.01715424656867981","-0.01715424656867981","-0.01715424656867981","-0.16113422811031342","-0.16113422811031342","-0.16113422811031342"
"254","0.018049683421850204","0.018049683421850204","0.018049683421850204","-0.20886750519275665","-0.20886750519275665","-0.20886750519275665"
"255","0.04976733401417732","0.04976733401417732","0.04976733401417732","-0.22884522378444672","-0.22884522378444672","-0.22884522378444672"
"256","0.062218647450208664","0.062218647450208664","0.062218647450208664","-0.19274760782718658","-0.19274760782718658","-0.19274760782718658"
"257","0.004347352311015129","0.004347352311015129","0.004347352311015129","-0.22035031020641327","-0.22035031020641327","-0.22035031020641327"
"258","0.03059702180325985","0.03059702180325985","0.03059702180325985","-0.21873068809509277","-0.21873068809509277","-0.21873068809509277"
"259","-0.030727291479706764","-0.030727291479706764","-0.030727291479706764","-0.2255910038948059","-0.2255910038948059","-0.2255910038948059"
"260","-0.021764157339930534","-0.021764157339930534","-0.021764157339930534","-0.22091473639011383","-0.22091473639011383","-0.22091473639011383"
"261","-0.05283629521727562","-0.05283629521727562","-0.05283629521727562","-0.24198442697525024","-0.24198442697525024","-0.24198442697525024"
"262","0.000638928497210145","0.000638928497210145","0.000638928497210145","-0.2288324385881424","-0.2288324385881424","-0.2288324385881424"
"263","0.011303137987852097","0.011303137987852097","0.011303137987852097","-0.23619875311851501","-0.23619875311851501","-0.23619875311851501"
"264","0.0748470202088356","0.0748470202088356","0.0748470202088356","-0.22584417462348938","-0.22584417462348938","-0.22584417462348938"
"265","0.06986485421657562","0.06986485421657562","0.06986485421657562","-0.1882721185684204","-0.1882721185684204","-0.1882721185684204"
"266","0.12155464291572571","0.12155464291572571","0.12155464291572571","-0.2179684191942215","-0.2179684191942215","-0.2179684191942215"
"267","0.11155783385038376","0.11155783385038376","0.11155783385038376","-0.2343357503414154","-0.2343357503414154","-0.2343357503414154"
"268","0.18647903203964233","0.18647903203964233","0.18647903203964233","-0.24044333398342133","-0.24044333398342133","-0.24044333398342133"
"269","0.14993394911289215","0.14993394911289215","0.14993394911289215","-0.22872596979141235","-0.22872596979141235","-0.22872596979141235"
"270","0.15508300065994263","0.15508300065994263","0.15508300065994263","-0.25974681973457336","-0.25974681973457336","-0.25974681973457336"
"271","0.12248576432466507","0.12248576432466507","0.12248576432466507","-0.2434595227241516","-0.2434595227241516","-0.2434595227241516"
"272","0.09582943469285965","0.09582943469285965","0.09582943469285965","-0.23730483651161194","-0.23730483651161194","-0.23730483651161194"
"273","0.07698874175548553","0.07698874175548553","0.07698874175548553","-0.24211673438549042","-0.24211673438549042","-0.24211673438549042"
"274","0.026664072647690773","0.026664072647690773","0.026664072647690773","-0.18965715169906616","-0.18965715169906616","-0.18965715169906616"
"275","0.03257375210523605","0.03257375210523605","0.03257375210523605","0.011701752431690693","0.011701752431690693","0.011701752431690693"
"276","0.050695694983005524","0.050695694983005524","0.050695694983005524","-0.07395179569721222","-0.07395179569721222","-0.07395179569721222"
"277","0.0449080690741539","0.0449080690741539","0.0449080690741539","-0.11008614301681519","-0.11008614301681519","-0.11008614301681519"
"278","-0.01943696290254593","-0.01943696290254593","-0.01943696290254593","-0.16461244225502014","-0.16461244225502014","-0.16461244225502014"
"279","0.027796901762485504","0.027796901762485504","0.027796901762485504","-0.16750426590442657","-0.16750426590442657","-0.16750426590442657"
"280","-0.03527327626943588","-0.03527327626943588","-0.03527327626943588","-0.21688596904277802","-0.21688596904277802","-0.21688596904277802"
"281","-0.023071089759469032","-0.023071089759469032","-0.023071089759469032","-0.19971910119056702","-0.19971910119056702","-0.19971910119056702"
"282","-0.06265036761760712","-0.06265036761760712","-0.06265036761760712","-0.21084924042224884","-0.21084924042224884","-0.21084924042224884"
"283","-0.04291665554046631","-0.04291665554046631","-0.04291665554046631","-0.20177827775478363","-0.20177827775478363","-0.20177827775478363"
"284","-0.06497786939144135","-0.06497786939144135","-0.06497786939144135","-0.18417565524578094","-0.18417565524578094","-0.18417565524578094"
"285","-0.044742438942193985","-0.044742438942193985","-0.044742438942193985","-0.1833837628364563","-0.1833837628364563","-0.1833837628364563"
"286","-0.05530626326799393","-0.05530626326799393","-0.05530626326799393","-0.18668048083782196","-0.18668048083782196","-0.18668048083782196"
"287","-0.049852944910526276","-0.049852944910526276","-0.049852944910526276","-0.217502161860466","-0.217502161860466","-0.217502161860466"
"288","-0.0683872252702713","-0.0683872252702713","-0.0683872252702713","-0.22946974635124207","-0.22946974635124207","-0.22946974635124207"
"289","-0.037110257893800735","-0.037110257893800735","-0.037110257893800735","-0.18727563321590424","-0.18727563321590424","-0.18727563321590424"
"290","-0.07108800113201141","-0.07108800113201141","-0.07108800113201141","-0.20953583717346191","-0.20953583717346191","-0.20953583717346191"
"291","-0.06291090697050095","-0.06291090697050095","-0.06291090697050095","-0.19096431136131287","-0.19096431136131287","-0.19096431136131287"
"292","-0.04783913120627403","-0.04783913120627403","-0.04783913120627403","-0.19223475456237793","-0.19223475456237793","-0.19223475456237793"
"293","-0.0659218430519104","-0.0659218430519104","-0.0659218430519104","-0.18437987565994263","-0.18437987565994263","-0.18437987565994263"
"294","-0.03926551714539528","-0.03926551714539528","-0.03926551714539528","-0.19427889585494995","-0.19427889585494995","-0.19427889585494995"
"295","-0.04546590521931648","-0.04546590521931648","-0.04546590521931648","-0.21118874847888947","-0.21118874847888947","-0.21118874847888947"
"296","-0.030041618272662163","-0.030041618272662163","-0.030041618272662163","-0.175751730799675","-0.175751730799675","-0.175751730799675"
"297","-0.043280746787786484","-0.043280746787786484","-0.043280746787786484","-0.21225126087665558","-0.21225126087665558","-0.21225126087665558"
"298","-0.04854642599821091","-0.04854642599821091","-0.04854642599821091","-0.20471788942813873","-0.20471788942813873","-0.20471788942813873"
"299","-0.015991615131497383","-0.015991615131497383","-0.015991615131497383","-0.1842002421617508","-0.1842002421617508","-0.1842002421617508"
"300","","","","0.09532036632299423","0.09532036632299423","0.09532036632299423"
"301","","","","-0.04468059539794922","-0.04468059539794922","-0.04468059539794922"
"302","","","","-0.07689184695482254","-0.07689184695482254","-0.07689184695482254"
"303","","","","-0.09349741786718369","-0.09349741786718369","-0.09349741786718369"
"304","","","","-0.10401621460914612","-0.10401621460914612","-0.10401621460914612"
"305","","","","-0.10945028066635132","-0.10945028066635132","-0.10945028066635132"
"306","","","","-0.12747074663639069","-0.12747074663639069","-0.12747074663639069"
"307","","","","-0.11199002712965012","-0.11199002712965012","-0.11199002712965012"
"308","","","","-0.11526066809892654","-0.11526066809892654","-0.11526066809892654"
"309","","","","-0.1317882239818573","-0.1317882239818573","-0.1317882239818573"
"310","","","","-0.1369343400001526","-0.1369343400001526","-0.1369343400001526"
"311","","","","-0.1340339332818985","-0.1340339332818985","-0.1340339332818985"
"312","","","","-0.14052049815654755","-0.14052049815654755","-0.14052049815654755"
"313","","","","-0.1414266973733902","-0.1414266973733902","-0.1414266973733902"
"314","","","","-0.15458938479423523","-0.15458938479423523","-0.15458938479423523"
"315","","","","-0.1317209005355835","-0.1317209005355835","-0.1317209005355835"
"316","","","","-0.13240700960159302","-0.13240700960159302","-0.13240700960159302"
"317","","","","-0.1449713110923767","-0.1449713110923767","-0.1449713110923767"
"318","","","","-0.14584992825984955","-0.14584992825984955","-0.14584992825984955"
"319","","","","-0.13628500699996948","-0.13628500699996948","-0.13628500699996948"
"320","","","","-0.14634168148040771","-0.14634168148040771","-0.14634168148040771"
"321","","","","-0.12477744370698929","-0.12477744370698929","-0.12477744370698929"
"322","","","","-0.1463889628648758","-0.1463889628648758","-0.1463889628648758"
"323","","","","-0.15104320645332336","-0.15104320645332336","-0.15104320645332336"
"324","","","","-0.13841955363750458","-0.13841955363750458","-0.13841955363750458"
"325","","","","0.02688683196902275","0.02688683196902275","0.02688683196902275"
"326","","","","-0.07021352648735046","-0.07021352648735046","-0.07021352648735046"
"327","","","","-0.08912842720746994","-0.08912842720746994","-0.08912842720746994"
"328","","","","-0.09393883496522903","-0.09393883496522903","-0.09393883496522903"
"329","","","","-0.09626615047454834","-0.09626615047454834","-0.09626615047454834"
"330","","","","-0.11036728322505951","-0.11036728322505951","-0.11036728322505951"
"331","","","","-0.10373511910438538","-0.10373511910438538","-0.10373511910438538"
"332","","","","-0.10621684789657593","-0.10621684789657593","-0.10621684789657593"
"333","","","","-0.09634166210889816","-0.09634166210889816","-0.09634166210889816"
"334","","","","-0.09570133686065674","-0.09570133686065674","-0.09570133686065674"
"335","","","","-0.11499122530221939","-0.11499122530221939","-0.11499122530221939"
"336","","","","-0.10881449282169342","-0.10881449282169342","-0.10881449282169342"
"337","","","","-0.11659830063581467","-0.11659830063581467","-0.11659830063581467"
"338","","","","-0.11539856344461441","-0.11539856344461441","-0.11539856344461441"
"339","","","","-0.10184889286756516","-0.10184889286756516","-0.10184889286756516"
"340","","","","-0.12005644291639328","-0.12005644291639328","-0.12005644291639328"
"341","","","","-0.11469292640686035","-0.11469292640686035","-0.11469292640686035"
"342","","","","-0.12618498504161835","-0.12618498504161835","-0.12618498504161835"
"343","","","","-0.11320044100284576","-0.11320044100284576","-0.11320044100284576"
"344","","","","-0.11186176538467407","-0.11186176538467407","-0.11186176538467407"
"345","","","","-0.11419379711151123","-0.11419379711151123","-0.11419379711151123"
"346","","","","-0.11686385422945023","-0.11686385422945023","-0.11686385422945023"
"347","","","","-0.10516128689050674","-0.10516128689050674","-0.10516128689050674"
"348","","","","-0.10876423865556717","-0.10876423865556717","-0.10876423865556717"
"349","","","","-0.1241181492805481","-0.1241181492805481","-0.1241181492805481"
"350","","","","0.07123982161283493","0.07123982161283493","0.07123982161283493"
"351","","","","-0.0030853599309921265","-0.0030853599309921265","-0.0030853599309921265"
"352","","","","-0.029867345467209816","-0.029867345467209816","-0.029867345467209816"
"353","","","","-0.0432894229888916","-0.0432894229888916","-0.0432894229888916"
"354","","","","-0.04921649768948555","-0.04921649768948555","-0.04921649768948555"
"355","","","","-0.057047322392463684","-0.057047322392463684","-0.057047322392463684"
"356","","","","-0.06391893327236176","-0.06391893327236176","-0.06391893327236176"
"357","","","","-0.057163335382938385","-0.057163335382938385","-0.057163335382938385"
"358","","","","-0.06871681660413742","-0.06871681660413742","-0.06871681660413742"
"359","","","","-0.08104932308197021","-0.08104932308197021","-0.08104932308197021"
"360","","","","-0.06879595667123795","-0.06879595667123795","-0.06879595667123795"
"361","","","","-0.07545938342809677","-0.07545938342809677","-0.07545938342809677"
"362","","","","-0.06636127084493637","-0.06636127084493637","-0.06636127084493637"
"363","","","","-0.059220630675554276","-0.059220630675554276","-0.059220630675554276"
"364","","","","-0.07298268377780914","-0.07298268377780914","-0.07298268377780914"
"365","","","","-0.07510992884635925","-0.07510992884635925","-0.07510992884635925"
"366","","","","-0.06508723646402359","-0.06508723646402359","-0.06508723646402359"
"367","","","","-0.07048725336790085","-0.07048725336790085","-0.07048725336790085"
"368","","","","-0.056160248816013336","-0.056160248816013336","-0.056160248816013336"
"369","","","","-0.0580328144133091","-0.0580328144133091","-0.0580328144133091"
"370","","","","-0.06882566958665848","-0.06882566958665848","-0.06882566958665848"
"371","","","","-0.06258834153413773","-0.06258834153413773","-0.06258834153413773"
"372","","","","-0.06977243721485138","-0.06977243721485138","-0.06977243721485138"
"373","","","","-0.06926270574331284","-0.06926270574331284","-0.06926270574331284"
"374","","","","-0.04294246807694435","-0.04294246807694435","-0.04294246807694435"
"375","","","","0.0840771421790123","0.0840771421790123","0.0840771421790123"
"376","","","","0.02675589546561241","0.02675589546561241","0.02675589546561241"
"377","","","","-0.002972304355353117","-0.002972304355353117","-0.002972304355353117"
"378","","","","-0.04378693550825119","-0.04378693550825119","-0.04378693550825119"
"379","","","","-0.08776011317968369","-0.08776011317968369","-0.08776011317968369"
"380","","","","-0.09124047309160233","-0.09124047309160233","-0.09124047309160233"
"381","","","","-0.09050090610980988","-0.09050090610980988","-0.09050090610980988"
"382","","","","-0.09230226278305054","-0.09230226278305054","-0.09230226278305054"
"383","","","","-0.11004600673913956","-0.11004600673913956","-0.11004600673913956"
"384","","","","-0.10181422531604767","-0.10181422531604767","-0.10181422531604767"
"385","","","","-0.09123682975769043","-0.09123682975769043","-0.09123682975769043"
"386","","","","-0.08999582380056381","-0.08999582380056381","-0.08999582380056381"
"387","","","","-0.11198332160711288","-0.11198332160711288","-0.11198332160711288"
"388","","","","-0.10142454504966736","-0.10142454504966736","-0.10142454504966736"
"389","","","","-0.10818726569414139","-0.10818726569414139","-0.10818726569414139"
"390","","","","-0.1150926873087883","-0.1150926873087883","-0.1150926873087883"
"391","","","","-0.10277343541383743","-0.10277343541383743","-0.10277343541383743"
"392","","","","-0.08484632521867752","-0.08484632521867752","-0.08484632521867752"
"393","","","","-0.08020714670419693","-0.08020714670419693","-0.08020714670419693"
"394","","","","-0.1075885146856308","-0.1075885146856308","-0.1075885146856308"
"395","","","","-0.10523446649312973","-0.10523446649312973","-0.10523446649312973"
"396","","","","-0.133234441280365","-0.133234441280365","-0.133234441280365"
"397","","","","-0.11223248392343521","-0.11223248392343521","-0.11223248392343521"
"398","","","","-0.10591994971036911","-0.10591994971036911","-0.10591994971036911"
"399","","","","-0.12502162158489227","-0.12502162158489227","-0.12502162158489227"
"400","","","","0.07602337002754211","0.07602337002754211","0.07602337002754211"
"401","","","","-0.02954689785838127","-0.02954689785838127","-0.02954689785838127"
"402","","","","-0.10780631005764008","-0.10780631005764008","-0.10780631005764008"
"403","","","","-0.14574837684631348","-0.14574837684631348","-0.14574837684631348"
"404","","","","-0.1636083573102951","-0.1636083573102951","-0.1636083573102951"
"405","","","","-0.17054803669452667","-0.17054803669452667","-0.17054803669452667"
"406","","","","-0.1727767139673233","-0.1727767139673233","-0.1727767139673233"
"407","","","","-0.17751005291938782","-0.17751005291938782","-0.17751005291938782"
"408","","","","-0.1802903264760971","-0.1802903264760971","-0.1802903264760971"
"409","","","","-0.1742093563079834","-0.1742093563079834","-0.1742093563079834"
"410","","","","-0.18608660995960236","-0.18608660995960236","-0.18608660995960236"
"411","","","","-0.18069934844970703","-0.18069934844970703","-0.18069934844970703"
"412","","","","-0.18430475890636444","-0.18430475890636444","-0.18430475890636444"
"413","","","","-0.1904783397912979","-0.1904783397912979","-0.1904783397912979"
"414","","","","-0.19602373242378235","-0.19602373242378235","-0.19602373242378235"
"415","","","","-0.19480901956558228","-0.19480901956558228","-0.19480901956558228"
"416","","","","-0.19007375836372375","-0.19007375836372375","-0.19007375836372375"
"417","","","","-0.19677548110485077","-0.19677548110485077","-0.19677548110485077"
"418","","","","-0.18565866351127625","-0.18565866351127625","-0.18565866351127625"
"419","","","","-0.18709605932235718","-0.18709605932235718","-0.18709605932235718"
"420","","","","-0.19542060792446136","-0.19542060792446136","-0.19542060792446136"
"421","","","","-0.20725025236606598","-0.20725025236606598","-0.20725025236606598"
"422","","","","-0.1950921267271042","-0.1950921267271042","-0.1950921267271042"
"423","","","","-0.2101580947637558","-0.2101580947637558","-0.2101580947637558"
"424","","","","-0.19653008878231049","-0.19653008878231049","-0.19653008878231049"
"425","","","","0.07342782616615295","0.07342782616615295","0.07342782616615295"
"426","","","","0.0071480609476566315","0.0071480609476566315","0.0071480609476566315"
"427","","","","-0.023997996002435684","-0.023997996002435684","-0.023997996002435684"
"428","","","","-0.04952314496040344","-0.04952314496040344","-0.04952314496040344"
"429","","","","-0.06429171562194824","-0.06429171562194824","-0.06429171562194824"
"430","","","","-0.06914877146482468","-0.06914877146482468","-0.06914877146482468"
"431","","","","-0.07924865186214447","-0.07924865186214447","-0.07924865186214447"
"432","","","","-0.07833544909954071","-0.07833544909954071","-0.07833544909954071"
"433","","","","-0.07325595617294312","-0.07325595617294312","-0.07325595617294312"
"434","","","","-0.07997768372297287","-0.07997768372297287","-0.07997768372297287"
"435","","","","-0.07624492049217224","-0.07624492049217224","-0.07624492049217224"
"436","","","","-0.07683522999286652","-0.07683522999286652","-0.07683522999286652"
"437","","","","-0.06983514875173569","-0.06983514875173569","-0.06983514875173569"
"438","","","","-0.06514278054237366","-0.06514278054237366","-0.06514278054237366"
"439","","","","-0.0835493728518486","-0.0835493728518486","-0.0835493728518486"
"440","","","","-0.07123447954654694","-0.07123447954654694","-0.07123447954654694"
"441","","","","-0.06533589214086533","-0.06533589214086533","-0.06533589214086533"
"442","","","","-0.07498891651630402","-0.07498891651630402","-0.07498891651630402"
"443","","","","-0.0715482085943222","-0.0715482085943222","-0.0715482085943222"
"444","","","","-0.07366226613521576","-0.07366226613521576","-0.07366226613521576"
"445","","","","-0.07103513181209564","-0.07103513181209564","-0.07103513181209564"
"446","","","","-0.07288984209299088","-0.07288984209299088","-0.07288984209299088"
"447","","","","-0.06742539256811142","-0.06742539256811142","-0.06742539256811142"
"448","","","","-0.06571169197559357","-0.06571169197559357","-0.06571169197559357"
"449","","","","-0.05762612074613571","-0.05762612074613571","-0.05762612074613571"
"450","","","","0.010455295443534851","0.010455295443534851","0.010455295443534851"
"451","","","","-0.07712031155824661","-0.07712031155824661","-0.07712031155824661"
"452","","","","-0.06441938132047653","-0.06441938132047653","-0.06441938132047653"
"453","","","","-0.0585092194378376","-0.0585092194378376","-0.0585092194378376"
"454","","","","-0.05388476699590683","-0.05388476699590683","-0.05388476699590683"
"455","","","","-0.04889046028256416","-0.04889046028256416","-0.04889046028256416"