"Step","CIFAR100_CNN_FedALA_sgd_lr0.005_20classes_st - Global/Timestep Angle After","CIFAR100_CNN_FedALA_sgd_lr0.005_20classes_st - Global/Timestep Angle After__MIN","CIFAR100_CNN_FedALA_sgd_lr0.005_20classes_st - Global/Timestep Angle After__MAX","CIFAR100_CNN_FedDBE_sgd_lr0.005_20classes_st - Global/Timestep Angle After","CIFAR100_CNN_FedDBE_sgd_lr0.005_20classes_st - Global/Timestep Angle After__MIN","CIFAR100_CNN_FedDBE_sgd_lr0.005_20classes_st - Global/Timestep Angle After__MAX","CIFAR100_CNN_FedAvg_sgd_lr0.005_20classes_st - Global/Timestep Angle After","CIFAR100_CNN_FedAvg_sgd_lr0.005_20classes_st - Global/Timestep Angle After__MIN","CIFAR100_CNN_FedAvg_sgd_lr0.005_20classes_st - Global/Timestep Angle After__MAX","CIFAR100_CNN_FedAvg_sgd_lr0.005_st - Global/Timestep Angle After","CIFAR100_CNN_FedAvg_sgd_lr0.005_st - Global/Timestep Angle After__MIN","CIFAR100_CNN_FedAvg_sgd_lr0.005_st - Global/Timestep Angle After__MAX"
"0","0","0","0","0.9999999761581421","0.9999999761581421","0.9999999761581421","0","0","0","0","0","0"
"1","1.0000000238418578","1.0000000238418578","1.0000000238418578","1.000000035762787","1.000000035762787","1.000000035762787","0.9999999821186065","0.9999999821186065","0.9999999821186065","1.0000000476837159","1.0000000476837159","1.0000000476837159"
"2","1.0000000417232513","1.0000000417232513","1.0000000417232513","0.9999999940395355","0.9999999940395355","0.9999999940395355","0.9999999880790711","0.9999999880790711","0.9999999880790711","1.0000000238418578","1.0000000238418578","1.0000000238418578"
"3","1.0000000178813935","1.0000000178813935","1.0000000178813935","1.0000000238418578","1.0000000238418578","1.0000000238418578","0.9999999582767487","0.9999999582767487","0.9999999582767487","0.9999999761581421","0.9999999761581421","0.9999999761581421"
"4","1.000000011920929","1.000000011920929","1.000000011920929","0.9999999463558197","0.9999999463558197","0.9999999463558197","1.000000011920929","1.000000011920929","1.000000011920929","1.0000000417232513","1.0000000417232513","1.0000000417232513"
"5","1.0000000417232513","1.0000000417232513","1.0000000417232513","0.9999999821186065","0.9999999821186065","0.9999999821186065","1.0000000298023224","1.0000000298023224","1.0000000298023224","1.0000000178813935","1.0000000178813935","1.0000000178813935"
"6","1.0000000298023224","1.0000000298023224","1.0000000298023224","1.0000000238418578","1.0000000238418578","1.0000000238418578","0.9999999940395355","0.9999999940395355","0.9999999940395355","1.0000000417232513","1.0000000417232513","1.0000000417232513"
"7","1.000000011920929","1.000000011920929","1.000000011920929","1.0000000059604646","1.0000000059604646","1.0000000059604646","0.9999999701976776","0.9999999701976776","0.9999999701976776","0.9999999344348908","0.9999999344348908","0.9999999344348908"
"8","1.0000000059604646","1.0000000059604646","1.0000000059604646","0.9999999701976776","0.9999999701976776","0.9999999701976776","1.0000000238418578","1.0000000238418578","1.0000000238418578","0.9999999940395355","0.9999999940395355","0.9999999940395355"
"9","0.9999999642372132","0.9999999642372132","0.9999999642372132","1.0000000476837159","1.0000000476837159","1.0000000476837159","1.0000000178813935","1.0000000178813935","1.0000000178813935","1","1","1"
"10","1.0000000059604646","1.0000000059604646","1.0000000059604646","1.0000000298023224","1.0000000298023224","1.0000000298023224","0.9999999821186065","0.9999999821186065","0.9999999821186065","0.9999999761581421","0.9999999761581421","0.9999999761581421"
"11","0.9999999761581421","0.9999999761581421","0.9999999761581421","1.0000000059604646","1.0000000059604646","1.0000000059604646","1.0000000059604646","1.0000000059604646","1.0000000059604646","0.9999999940395355","0.9999999940395355","0.9999999940395355"
"12","0.9999999821186065","0.9999999821186065","0.9999999821186065","0.9999999761581421","0.9999999761581421","0.9999999761581421","1.0000000238418578","1.0000000238418578","1.0000000238418578","1.0000000238418578","1.0000000238418578","1.0000000238418578"
"13","1.0000000059604646","1.0000000059604646","1.0000000059604646","1.0000000178813935","1.0000000178813935","1.0000000178813935","1.0000000059604646","1.0000000059604646","1.0000000059604646","1","1","1"
"14","0.9999999940395355","0.9999999940395355","0.9999999940395355","1.0000000238418578","1.0000000238418578","1.0000000238418578","1.0000000059604646","1.0000000059604646","1.0000000059604646","0.9999999582767487","0.9999999582767487","0.9999999582767487"
"15","0.9999999582767487","0.9999999582767487","0.9999999582767487","1.0000000417232513","1.0000000417232513","1.0000000417232513","1.0000000476837159","1.0000000476837159","1.0000000476837159","1.0000000536441802","1.0000000536441802","1.0000000536441802"
"16","1","1","1","0.9999999880790711","0.9999999880790711","0.9999999880790711","0.9999999880790711","0.9999999880790711","0.9999999880790711","0.9999999463558197","0.9999999463558197","0.9999999463558197"
"17","1.000000035762787","1.000000035762787","1.000000035762787","1.0000000178813935","1.0000000178813935","1.0000000178813935","1.0000000417232513","1.0000000417232513","1.0000000417232513","1.0000000298023224","1.0000000298023224","1.0000000298023224"
"18","0.9999999880790711","0.9999999880790711","0.9999999880790711","1","1","1","1.0000000715255737","1.0000000715255737","1.0000000715255737","0.9999999821186065","0.9999999821186065","0.9999999821186065"
"19","0.9999999880790711","0.9999999880790711","0.9999999880790711","1.0000000059604646","1.0000000059604646","1.0000000059604646","0.9999999761581421","0.9999999761581421","0.9999999761581421","1.0000000059604646","1.0000000059604646","1.0000000059604646"
"20","1.000000011920929","1.000000011920929","1.000000011920929","1","1","1","1.0000000238418578","1.0000000238418578","1.0000000238418578","1.000000035762787","1.000000035762787","1.000000035762787"
"21","1.000000035762787","1.000000035762787","1.000000035762787","1.0000000298023224","1.0000000298023224","1.0000000298023224","0.9999999761581421","0.9999999761581421","0.9999999761581421","1.0000000178813935","1.0000000178813935","1.0000000178813935"
"22","1","1","1","0.9999999880790711","0.9999999880790711","0.9999999880790711","0.9999999523162841","0.9999999523162841","0.9999999523162841","1.0000001072883606","1.0000001072883606","1.0000001072883606"
"23","0.9999999582767487","0.9999999582767487","0.9999999582767487","0.9999999701976776","0.9999999701976776","0.9999999701976776","1","1","1","1.0000000178813935","1.0000000178813935","1.0000000178813935"
"24","0.9999999940395355","0.9999999940395355","0.9999999940395355","1.0000000178813935","1.0000000178813935","1.0000000178813935","0.9999999940395355","0.9999999940395355","0.9999999940395355","1","1","1"
"25","1","1","1","1","1","1","1","1","1","0.9999999582767487","0.9999999582767487","0.9999999582767487"
"26","0.49968562753492735","0.49968562753492735","0.49968562753492735","0.4969081687100697","0.4969081687100697","0.4969081687100697","0.4950273873590049","0.4950273873590049","0.4950273873590049","0.38811598941683767","0.38811598941683767","0.38811598941683767"
"27","0.4957448595407186","0.4957448595407186","0.4957448595407186","0.4939304823754355","0.4939304823754355","0.4939304823754355","0.4940771318244515","0.4940771318244515","0.4940771318244515","0.399471696279943","0.399471696279943","0.399471696279943"
"28","0.4931486543850042","0.4931486543850042","0.4931486543850042","0.4940793186426163","0.4940793186426163","0.4940793186426163","0.4928324064705521","0.4928324064705521","0.4928324064705521","0.4006914131343365","0.4006914131343365","0.4006914131343365"
"29","0.49456058638170364","0.49456058638170364","0.49456058638170364","0.4932880946435034","0.4932880946435034","0.4932880946435034","0.4933689916273579","0.4933689916273579","0.4933689916273579","0.4106386950239539","0.4106386950239539","0.4106386950239539"
"30","0.49262011946411804","0.49262011946411804","0.49262011946411804","0.49333470098208637","0.49333470098208637","0.49333470098208637","0.49344731485471127","0.49344731485471127","0.49344731485471127","0.40101465173065665","0.40101465173065665","0.40101465173065665"
"31","0.4942198734264821","0.4942198734264821","0.4942198734264821","0.49316818956285713","0.49316818956285713","0.49316818956285713","0.4941149969934486","0.4941149969934486","0.4941149969934486","0.40253056213259697","0.40253056213259697","0.40253056213259697"
"32","0.49232327486388383","0.49232327486388383","0.49232327486388383","0.4932665497311973","0.4932665497311973","0.4932665497311973","0.49247881330084053","0.49247881330084053","0.49247881330084053","0.39452303349971773","0.39452303349971773","0.39452303349971773"
"33","0.49214512155158446","0.49214512155158446","0.49214512155158446","0.4913357973564416","0.4913357973564416","0.4913357973564416","0.49270861537661403","0.49270861537661403","0.49270861537661403","0.4037106689065695","0.4037106689065695","0.4037106689065695"
"34","0.4913940965663642","0.4913940965663642","0.4913940965663642","0.4931251377100125","0.4931251377100125","0.4931251377100125","0.49221615083515646","0.49221615083515646","0.49221615083515646","0.4161511777434498","0.4161511777434498","0.4161511777434498"
"35","0.49129648299422113","0.49129648299422113","0.49129648299422113","0.492268117563799","0.492268117563799","0.492268117563799","0.4920798464212567","0.4920798464212567","0.4920798464212567","0.41218889877200127","0.41218889877200127","0.41218889877200127"
"36","0.4905170653248206","0.4905170653248206","0.4905170653248206","0.4916190062649548","0.4916190062649548","0.4916190062649548","0.4915154511574656","0.4915154511574656","0.4915154511574656","0.4119209536351264","0.4119209536351264","0.4119209536351264"
"37","0.49021712616086005","0.49021712616086005","0.49021712616086005","0.4909109679982066","0.4909109679982066","0.4909109679982066","0.49068817403167486","0.49068817403167486","0.49068817403167486","0.4121245514601469","0.4121245514601469","0.4121245514601469"
"38","0.4890228454489261","0.4890228454489261","0.4890228454489261","0.4907483553979546","0.4907483553979546","0.4907483553979546","0.4903576199896634","0.4903576199896634","0.4903576199896634","0.40207582656294105","0.40207582656294105","0.40207582656294105"
"39","0.48853638297878205","0.48853638297878205","0.48853638297878205","0.4903306112159044","0.4903306112159044","0.4903306112159044","0.4902461329009384","0.4902461329009384","0.4902461329009384","0.40255924612283706","0.40255924612283706","0.40255924612283706"
"40","0.48686131536960603","0.48686131536960603","0.48686131536960603","0.48928860544692726","0.48928860544692726","0.48928860544692726","0.48917165654711425","0.48917165654711425","0.48917165654711425","0.4232136950362474","0.4232136950362474","0.4232136950362474"
"41","0.4869545766618103","0.4869545766618103","0.4869545766618103","0.4902964196167886","0.4902964196167886","0.4902964196167886","0.48933953093364835","0.48933953093364835","0.48933953093364835","0.41724839629605415","0.41724839629605415","0.41724839629605415"
"42","0.4863918534480035","0.4863918534480035","0.4863918534480035","0.488725198386237","0.488725198386237","0.488725198386237","0.4881246068980545","0.4881246068980545","0.4881246068980545","0.41124009462073446","0.41124009462073446","0.41124009462073446"
"43","0.48590486058965326","0.48590486058965326","0.48590486058965326","0.488586027501151","0.488586027501151","0.488586027501151","0.48840077449567615","0.48840077449567615","0.48840077449567615","0.42415390349924564","0.42415390349924564","0.42415390349924564"
"44","0.4844642074778676","0.4844642074778676","0.4844642074778676","0.48765789098106327","0.48765789098106327","0.48765789098106327","0.4883046182338148","0.4883046182338148","0.4883046182338148","0.4247595429420471","0.4247595429420471","0.4247595429420471"
"45","0.48350816052407025","0.48350816052407025","0.48350816052407025","0.48720377704594287","0.48720377704594287","0.48720377704594287","0.48753545004874466","0.48753545004874466","0.48753545004874466","0.42809381913393735","0.42809381913393735","0.42809381913393735"
"46","0.4830121222883463","0.4830121222883463","0.4830121222883463","0.48651287192478776","0.48651287192478776","0.48651287192478776","0.48612750358879564","0.48612750358879564","0.48612750358879564","0.41515925005078314","0.41515925005078314","0.41515925005078314"
"47","0.48208814272657036","0.48208814272657036","0.48208814272657036","0.48563281651586293","0.48563281651586293","0.48563281651586293","0.48582751560024917","0.48582751560024917","0.48582751560024917","0.4183572417125106","0.4183572417125106","0.4183572417125106"
"48","0.4819816887378693","0.4819816887378693","0.4819816887378693","0.4852241366170347","0.4852241366170347","0.4852241366170347","0.4856829450465739","0.4856829450465739","0.4856829450465739","0.42364717945456504","0.42364717945456504","0.42364717945456504"
"49","0.48075789054855705","0.48075789054855705","0.48075789054855705","0.4841955929063261","0.4841955929063261","0.4841955929063261","0.4851111205294728","0.4851111205294728","0.4851111205294728","0.44347474351525307","0.44347474351525307","0.44347474351525307"
"50","0.47952767219394443","0.47952767219394443","0.47952767219394443","0.4834833982400596","0.4834833982400596","0.4834833982400596","0.48349999291822315","0.48349999291822315","0.48349999291822315","0.44506129939109085","0.44506129939109085","0.44506129939109085"
"51","0.3445896688434813","0.3445896688434813","0.3445896688434813","0.34743976381917796","0.34743976381917796","0.34743976381917796","0.347544445304407","0.347544445304407","0.347544445304407","0.2789038810465071","0.2789038810465071","0.2789038810465071"
"52","0.3429624433318774","0.3429624433318774","0.3429624433318774","0.3453158621158865","0.3453158621158865","0.3453158621158865","0.3458223696384165","0.3458223696384165","0.3458223696384165","0.29326218085156547","0.29326218085156547","0.29326218085156547"
"53","0.34132115766406057","0.34132115766406057","0.34132115766406057","0.34536779125531514","0.34536779125531514","0.34536779125531514","0.3449950081606706","0.3449950081606706","0.3449950081606706","0.29758050963282584","0.29758050963282584","0.29758050963282584"
"54","0.34066063339511554","0.34066063339511554","0.34066063339511554","0.3440715106825034","0.3440715106825034","0.3440715106825034","0.3431134810878171","0.3431134810878171","0.3431134810878171","0.2817190034521951","0.2817190034521951","0.2817190034521951"
"55","0.3393909664617644","0.3393909664617644","0.3393909664617644","0.3430950526562002","0.3430950526562002","0.3430950526562002","0.3429490121702353","0.3429490121702353","0.3429490121702353","0.2938931241631508","0.2938931241631508","0.2938931241631508"
"56","0.33903254369894664","0.33903254369894664","0.33903254369894664","0.34248364203506043","0.34248364203506043","0.34248364203506043","0.34240327270494564","0.34240327270494564","0.34240327270494564","0.294505851301882","0.294505851301882","0.294505851301882"
"57","0.3383918373121156","0.3383918373121156","0.3383918373121156","0.3410336353712612","0.3410336353712612","0.3410336353712612","0.34103544362717203","0.34103544362717203","0.34103544362717203","0.28797395494249134","0.28797395494249134","0.28797395494249134"
"58","0.33652118576897516","0.33652118576897516","0.33652118576897516","0.34025609956847297","0.34025609956847297","0.34025609956847297","0.34008597110708555","0.34008597110708555","0.34008597110708555","0.3092118989262316","0.3092118989262316","0.3092118989262316"
"59","0.3357612534529633","0.3357612534529633","0.3357612534529633","0.3387607535554303","0.3387607535554303","0.3387607535554303","0.3383351840078831","0.3383351840078831","0.3383351840078831","0.3069932983153396","0.3069932983153396","0.3069932983153396"
"60","0.3351954981684685","0.3351954981684685","0.3351954981684685","0.3383254194425212","0.3383254194425212","0.3383254194425212","0.3371342904865742","0.3371342904865742","0.3371342904865742","0.3048249931178159","0.3048249931178159","0.3048249931178159"
"61","0.3337580215599802","0.3337580215599802","0.3337580215599802","0.33698793434434465","0.33698793434434465","0.33698793434434465","0.3371793669958909","0.3371793669958909","0.3371793669958909","0.29607562141286003","0.29607562141286003","0.29607562141286003"
"62","0.3324649187425772","0.3324649187425772","0.3324649187425772","0.3361228215197722","0.3361228215197722","0.3361228215197722","0.33562630001041627","0.33562630001041627","0.33562630001041627","0.3032272219657898","0.3032272219657898","0.3032272219657898"
"63","0.3321203796399964","0.3321203796399964","0.3321203796399964","0.33485034108161926","0.33485034108161926","0.33485034108161926","0.3343712358838982","0.3343712358838982","0.3343712358838982","0.3099783566262987","0.3099783566262987","0.3099783566262987"
"64","0.3315398713780774","0.3315398713780774","0.3315398713780774","0.33412707216209836","0.33412707216209836","0.33412707216209836","0.33486122662822404","0.33486122662822404","0.33486122662822404","0.3044912392894427","0.3044912392894427","0.3044912392894427"
"65","0.33039821022086674","0.33039821022086674","0.33039821022086674","0.3331431404583984","0.3331431404583984","0.3331431404583984","0.3338154204189777","0.3338154204189777","0.3338154204189777","0.3034748954905404","0.3034748954905404","0.3034748954905404"
"66","0.3294070090684626","0.3294070090684626","0.3294070090684626","0.3327081318530771","0.3327081318530771","0.3327081318530771","0.3333291235897276","0.3333291235897276","0.3333291235897276","0.3038006752729416","0.3038006752729416","0.3038006752729416"
"67","0.3290627770953708","0.3290627770953708","0.3290627770953708","0.3320909293161498","0.3320909293161498","0.3320909293161498","0.33138844958610003","0.33138844958610003","0.33138844958610003","0.31708194745911494","0.31708194745911494","0.31708194745911494"
"68","0.3275169433818923","0.3275169433818923","0.3275169433818923","0.33117258267270194","0.33117258267270194","0.33117258267270194","0.33036271590325567","0.33036271590325567","0.33036271590325567","0.307917919754982","0.307917919754982","0.307917919754982"
"69","0.32668670929140514","0.32668670929140514","0.32668670929140514","0.3302014551228947","0.3302014551228947","0.3302014551228947","0.33031245064404274","0.33031245064404274","0.33031245064404274","0.3051601219508383","0.3051601219508383","0.3051601219508383"
"70","0.3256523776385519","0.3256523776385519","0.3256523776385519","0.3303440229760276","0.3303440229760276","0.3303440229760276","0.32986943332685364","0.32986943332685364","0.32986943332685364","0.3065631334980329","0.3065631334980329","0.3065631334980329"
"71","0.3259977110558086","0.3259977110558086","0.3259977110558086","0.32899896113408933","0.32899896113408933","0.32899896113408933","0.3286496200495296","0.3286496200495296","0.3286496200495296","0.317319134540028","0.317319134540028","0.317319134540028"
"72","0.3247909093896548","0.3247909093896548","0.3247909093896548","0.3281122117406792","0.3281122117406792","0.3281122117406792","0.3274342339071963","0.3274342339071963","0.3274342339071963","0.3291444789411293","0.3291444789411293","0.3291444789411293"
"73","0.32512337615092596","0.32512337615092596","0.32512337615092596","0.327541826499833","0.327541826499833","0.327541826499833","0.3272947526640362","0.3272947526640362","0.3272947526640362","0.31857617220116985","0.31857617220116985","0.31857617220116985"
"74","0.32399374478393134","0.32399374478393134","0.32399374478393134","0.3271571011179023","0.3271571011179023","0.3271571011179023","0.32705740133921307","0.32705740133921307","0.32705740133921307","0.3129450832804044","0.3129450832804044","0.3129450832804044"
"75","0.32399246808555393","0.32399246808555393","0.32399246808555393","0.3263724513351917","0.3263724513351917","0.3263724513351917","0.3254850164055824","0.3254850164055824","0.3254850164055824","0.31769459694623947","0.31769459694623947","0.31769459694623947"
"76","0.26258191289380195","0.26258191289380195","0.26258191289380195","0.26581365927122536","0.26581365927122536","0.26581365927122536","0.2633869790937752","0.2633869790937752","0.2633869790937752","0.25298737483099104","0.25298737483099104","0.25298737483099104"
"77","0.25990837113931775","0.25990837113931775","0.25990837113931775","0.262898282520473","0.262898282520473","0.262898282520473","0.26319793090224264","0.26319793090224264","0.26319793090224264","0.259568799554836","0.259568799554836","0.259568799554836"
"78","0.2600710936821997","0.2600710936821997","0.2600710936821997","0.26206424124538896","0.26206424124538896","0.26206424124538896","0.2619857176207006","0.2619857176207006","0.2619857176207006","0.251438725553453","0.251438725553453","0.251438725553453"
"79","0.26037936061620715","0.26037936061620715","0.26037936061620715","0.2625069035217166","0.2625069035217166","0.2625069035217166","0.26140805138275025","0.26140805138275025","0.26140805138275025","0.25789880072697996","0.25789880072697996","0.25789880072697996"
"80","0.2594035295769572","0.2594035295769572","0.2594035295769572","0.2616776963695884","0.2616776963695884","0.2616776963695884","0.2609336397610605","0.2609336397610605","0.2609336397610605","0.26774426475167273","0.26774426475167273","0.26774426475167273"
"81","0.2598730448633432","0.2598730448633432","0.2598730448633432","0.26162665588781236","0.26162665588781236","0.26162665588781236","0.26182306222617624","0.26182306222617624","0.26182306222617624","0.25687036560848353","0.25687036560848353","0.25687036560848353"
"82","0.2595994192175567","0.2595994192175567","0.2595994192175567","0.26237626625224947","0.26237626625224947","0.26237626625224947","0.26133036725223063","0.26133036725223063","0.26133036725223063","0.2563979178201407","0.2563979178201407","0.2563979178201407"
"83","0.2596793442033231","0.2596793442033231","0.2596793442033231","0.26110067116096614","0.26110067116096614","0.26110067116096614","0.26144917141646146","0.26144917141646146","0.26144917141646146","0.2683569830376655","0.2683569830376655","0.2683569830376655"
"84","0.2580128020606935","0.2580128020606935","0.2580128020606935","0.2612418540753424","0.2612418540753424","0.2612418540753424","0.25980999879539013","0.25980999879539013","0.25980999879539013","0.2618323120288551","0.2618323120288551","0.2618323120288551"
"85","0.25782700441777706","0.25782700441777706","0.25782700441777706","0.2614345309324563","0.2614345309324563","0.2614345309324563","0.26039050696417687","0.26039050696417687","0.26039050696417687","0.27574817263521256","0.27574817263521256","0.27574817263521256"
"86","0.25815294133499267","0.25815294133499267","0.25815294133499267","0.25975960195064546","0.25975960195064546","0.25975960195064546","0.2594414637424052","0.2594414637424052","0.2594414637424052","0.2644958011806011","0.2644958011806011","0.2644958011806011"
"87","0.25699702547863124","0.25699702547863124","0.25699702547863124","0.2595147129148245","0.2595147129148245","0.2595147129148245","0.25912219658493996","0.25912219658493996","0.25912219658493996","0.2819466248503886","0.2819466248503886","0.2819466248503886"
"88","0.25711865089833735","0.25711865089833735","0.25711865089833735","0.2596877284348011","0.2596877284348011","0.2596877284348011","0.25887753823772075","0.25887753823772075","0.25887753823772075","0.2509210304357111","0.2509210304357111","0.2509210304357111"
"89","0.25673947082832455","0.25673947082832455","0.25673947082832455","0.2580130589194596","0.2580130589194596","0.2580130589194596","0.2587192105129361","0.2587192105129361","0.2587192105129361","0.2760363394860178","0.2760363394860178","0.2760363394860178"
"90","0.2563913864083588","0.2563913864083588","0.2563913864083588","0.2585316590964794","0.2585316590964794","0.2585316590964794","0.2579002622514963","0.2579002622514963","0.2579002622514963","0.27607617736794055","0.27607617736794055","0.27607617736794055"
"91","0.256174126919359","0.256174126919359","0.256174126919359","0.25712442258372903","0.25712442258372903","0.25712442258372903","0.25746030230075123","0.25746030230075123","0.25746030230075123","0.2816449076810386","0.2816449076810386","0.2816449076810386"
"92","0.25569358430802824","0.25569358430802824","0.25569358430802824","0.2580550413578749","0.2580550413578749","0.2580550413578749","0.25732318935915827","0.25732318935915827","0.25732318935915827","0.2620330571196973","0.2620330571196973","0.2620330571196973"
"93","0.2553916425444186","0.2553916425444186","0.2553916425444186","0.25650315852835776","0.25650315852835776","0.25650315852835776","0.25718897497281434","0.25718897497281434","0.25718897497281434","0.2780393567401916","0.2780393567401916","0.2780393567401916"
"94","0.2542007156647742","0.2542007156647742","0.2542007156647742","0.2566165322437882","0.2566165322437882","0.2566165322437882","0.2565128535032272","0.2565128535032272","0.2565128535032272","0.27471258453824704","0.27471258453824704","0.27471258453824704"
"95","0.2548722684383392","0.2548722684383392","0.2548722684383392","0.2561351050622761","0.2561351050622761","0.2561351050622761","0.25555832162499426","0.25555832162499426","0.25555832162499426","0.2835391669534147","0.2835391669534147","0.2835391669534147"
"96","0.25379738174378874","0.25379738174378874","0.25379738174378874","0.2552027360536158","0.2552027360536158","0.2552027360536158","0.25546787697821854","0.25546787697821854","0.25546787697821854","0.2736167690716684","0.2736167690716684","0.2736167690716684"
"97","0.25260437093675137","0.25260437093675137","0.25260437093675137","0.2552633793093264","0.2552633793093264","0.2552633793093264","0.2551489513367414","0.2551489513367414","0.2551489513367414","0.29935957798588786","0.29935957798588786","0.29935957798588786"
"98","0.2531244163401425","0.2531244163401425","0.2531244163401425","0.2552608109079301","0.2552608109079301","0.2552608109079301","0.25537278056144713","0.25537278056144713","0.25537278056144713","0.28506435367744415","0.28506435367744415","0.28506435367744415"
"99","0.2525807352736592","0.2525807352736592","0.2525807352736592","0.2559252820909023","0.2559252820909023","0.2559252820909023","0.25522203026339413","0.25522203026339413","0.25522203026339413","0.2856789905577898","0.2856789905577898","0.2856789905577898"
"100","0.25253907684236765","0.25253907684236765","0.25253907684236765","0.2547378592193127","0.2547378592193127","0.2547378592193127","0.25399475628510115","0.25399475628510115","0.25399475628510115","0.27848320961929857","0.27848320961929857","0.27848320961929857"
"101","0.22371264064311983","0.22371264064311983","0.22371264064311983","0.22575535839796065","0.22575535839796065","0.22575535839796065","0.22441772586107253","0.22441772586107253","0.22441772586107253","0.23928115272521971","0.23928115272521971","0.23928115272521971"
"102","0.2210828120112419","0.2210828120112419","0.2210828120112419","0.2224607463479042","0.2224607463479042","0.2224607463479042","0.22213988620042802","0.22213988620042802","0.22213988620042802","0.24343735873699188","0.24343735873699188","0.24343735873699188"
"103","0.2194633836746216","0.2194633836746216","0.2194633836746216","0.22259302872419356","0.22259302872419356","0.22259302872419356","0.22047959357500077","0.22047959357500077","0.22047959357500077","0.24223934757709503","0.24223934757709503","0.24223934757709503"
"104","0.21938844907283783","0.21938844907283783","0.21938844907283783","0.222385112285614","0.222385112285614","0.222385112285614","0.2208136131167412","0.2208136131167412","0.2208136131167412","0.2443007630109787","0.2443007630109787","0.2443007630109787"
"105","0.21976482313871384","0.21976482313871384","0.21976482313871384","0.22293938559293747","0.22293938559293747","0.22293938559293747","0.2212058666944504","0.2212058666944504","0.2212058666944504","0.26389386086910965","0.26389386086910965","0.26389386086910965"
"106","0.22027568805217743","0.22027568805217743","0.22027568805217743","0.22153568357229234","0.22153568357229234","0.22153568357229234","0.2210813792347908","0.2210813792347908","0.2210813792347908","0.2500474039018154","0.2500474039018154","0.2500474039018154"
"107","0.2193872582912445","0.2193872582912445","0.2193872582912445","0.22168655663728715","0.22168655663728715","0.22168655663728715","0.2207354106903076","0.2207354106903076","0.2207354106903076","0.2611163532063365","0.2611163532063365","0.2611163532063365"
"108","0.2188230884075165","0.2188230884075165","0.2188230884075165","0.22171144837141038","0.22171144837141038","0.22171144837141038","0.22081459319591523","0.22081459319591523","0.22081459319591523","0.2520803742706776","0.2520803742706776","0.2520803742706776"
"109","0.21935894513130189","0.21935894513130189","0.21935894513130189","0.2217062022089958","0.2217062022089958","0.2217062022089958","0.22023982924222946","0.22023982924222946","0.22023982924222946","0.25581108368933203","0.25581108368933203","0.25581108368933203"
"110","0.21951450264453887","0.21951450264453887","0.21951450264453887","0.220474036693573","0.220474036693573","0.220474036693573","0.22076108235120773","0.22076108235120773","0.22076108235120773","0.25589215391874315","0.25589215391874315","0.25589215391874315"
"111","0.21840213465690614","0.21840213465690614","0.21840213465690614","0.22098302578926088","0.22098302578926088","0.22098302578926088","0.21994320464134215","0.21994320464134215","0.21994320464134215","0.2641899365186691","0.2641899365186691","0.2641899365186691"
"112","0.2183351423740387","0.2183351423740387","0.2183351423740387","0.22075826495885847","0.22075826495885847","0.22075826495885847","0.21905450516939162","0.21905450516939162","0.21905450516939162","0.2799377842620015","0.2799377842620015","0.2799377842620015"
"113","0.21781706434488296","0.21781706434488296","0.21781706434488296","0.21956972336769104","0.21956972336769104","0.21956972336769104","0.21890608674287795","0.21890608674287795","0.21890608674287795","0.2595671351924539","0.2595671351924539","0.2595671351924539"
"114","0.21784985965490342","0.21784985965490342","0.21784985965490342","0.22003678119182588","0.22003678119182588","0.22003678119182588","0.21908486741781236","0.21908486741781236","0.21908486741781236","0.2594076389670372","0.2594076389670372","0.2594076389670372"
"115","0.2167131210565567","0.2167131210565567","0.2167131210565567","0.219484048306942","0.219484048306942","0.219484048306942","0.21833637237548828","0.21833637237548828","0.21833637237548828","0.2848031423743814","0.2848031423743814","0.2848031423743814"
"116","0.21634496933221817","0.21634496933221817","0.21634496933221817","0.21889535266160964","0.21889535266160964","0.21889535266160964","0.2178590340614319","0.2178590340614319","0.2178590340614319","0.263789818353951","0.263789818353951","0.263789818353951"
"117","0.21770154243707657","0.21770154243707657","0.21770154243707657","0.21817786478996276","0.21817786478996276","0.21817786478996276","0.217172702729702","0.217172702729702","0.217172702729702","0.270372274056077","0.270372274056077","0.270372274056077"
"118","0.21614770871400832","0.21614770871400832","0.21614770871400832","0.218628898024559","0.218628898024559","0.218628898024559","0.21742780041694643","0.21742780041694643","0.21742780041694643","0.2814190209619701","0.2814190209619701","0.2814190209619701"
"119","0.21626520234346389","0.21626520234346389","0.21626520234346389","0.21767670512199402","0.21767670512199402","0.21767670512199402","0.21632454258203507","0.21632454258203507","0.21632454258203507","0.27396490386128425","0.27396490386128425","0.27396490386128425"
"120","0.2157779885530472","0.2157779885530472","0.2157779885530472","0.21745435577630998","0.21745435577630998","0.21745435577630998","0.21601646184921264","0.21601646184921264","0.21601646184921264","0.2770393503457308","0.2770393503457308","0.2770393503457308"
"121","0.2151740620136261","0.2151740620136261","0.2151740620136261","0.21640742152929307","0.21640742152929307","0.21640742152929307","0.2165334151983261","0.2165334151983261","0.2165334151983261","0.2827922690063715","0.2827922690063715","0.2827922690063715"
"122","0.21530681091547013","0.21530681091547013","0.21530681091547013","0.21643020403385163","0.21643020403385163","0.21643020403385163","0.21600304293632508","0.21600304293632508","0.21600304293632508","0.2720092124044895","0.2720092124044895","0.2720092124044895"
"123","0.21445722740888595","0.21445722740888595","0.21445722740888595","0.21588637721538542","0.21588637721538542","0.21588637721538542","0.21553505676984785","0.21553505676984785","0.21553505676984785","0.26425060895178465","0.26425060895178465","0.26425060895178465"
"124","0.21455273640155792","0.21455273640155792","0.21455273640155792","0.21581330156326295","0.21581330156326295","0.21581330156326295","0.21475970947742462","0.21475970947742462","0.21475970947742462","0.27897337760031227","0.27897337760031227","0.27897337760031227"
"125","0.21357598733901978","0.21357598733901978","0.21357598733901978","0.2153359352350235","0.2153359352350235","0.2153359352350235","0.21560954266786575","0.21560954266786575","0.21560954266786575","0.2837748675197363","0.2837748675197363","0.2837748675197363"
"126","0.21042697028153473","0.21042697028153473","0.21042697028153473","0.21238380366315443","0.21238380366315443","0.21238380366315443","0.21159627685944238","0.21159627685944238","0.21159627685944238","0.2543149613257911","0.2543149613257911","0.2543149613257911"
"127","0.20689845230016443","0.20689845230016443","0.20689845230016443","0.20749863704873456","0.20749863704873456","0.20749863704873456","0.20760238139579693","0.20760238139579693","0.20760238139579693","0.24931164214180576","0.24931164214180576","0.24931164214180576"
"128","0.20590882893237802","0.20590882893237802","0.20590882893237802","0.20671036963661513","0.20671036963661513","0.20671036963661513","0.2062481710066398","0.2062481710066398","0.2062481710066398","0.2520848239978982","0.2520848239978982","0.2520848239978982"
"129","0.20569058507680893","0.20569058507680893","0.20569058507680893","0.2059324611392286","0.2059324611392286","0.2059324611392286","0.20688184541132715","0.20688184541132715","0.20688184541132715","0.2636371268787318","0.2636371268787318","0.2636371268787318"
"130","0.2055962080342902","0.2055962080342902","0.2055962080342902","0.20601188826064268","0.20601188826064268","0.20601188826064268","0.20578100797202853","0.20578100797202853","0.20578100797202853","0.266552316562997","0.266552316562997","0.266552316562997"
"131","0.20709223142928548","0.20709223142928548","0.20709223142928548","0.2060620378288958","0.2060620378288958","0.2060620378288958","0.20663852091464732","0.20663852091464732","0.20663852091464732","0.2643427853576011","0.2643427853576011","0.2643427853576011"
"132","0.2068051393247313","0.2068051393247313","0.2068051393247313","0.2055955320596695","0.2055955320596695","0.2055955320596695","0.20583132319152356","0.20583132319152356","0.20583132319152356","0.266626791364979","0.266626791364979","0.266626791364979"
"133","0.20633334227734143","0.20633334227734143","0.20633334227734143","0.20495148189365864","0.20495148189365864","0.20495148189365864","0.2060635375479857","0.2060635375479857","0.2060635375479857","0.2743728734721016","0.2743728734721016","0.2743728734721016"
"134","0.20710844662454392","0.20710844662454392","0.20710844662454392","0.20571644889811674","0.20571644889811674","0.20571644889811674","0.20563509091734886","0.20563509091734886","0.20563509091734886","0.2637107291530507","0.2637107291530507","0.2637107291530507"
"135","0.20690694894227718","0.20690694894227718","0.20690694894227718","0.2055440925475624","0.2055440925475624","0.2055440925475624","0.20576612543728617","0.20576612543728617","0.20576612543728617","0.28432245621095514","0.28432245621095514","0.28432245621095514"
"136","0.20780440320571264","0.20780440320571264","0.20780440320571264","0.20596675355401303","0.20596675355401303","0.20596675355401303","0.20489427546660105","0.20489427546660105","0.20489427546660105","0.2654022227144904","0.2654022227144904","0.2654022227144904"
"137","0.2071829992863867","0.2071829992863867","0.2071829992863867","0.20505096258388625","0.20505096258388625","0.20505096258388625","0.20562772651513417","0.20562772651513417","0.20562772651513417","0.29063806085355787","0.29063806085355787","0.29063806085355787"
"138","0.2073666027850575","0.2073666027850575","0.2073666027850575","0.20512320515182283","0.20512320515182283","0.20512320515182283","0.20470383481846915","0.20470383481846915","0.20470383481846915","0.28296156651857823","0.28296156651857823","0.28296156651857823"
"139","0.2068098408066564","0.2068098408066564","0.2068098408066564","0.20474044047296047","0.20474044047296047","0.20474044047296047","0.20541246256066692","0.20541246256066692","0.20541246256066692","0.2681421403462688","0.2681421403462688","0.2681421403462688"
"140","0.2077885633541478","0.2077885633541478","0.2077885633541478","0.20405835053986973","0.20405835053986973","0.20405835053986973","0.2058576547437244","0.2058576547437244","0.2058576547437244","0.27408693856042293","0.27408693856042293","0.27408693856042293"
"141","0.2075314037915733","0.2075314037915733","0.2075314037915733","0.2047379143950012","0.2047379143950012","0.2047379143950012","0.20430968043704828","0.20430968043704828","0.20430968043704828","0.27605953632284785","0.27605953632284785","0.27605953632284785"
"142","0.20658829911715454","0.20658829911715454","0.20658829911715454","0.20347094039122263","0.20347094039122263","0.20347094039122263","0.2045847653100888","0.2045847653100888","0.2045847653100888","0.27642533785870504","0.27642533785870504","0.27642533785870504"
"143","0.2069379973328776","0.2069379973328776","0.2069379973328776","0.20460957007275687","0.20460957007275687","0.20460957007275687","0.20376093718740676","0.20376093718740676","0.20376093718740676","0.2734624706987233","0.2734624706987233","0.2734624706987233"
"144","0.20696265167660183","0.20696265167660183","0.20696265167660183","0.2031735469483667","0.2031735469483667","0.2031735469483667","0.20349299357169204","0.20349299357169204","0.20349299357169204","0.2786471213834981","0.2786471213834981","0.2786471213834981"
"145","0.20644827377465036","0.20644827377465036","0.20644827377465036","0.20349360211855835","0.20349360211855835","0.20349360211855835","0.20363622713420126","0.20363622713420126","0.20363622713420126","0.28556937209036226","0.28556937209036226","0.28556937209036226"
"146","0.2066589125742515","0.2066589125742515","0.2066589125742515","0.20327874807020027","0.20327874807020027","0.20327874807020027","0.202730942517519","0.202730942517519","0.202730942517519","0.2904374492432301","0.2904374492432301","0.2904374492432301"
"147","0.20634178258478642","0.20634178258478642","0.20634178258478642","0.20236791277097332","0.20236791277097332","0.20236791277097332","0.20369067647390895","0.20369067647390895","0.20369067647390895","0.2848013260608746","0.2848013260608746","0.2848013260608746"
"148","0.20569193239013353","0.20569193239013353","0.20569193239013353","0.2030099217262533","0.2030099217262533","0.2030099217262533","0.20374102588329052","0.20374102588329052","0.20374102588329052","0.28321157496150895","0.28321157496150895","0.28321157496150895"
"149","0.2063883301284578","0.2063883301284578","0.2063883301284578","0.202918275197347","0.202918275197347","0.202918275197347","0.20252536738084423","0.20252536738084423","0.20252536738084423","0.2778478655627825","0.2778478655627825","0.2778478655627825"
"150","0.20567664201888772","0.20567664201888772","0.20567664201888772","0.2029508122139507","0.2029508122139507","0.2029508122139507","0.20101832064489525","0.20101832064489525","0.20101832064489525","0.28633101209480727","0.28633101209480727","0.28633101209480727"
"151","0.2305403873932605","0.2305403873932605","0.2305403873932605","0.2303818124441468","0.2303818124441468","0.2303818124441468","0.22995362336538275","0.22995362336538275","0.22995362336538275","0.25737362545439785","0.25737362545439785","0.25737362545439785"
"152","0.22462362119433832","0.22462362119433832","0.22462362119433832","0.22621419939155482","0.22621419939155482","0.22621419939155482","0.22573386636011455","0.22573386636011455","0.22573386636011455","0.25805107597641797","0.25805107597641797","0.25805107597641797"
"153","0.22265984873686517","0.22265984873686517","0.22265984873686517","0.22265071578475895","0.22265071578475895","0.22265071578475895","0.22157699794185404","0.22157699794185404","0.22157699794185404","0.2610101583494558","0.2610101583494558","0.2610101583494558"
"154","0.22197245183039685","0.22197245183039685","0.22197245183039685","0.22179512088092007","0.22179512088092007","0.22179512088092007","0.22216293112355837","0.22216293112355837","0.22216293112355837","0.25392336140253713","0.25392336140253713","0.25392336140253713"
"155","0.22016457907703457","0.22016457907703457","0.22016457907703457","0.22186226624311234","0.22186226624311234","0.22186226624311234","0.22047443792832142","0.22047443792832142","0.22047443792832142","0.271015835323428","0.271015835323428","0.271015835323428"
"156","0.22081774582668226","0.22081774582668226","0.22081774582668226","0.22055306650546133","0.22055306650546133","0.22055306650546133","0.21982033111307087","0.21982033111307087","0.21982033111307087","0.2628512688969471","0.2628512688969471","0.2628512688969471"
"157","0.21847099014082733","0.21847099014082733","0.21847099014082733","0.21914517538888115","0.21914517538888115","0.21914517538888115","0.21881627294482017","0.21881627294482017","0.21881627294482017","0.2627770129239605","0.2627770129239605","0.2627770129239605"
"158","0.2182826992808556","0.2182826992808556","0.2182826992808556","0.2189056199424121","0.2189056199424121","0.2189056199424121","0.21803112869360008","0.21803112869360008","0.21803112869360008","0.2687518487475356","0.2687518487475356","0.2687518487475356"
"159","0.21666945234245183","0.21666945234245183","0.21666945234245183","0.21752405571086067","0.21752405571086067","0.21752405571086067","0.21727703812779212","0.21727703812779212","0.21727703812779212","0.2618113917488681","0.2618113917488681","0.2618113917488681"
"160","0.2160640007683209","0.2160640007683209","0.2160640007683209","0.21662406817990906","0.21662406817990906","0.21662406817990906","0.21788513217957653","0.21788513217957653","0.21788513217957653","0.2811124330949589","0.2811124330949589","0.2811124330949589"
"161","0.2154099393559962","0.2154099393559962","0.2154099393559962","0.21582477004552375","0.21582477004552375","0.21582477004552375","0.21626438396621725","0.21626438396621725","0.21626438396621725","0.26213904921801723","0.26213904921801723","0.26213904921801723"
"162","0.2157944903081777","0.2157944903081777","0.2157944903081777","0.21535422801971435","0.21535422801971435","0.21535422801971435","0.21477267848593848","0.21477267848593848","0.21477267848593848","0.252254520463092","0.252254520463092","0.252254520463092"
"163","0.21357509241420397","0.21357509241420397","0.21357509241420397","0.21384424774014218","0.21384424774014218","0.21384424774014218","0.2149311015344396","0.2149311015344396","0.2149311015344396","0.277481526854372","0.277481526854372","0.277481526854372"
"164","0.21343385038935409","0.21343385038935409","0.21343385038935409","0.21354368830821951","0.21354368830821951","0.21354368830821951","0.21313553318685416","0.21313553318685416","0.21313553318685416","0.26686768876578737","0.26686768876578737","0.26686768876578737"
"165","0.2118584496634347","0.2118584496634347","0.2118584496634347","0.21297941543922133","0.21297941543922133","0.21297941543922133","0.21378649315055537","0.21378649315055537","0.21378649315055537","0.261481359327326","0.261481359327326","0.261481359327326"
"166","0.2126956431689311","0.2126956431689311","0.2126956431689311","0.21264601993013402","0.21264601993013402","0.21264601993013402","0.21247560026086107","0.21247560026086107","0.21247560026086107","0.26922449151016015","0.26922449151016015","0.26922449151016015"
"167","0.21110675152467223","0.21110675152467223","0.21110675152467223","0.21261253962103202","0.21261253962103202","0.21261253962103202","0.21238262559078178","0.21238262559078178","0.21238262559078178","0.27266105622509307","0.27266105622509307","0.27266105622509307"
"168","0.21105534023776346","0.21105534023776346","0.21105534023776346","0.21115635587852827","0.21115635587852827","0.21115635587852827","0.2125504459653582","0.2125504459653582","0.2125504459653582","0.2700242101328866","0.2700242101328866","0.2700242101328866"
"169","0.20969192183443477","0.20969192183443477","0.20969192183443477","0.2106061538415296","0.2106061538415296","0.2106061538415296","0.2101016699659581","0.2101016699659581","0.2101016699659581","0.27822182128177386","0.27822182128177386","0.27822182128177386"
"170","0.20929680037863402","0.20929680037863402","0.20929680037863402","0.2102670428856295","0.2102670428856295","0.2102670428856295","0.21003175741251634","0.21003175741251634","0.21003175741251634","0.27249938992175216","0.27249938992175216","0.27249938992175216"
"171","0.2088598887379072","0.2088598887379072","0.2088598887379072","0.20990621038541502","0.20990621038541502","0.20990621038541502","0.20972292376111965","0.20972292376111965","0.20972292376111965","0.2927294784523689","0.2927294784523689","0.2927294784523689"
"172","0.20873969661033884","0.20873969661033884","0.20873969661033884","0.20937364621430027","0.20937364621430027","0.20937364621430027","0.2098513970265583","0.2098513970265583","0.2098513970265583","0.2901701395010233","0.2901701395010233","0.2901701395010233"
"173","0.20781558676033604","0.20781558676033604","0.20781558676033604","0.20949687401250916","0.20949687401250916","0.20949687401250916","0.21000776167730895","0.21000776167730895","0.21000776167730895","0.2787651950645508","0.2787651950645508","0.2787651950645508"
"174","0.2074954420936351","0.2074954420936351","0.2074954420936351","0.20772780298578497","0.20772780298578497","0.20772780298578497","0.20887723893535382","0.20887723893535382","0.20887723893535382","0.27436222362199","0.27436222362199","0.27436222362199"
"175","0.2066602377411054","0.2066602377411054","0.2066602377411054","0.20733388041963383","0.20733388041963383","0.20733388041963383","0.2081903826217262","0.2081903826217262","0.2081903826217262","0.28956967663228966","0.28956967663228966","0.28956967663228966"
"176","0.23816430071601644","0.23816430071601644","0.23816430071601644","0.2415528925950639","0.2415528925950639","0.2415528925950639","0.23918639032635838","0.23918639032635838","0.23918639032635838","0.2517831892007962","0.2517831892007962","0.2517831892007962"
"177","0.23247959192376583","0.23247959192376583","0.23247959192376583","0.23586901657981799","0.23586901657981799","0.23586901657981799","0.23246751396218315","0.23246751396218315","0.23246751396218315","0.2539123841765104","0.2539123841765104","0.2539123841765104"
"178","0.22743347036885098","0.22743347036885098","0.22743347036885098","0.23096062894910574","0.23096062894910574","0.23096062894910574","0.2302400560467504","0.2302400560467504","0.2302400560467504","0.2757313935002458","0.2757313935002458","0.2757313935002458"
"179","0.22632300661643967","0.22632300661643967","0.22632300661643967","0.22648379678139463","0.22648379678139463","0.22648379678139463","0.22742084220517428","0.22742084220517428","0.22742084220517428","0.26899220143386626","0.26899220143386626","0.26899220143386626"
"180","0.2227349990978837","0.2227349990978837","0.2227349990978837","0.22579787775175647","0.22579787775175647","0.22579787775175647","0.22557187965139747","0.22557187965139747","0.22557187965139747","0.28902794446148616","0.28902794446148616","0.28902794446148616"
"181","0.22184423295548186","0.22184423295548186","0.22184423295548186","0.22306693535065278","0.22306693535065278","0.22306693535065278","0.22307377295801417","0.22307377295801417","0.22307377295801417","0.29143894940043535","0.29143894940043535","0.29143894940043535"
"182","0.2195165926357731","0.2195165926357731","0.2195165926357731","0.22275370249990373","0.22275370249990373","0.22275370249990373","0.22096093718428164","0.22096093718428164","0.22096093718428164","0.27484304951503874","0.27484304951503874","0.27484304951503874"
"183","0.21861085842829198","0.21861085842829198","0.21861085842829198","0.21961793159134685","0.21961793159134685","0.21961793159134685","0.2192584696225822","0.2192584696225822","0.2192584696225822","0.2862491656007478","0.2862491656007478","0.2862491656007478"
"184","0.2169035477330908","0.2169035477330908","0.2169035477330908","0.2194206985644996","0.2194206985644996","0.2194206985644996","0.2183466495014727","0.2183466495014727","0.2183466495014727","0.2735987443011254","0.2735987443011254","0.2735987443011254"
"185","0.21600818920414894","0.21600818920414894","0.21600818920414894","0.21769089219160379","0.21769089219160379","0.21769089219160379","0.21788084557047113","0.21788084557047113","0.21788084557047113","0.28339457282017977","0.28339457282017977","0.28339457282017977"
"186","0.2155130515806377","0.2155130515806377","0.2155130515806377","0.21583196020219475","0.21583196020219475","0.21583196020219475","0.21703215497545897","0.21703215497545897","0.21703215497545897","0.2765696415328421","0.2765696415328421","0.2765696415328421"
"187","0.21336207413114608","0.21336207413114608","0.21336207413114608","0.21524620957206936","0.21524620957206936","0.21524620957206936","0.21466433883178979","0.21466433883178979","0.21466433883178979","0.2904279097361723","0.2904279097361723","0.2904279097361723"
"188","0.21346749169752002","0.21346749169752002","0.21346749169752002","0.2145074056694284","0.2145074056694284","0.2145074056694284","0.21385334611404688","0.21385334611404688","0.21385334611404688","0.28320396691560745","0.28320396691560745","0.28320396691560745"
"189","0.21206956440582872","0.21206956440582872","0.21206956440582872","0.21389231162611394","0.21389231162611394","0.21389231162611394","0.21338216331787407","0.21338216331787407","0.21338216331787407","0.29463852710905486","0.29463852710905486","0.29463852710905486"
"190","0.21127448540646582","0.21127448540646582","0.21127448540646582","0.21226430537644775","0.21226430537644775","0.21226430537644775","0.21340684909373522","0.21340684909373522","0.21340684909373522","0.2692127141635865","0.2692127141635865","0.2692127141635865"
"191","0.21027446924708784","0.21027446924708784","0.21027446924708784","0.2117712186416611","0.2117712186416611","0.2117712186416611","0.2116178723750636","0.2116178723750636","0.2116178723750636","0.2921437475684797","0.2921437475684797","0.2921437475684797"
"192","0.21176722589880229","0.21176722589880229","0.21176722589880229","0.21192135142628105","0.21192135142628105","0.21192135142628105","0.20975322539452462","0.20975322539452462","0.20975322539452462","0.2919622518165852","0.2919622518165852","0.2919622518165852"
"193","0.2090299959294498","0.2090299959294498","0.2090299959294498","0.21073040612973273","0.21073040612973273","0.21073040612973273","0.20979960483964533","0.20979960483964533","0.20979960483964533","0.2889661715118564","0.2889661715118564","0.2889661715118564"
"194","0.20884038750082254","0.20884038750082254","0.20884038750082254","0.20922961528412998","0.20922961528412998","0.20922961528412998","0.21007988250348716","0.21007988250348716","0.21007988250348716","0.2824743104763911","0.2824743104763911","0.2824743104763911"
"195","0.20821007881313564","0.20821007881313564","0.20821007881313564","0.20901797572150826","0.20901797572150826","0.20901797572150826","0.20818244314286857","0.20818244314286857","0.20818244314286857","0.2912047255083962","0.2912047255083962","0.2912047255083962"
"196","0.2076774853747338","0.2076774853747338","0.2076774853747338","0.20879042397718878","0.20879042397718878","0.20879042397718878","0.2081196267157793","0.2081196267157793","0.2081196267157793","0.29426931929574496","0.29426931929574496","0.29426931929574496"
"197","0.20651043988764287","0.20651043988764287","0.20651043988764287","0.20896954131312667","0.20896954131312667","0.20896954131312667","0.20718705244362354","0.20718705244362354","0.20718705244362354","0.28879603127134035","0.28879603127134035","0.28879603127134035"
"198","0.20493529536761343","0.20493529536761343","0.20493529536761343","0.20872586376499386","0.20872586376499386","0.20872586376499386","0.20682820808142424","0.20682820808142424","0.20682820808142424","0.2900814668973908","0.2900814668973908","0.2900814668973908"
"199","0.2048355360981077","0.2048355360981077","0.2048355360981077","0.20625473374966533","0.20625473374966533","0.20625473374966533","0.20603743472602218","0.20603743472602218","0.20603743472602218","0.29561927974718855","0.29561927974718855","0.29561927974718855"
"200","0.2049587100511417","0.2049587100511417","0.2049587100511417","0.20707536123227327","0.20707536123227327","0.20707536123227327","0.20626748318318278","0.20626748318318278","0.20626748318318278","0.2917707514454378","0.2917707514454378","0.2917707514454378"
"201","0.23078180483001987","0.23078180483001987","0.23078180483001987","0.23424478130024157","0.23424478130024157","0.23424478130024157","0.23206575199225804","0.23206575199225804","0.23206575199225804","0.24747603578883925","0.24747603578883925","0.24747603578883925"
"202","0.22399920671258444","0.22399920671258444","0.22399920671258444","0.2261668827292728","0.2261668827292728","0.2261668827292728","0.22494840925490414","0.22494840925490414","0.22494840925490414","0.24641413360282227","0.24641413360282227","0.24641413360282227"
"203","0.2196545748890918","0.2196545748890918","0.2196545748890918","0.22166179075469206","0.22166179075469206","0.22166179075469206","0.21971758616927228","0.21971758616927228","0.21971758616927228","0.2385720714788746","0.2385720714788746","0.2385720714788746"
"204","0.21657361560213712","0.21657361560213712","0.21657361560213712","0.21878076856151038","0.21878076856151038","0.21878076856151038","0.21814508095015714","0.21814508095015714","0.21814508095015714","0.2489956555387902","0.2489956555387902","0.2489956555387902"
"205","0.21421002614093415","0.21421002614093415","0.21421002614093415","0.21590468189046708","0.21590468189046708","0.21590468189046708","0.21592296682022236","0.21592296682022236","0.21592296682022236","0.25008858237185594","0.25008858237185594","0.25008858237185594"
"206","0.21318143185825997","0.21318143185825997","0.21318143185825997","0.21589751444113106","0.21589751444113106","0.21589751444113106","0.21278015448723311","0.21278015448723311","0.21278015448723311","0.24861359227747645","0.24861359227747645","0.24861359227747645"
"207","0.21144873834686514","0.21144873834686514","0.21144873834686514","0.21264784507177495","0.21264784507177495","0.21264784507177495","0.2120034201461592","0.2120034201461592","0.2120034201461592","0.259154655346302","0.259154655346302","0.259154655346302"
"208","0.2085235469871097","0.2085235469871097","0.2085235469871097","0.2094844389476894","0.2094844389476894","0.2094844389476894","0.21069459168263424","0.21069459168263424","0.21069459168263424","0.24483187880918936","0.24483187880918936","0.24483187880918936"
"209","0.20854853706227408","0.20854853706227408","0.20854853706227408","0.2093419514688445","0.2093419514688445","0.2093419514688445","0.2088667496027034","0.2088667496027034","0.2088667496027034","0.2550702458741948","0.2550702458741948","0.2550702458741948"
"210","0.20668916520145206","0.20668916520145206","0.20668916520145206","0.20914804659507893","0.20914804659507893","0.20914804659507893","0.20719919971845768","0.20719919971845768","0.20719919971845768","0.24387876356342508","0.24387876356342508","0.24387876356342508"
"211","0.20533136775096258","0.20533136775096258","0.20533136775096258","0.2075664288467831","0.2075664288467831","0.2075664288467831","0.2075225841483952","0.2075225841483952","0.2075225841483952","0.2517285381420803","0.2517285381420803","0.2517285381420803"
"212","0.20221172355943257","0.20221172355943257","0.20221172355943257","0.20609102804719664","0.20609102804719664","0.20609102804719664","0.20534032829749732","0.20534032829749732","0.20534032829749732","0.25222279977881246","0.25222279977881246","0.25222279977881246"
"213","0.20321915254548745","0.20321915254548745","0.20321915254548745","0.2057551769102797","0.2057551769102797","0.2057551769102797","0.20400931454367108","0.20400931454367108","0.20400931454367108","0.2617890011326605","0.2617890011326605","0.2617890011326605"
"214","0.20153384142451816","0.20153384142451816","0.20153384142451816","0.2037496930287208","0.2037496930287208","0.2037496930287208","0.2027559601230386","0.2027559601230386","0.2027559601230386","0.24937038912918788","0.24937038912918788","0.24937038912918788"
"215","0.2026162403739161","0.2026162403739161","0.2026162403739161","0.20428171806313372","0.20428171806313372","0.20428171806313372","0.20268563837916764","0.20268563837916764","0.20268563837916764","0.25421122063273266","0.25421122063273266","0.25421122063273266"
"216","0.20130604040107608","0.20130604040107608","0.20130604040107608","0.20314327160149445","0.20314327160149445","0.20314327160149445","0.20185554630962418","0.20185554630962418","0.20185554630962418","0.2567516245517052","0.2567516245517052","0.2567516245517052"
"217","0.20037438031515958","0.20037438031515958","0.20037438031515958","0.20265540927648545","0.20265540927648545","0.20265540927648545","0.19978115562303567","0.19978115562303567","0.19978115562303567","0.25758732404375884","0.25758732404375884","0.25758732404375884"
"218","0.19964853981394826","0.19964853981394826","0.19964853981394826","0.20029573291540145","0.20029573291540145","0.20029573291540145","0.19945591585135755","0.19945591585135755","0.19945591585135755","0.26057525906355383","0.26057525906355383","0.26057525906355383"
"219","0.1966359989694607","0.1966359989694607","0.1966359989694607","0.19936488524631218","0.19936488524631218","0.19936488524631218","0.19887104126406305","0.19887104126406305","0.19887104126406305","0.25924616125685357","0.25924616125685357","0.25924616125685357"
"220","0.19657186429809642","0.19657186429809642","0.19657186429809642","0.1993266464199549","0.1993266464199549","0.1993266464199549","0.1984592737607014","0.1984592737607014","0.1984592737607014","0.2520102393365017","0.2520102393365017","0.2520102393365017"
"221","0.19590262408241813","0.19590262408241813","0.19590262408241813","0.199753297019152","0.199753297019152","0.199753297019152","0.19921335130929946","0.19921335130929946","0.19921335130929946","0.25847006992977345","0.25847006992977345","0.25847006992977345"
"222","0.19625542683549868","0.19625542683549868","0.19625542683549868","0.19874184060795808","0.19874184060795808","0.19874184060795808","0.19755003518528408","0.19755003518528408","0.19755003518528408","0.2629082613405905","0.2629082613405905","0.2629082613405905"
"223","0.19634578452434068","0.19634578452434068","0.19634578452434068","0.1961806931981334","0.1961806931981334","0.1961806931981334","0.19690855528101509","0.19690855528101509","0.19690855528101509","0.268930455113626","0.268930455113626","0.268930455113626"
"224","0.19366578329124567","0.19366578329124567","0.19366578329124567","0.19583774199824275","0.19583774199824275","0.19583774199824275","0.19608945848397266","0.19608945848397266","0.19608945848397266","0.27316959546878933","0.27316959546878933","0.27316959546878933"
"225","0.19599027016464574","0.19599027016464574","0.19599027016464574","0.19672421333782467","0.19672421333782467","0.19672421333782467","0.1966287045935054","0.1966287045935054","0.1966287045935054","0.28065632431319465","0.28065632431319465","0.28065632431319465"
"226","0.22553398517891765","0.22553398517891765","0.22553398517891765","0.22603286838158965","0.22603286838158965","0.22603286838158965","0.2268593570329249","0.2268593570329249","0.2268593570329249","0.244238459341228","0.244238459341228","0.244238459341228"
"227","0.21556086252629758","0.21556086252629758","0.21556086252629758","0.21704785310477018","0.21704785310477018","0.21704785310477018","0.21602410604059696","0.21602410604059696","0.21602410604059696","0.2600053153973422","0.2600053153973422","0.2600053153973422"
"228","0.2104113914221525","0.2104113914221525","0.2104113914221525","0.21233611214905979","0.21233611214905979","0.21233611214905979","0.21171632522344588","0.21171632522344588","0.21171632522344588","0.24594101661257445","0.24594101661257445","0.24594101661257445"
"229","0.207503912307322","0.207503912307322","0.207503912307322","0.20928180892765522","0.20928180892765522","0.20928180892765522","0.2083549520149827","0.2083549520149827","0.2083549520149827","0.2484046060401015","0.2484046060401015","0.2484046060401015"
"230","0.20548092145472766","0.20548092145472766","0.20548092145472766","0.20612114459276198","0.20612114459276198","0.20612114459276198","0.2058753056898713","0.2058753056898713","0.2058753056898713","0.2502687266338617","0.2502687266338617","0.2502687266338617"
"231","0.20300179405510427","0.20300179405510427","0.20300179405510427","0.2042888186275959","0.2042888186275959","0.2042888186275959","0.2041056354790926","0.2041056354790926","0.2041056354790926","0.2612687214459438","0.2612687214459438","0.2612687214459438"
"232","0.20194748336821794","0.20194748336821794","0.20194748336821794","0.20261877714842558","0.20261877714842558","0.20261877714842558","0.2021335097849369","0.2021335097849369","0.2021335097849369","0.26650479675550015","0.26650479675550015","0.26650479675550015"
"233","0.20029561588168143","0.20029561588168143","0.20029561588168143","0.19954057400673628","0.19954057400673628","0.19954057400673628","0.20071109369397164","0.20071109369397164","0.20071109369397164","0.2529911079517333","0.2529911079517333","0.2529911079517333"
"234","0.19783938200771808","0.19783938200771808","0.19783938200771808","0.19830529141426087","0.19830529141426087","0.19830529141426087","0.198331949621439","0.198331949621439","0.198331949621439","0.25362037282809613","0.25362037282809613","0.25362037282809613"
"235","0.19591735777258873","0.19591735777258873","0.19591735777258873","0.19812191002070903","0.19812191002070903","0.19812191002070903","0.19659914775192738","0.19659914775192738","0.19659914775192738","0.2502378370463848","0.2502378370463848","0.2502378370463848"
"236","0.1957127250134945","0.1957127250134945","0.1957127250134945","0.19796915173530577","0.19796915173530577","0.19796915173530577","0.19462184008955954","0.19462184008955954","0.19462184008955954","0.25967499604960903","0.25967499604960903","0.25967499604960903"
"237","0.1938677714690566","0.1938677714690566","0.1938677714690566","0.1945827561020851","0.1945827561020851","0.1945827561020851","0.19509817630052567","0.19509817630052567","0.19509817630052567","0.2655212635174394","0.2655212635174394","0.2655212635174394"
"238","0.1918744818419218","0.1918744818419218","0.1918744818419218","0.19340298247337342","0.19340298247337342","0.19340298247337342","0.19480743560194969","0.19480743560194969","0.19480743560194969","0.2561435607649328","0.2561435607649328","0.2561435607649328"
"239","0.19125823474675419","0.19125823474675419","0.19125823474675419","0.19346435789763927","0.19346435789763927","0.19346435789763927","0.1922278874516487","0.1922278874516487","0.1922278874516487","0.25929169401546825","0.25929169401546825","0.25929169401546825"
"240","0.18899675165861846","0.18899675165861846","0.18899675165861846","0.19148020508885383","0.19148020508885383","0.19148020508885383","0.1942390203550458","0.1942390203550458","0.1942390203550458","0.26449504974274896","0.26449504974274896","0.26449504974274896"
"241","0.18895256054401396","0.18895256054401396","0.18895256054401396","0.19045290130376816","0.19045290130376816","0.19045290130376816","0.19042032216489316","0.19042032216489316","0.19042032216489316","0.2616367036509328","0.2616367036509328","0.2616367036509328"
"242","0.185915086299181","0.185915086299181","0.185915086299181","0.19184282747656106","0.19184282747656106","0.19184282747656106","0.18939615239202975","0.18939615239202975","0.18939615239202975","0.2618052212456241","0.2618052212456241","0.2618052212456241"
"243","0.18828021646291018","0.18828021646291018","0.18828021646291018","0.1913241982460022","0.1913241982460022","0.1913241982460022","0.18690197002887726","0.18690197002887726","0.18690197002887726","0.2681674328956287","0.2681674328956287","0.2681674328956287"
"244","0.18782407477498053","0.18782407477498053","0.18782407477498053","0.18920887522399427","0.18920887522399427","0.18920887522399427","0.19032929433882237","0.19032929433882237","0.19032929433882237","0.26099317748565226","0.26099317748565226","0.26099317748565226"
"245","0.1866502459719777","0.1866502459719777","0.1866502459719777","0.1883485136181116","0.1883485136181116","0.1883485136181116","0.1859230220913887","0.1859230220913887","0.1859230220913887","0.2647492454140447","0.2647492454140447","0.2647492454140447"
"246","0.184232272349298","0.184232272349298","0.184232272349298","0.18861434692889453","0.18861434692889453","0.18861434692889453","0.18892632746696472","0.18892632746696472","0.18892632746696472","0.25603274305164814","0.25603274305164814","0.25603274305164814"
"247","0.18455044896900652","0.18455044896900652","0.18455044896900652","0.18766087479144333","0.18766087479144333","0.18766087479144333","0.18636683704704046","0.18636683704704046","0.18636683704704046","0.27973546969913876","0.27973546969913876","0.27973546969913876"
"248","0.18556377616524697","0.18556377616524697","0.18556377616524697","0.18551964993774891","0.18551964993774891","0.18551964993774891","0.1872614291086793","0.1872614291086793","0.1872614291086793","0.26607196042733267","0.26607196042733267","0.26607196042733267"
"249","0.1830626519098878","0.1830626519098878","0.1830626519098878","0.18455117697268725","0.18455117697268725","0.18455117697268725","0.1845215599834919","0.1845215599834919","0.1845215599834919","0.2695827055098489","0.2695827055098489","0.2695827055098489"
"250","0.1832124328315258","0.1832124328315258","0.1832124328315258","0.18720925077050923","0.18720925077050923","0.18720925077050923","0.1847084737122059","0.1847084737122059","0.1847084737122059","0.27604517276072876","0.27604517276072876","0.27604517276072876"
"251","0.21699092785138946","0.21699092785138946","0.21699092785138946","0.21848165855458207","0.21848165855458207","0.21848165855458207","0.2159916772645675","0.2159916772645675","0.2159916772645675","0.25998869069066854","0.25998869069066854","0.25998869069066854"
"252","0.2070533212459038","0.2070533212459038","0.2070533212459038","0.2069135798803292","0.2069135798803292","0.2069135798803292","0.20771167393743006","0.20771167393743006","0.20771167393743006","0.267989566065525","0.267989566065525","0.267989566065525"
"253","0.20183847557353085","0.20183847557353085","0.20183847557353085","0.2019320614974607","0.2019320614974607","0.2019320614974607","0.20079150010854743","0.20079150010854743","0.20079150010854743","0.27105918117945105","0.27105918117945105","0.27105918117945105"
"254","0.19606711366945062","0.19606711366945062","0.19606711366945062","0.19843827572243272","0.19843827572243272","0.19843827572243272","0.19806741259314797","0.19806741259314797","0.19806741259314797","0.27776223238026493","0.27776223238026493","0.27776223238026493"
"255","0.19619697841607833","0.19619697841607833","0.19619697841607833","0.19665885578132858","0.19665885578132858","0.19665885578132858","0.1967804317262547","0.1967804317262547","0.1967804317262547","0.2703986776823347","0.2703986776823347","0.2703986776823347"
"256","0.19056610429951967","0.19056610429951967","0.19056610429951967","0.19415096911517057","0.19415096911517057","0.19415096911517057","0.1935089915375079","0.1935089915375079","0.1935089915375079","0.2696169912106981","0.2696169912106981","0.2696169912106981"
"257","0.18995164447456353","0.18995164447456353","0.18995164447456353","0.19089193940162658","0.19089193940162658","0.19089193940162658","0.19280646034508697","0.19280646034508697","0.19280646034508697","0.2790712288881013","0.2790712288881013","0.2790712288881013"
"258","0.1880402857299186","0.1880402857299186","0.1880402857299186","0.19018830900842493","0.19018830900842493","0.19018830900842493","0.18934302309081574","0.18934302309081574","0.18934302309081574","0.2786234742028577","0.2786234742028577","0.2786234742028577"
"259","0.18417095801800737","0.18417095801800737","0.18417095801800737","0.18721635841633663","0.18721635841633663","0.18721635841633663","0.1869330795281682","0.1869330795281682","0.1869330795281682","0.2755474439333385","0.2755474439333385","0.2755474439333385"
"260","0.1845943349575208","0.1845943349575208","0.1845943349575208","0.18944988889881403","0.18944988889881403","0.18944988889881403","0.1857128927407186","0.1857128927407186","0.1857128927407186","0.2717270617604194","0.2717270617604194","0.2717270617604194"
"261","0.18231786143434933","0.18231786143434933","0.18231786143434933","0.18366576970116166","0.18366576970116166","0.18366576970116166","0.18715677676984102","0.18715677676984102","0.18715677676984102","0.2820505360803328","0.2820505360803328","0.2820505360803328"
"262","0.1823571203846084","0.1823571203846084","0.1823571203846084","0.18343312619638838","0.18343312619638838","0.18343312619638838","0.18346079051001998","0.18346079051001998","0.18346079051001998","0.2831347346906204","0.2831347346906204","0.2831347346906204"
"263","0.18021704163556257","0.18021704163556257","0.18021704163556257","0.1827977900724273","0.1827977900724273","0.1827977900724273","0.18192540609146937","0.18192540609146937","0.18192540609146937","0.26564165024964276","0.26564165024964276","0.26564165024964276"
"264","0.17696674685340283","0.17696674685340283","0.17696674685340283","0.1797102353235414","0.1797102353235414","0.1797102353235414","0.1802658045833761","0.1802658045833761","0.1802658045833761","0.2785781366150241","0.2785781366150241","0.2785781366150241"
"265","0.17674174550766786","0.17674174550766786","0.17674174550766786","0.17862152470168002","0.17862152470168002","0.17862152470168002","0.18042567612464763","0.18042567612464763","0.18042567612464763","0.2797279763143233","0.2797279763143233","0.2797279763143233"
"266","0.17823085446249354","0.17823085446249354","0.17823085446249354","0.1816934380772685","0.1816934380772685","0.1816934380772685","0.18034466038311808","0.18034466038311808","0.18034466038311808","0.28107015128470647","0.28107015128470647","0.28107015128470647"
"267","0.17526929873572894","0.17526929873572894","0.17526929873572894","0.17709577369295862","0.17709577369295862","0.17709577369295862","0.17820030625694055","0.17820030625694055","0.17820030625694055","0.2854966567581027","0.2854966567581027","0.2854966567581027"
"268","0.17492711200448108","0.17492711200448108","0.17492711200448108","0.1771912982579598","0.1771912982579598","0.1771912982579598","0.17722263357117157","0.17722263357117157","0.17722263357117157","0.287612506006421","0.287612506006421","0.287612506006421"
"269","0.1746269901183026","0.1746269901183026","0.1746269901183026","0.17706410385483554","0.17706410385483554","0.17706410385483554","0.17828816361417454","0.17828816361417454","0.17828816361417454","0.29253325878728126","0.29253325878728126","0.29253325878728126"
"270","0.18092512167559183","0.18092512167559183","0.18092512167559183","0.17559240290448686","0.17559240290448686","0.17559240290448686","0.17667811867003597","0.17667811867003597","0.17667811867003597","0.2861035540109223","0.2861035540109223","0.2861035540109223"
"271","0.17259334309780894","0.17259334309780894","0.17259334309780894","0.1776231260708541","0.1776231260708541","0.1776231260708541","0.17499985946111443","0.17499985946111443","0.17499985946111443","0.2835940670160469","0.2835940670160469","0.2835940670160469"
"272","0.1729171153435037","0.1729171153435037","0.1729171153435037","0.17516292852064794","0.17516292852064794","0.17516292852064794","0.17517538544190817","0.17517538544190817","0.17517538544190817","0.29017258090388476","0.29017258090388476","0.29017258090388476"
"273","0.17553529477685936","0.17553529477685936","0.17553529477685936","0.1708834381266074","0.1708834381266074","0.1708834381266074","0.17448495508225498","0.17448495508225498","0.17448495508225498","0.28622889057499806","0.28622889057499806","0.28622889057499806"
"274","0.178506375227339","0.178506375227339","0.178506375227339","0.17636041043341652","0.17636041043341652","0.17636041043341652","0.17718039792308138","0.17718039792308138","0.17718039792308138","0.28615656391667466","0.28615656391667466","0.28615656391667466"
"275","0.17370419336621426","0.17370419336621426","0.17370419336621426","0.17316270214467008","0.17316270214467008","0.17316270214467008","0.17855275212979513","0.17855275212979513","0.17855275212979513","0.28489653642620305","0.28489653642620305","0.28489653642620305"
"276","0.22527194296498135","0.22527194296498135","0.22527194296498135","0.225536974043684","0.225536974043684","0.225536974043684","0.22635049672624316","0.22635049672624316","0.22635049672624316","0.26024843660351404","0.26024843660351404","0.26024843660351404"
"277","0.21517913027043203","0.21517913027043203","0.21517913027043203","0.2137401544035432","0.2137401544035432","0.2137401544035432","0.2116834141781308","0.2116834141781308","0.2116834141781308","0.24751831905450672","0.24751831905450672","0.24751831905450672"
"278","0.20670608017567751","0.20670608017567751","0.20670608017567751","0.20485369931492542","0.20485369931492542","0.20485369931492542","0.2066404990748399","0.2066404990748399","0.2066404990748399","0.2516566717743343","0.2516566717743343","0.2516566717743343"
"279","0.2035904358839616","0.2035904358839616","0.2035904358839616","0.20232776121831395","0.20232776121831395","0.20232776121831395","0.2012985835265782","0.2012985835265782","0.2012985835265782","0.2574143827184647","0.2574143827184647","0.2574143827184647"
"280","0.19883740249659038","0.19883740249659038","0.19883740249659038","0.1980995077510468","0.1980995077510468","0.1980995077510468","0.19954935000536755","0.19954935000536755","0.19954935000536755","0.26033572069847855","0.26033572069847855","0.26033572069847855"
"281","0.19340218828680614","0.19340218828680614","0.19340218828680614","0.19341893290790418","0.19341893290790418","0.19341893290790418","0.1926589833262066","0.1926589833262066","0.1926589833262066","0.2637732286730574","0.2637732286730574","0.2637732286730574"
"282","0.19204296386904185","0.19204296386904185","0.19204296386904185","0.19181608030727754","0.19181608030727754","0.19181608030727754","0.18947683021736642","0.18947683021736642","0.18947683021736642","0.2703268422234234","0.2703268422234234","0.2703268422234234"
"283","0.1873012114704276","0.1873012114704276","0.1873012114704276","0.18815160910081533","0.18815160910081533","0.18815160910081533","0.18653992566073108","0.18653992566073108","0.18653992566073108","0.2597004883107729","0.2597004883107729","0.2597004883107729"
"284","0.18553945716056558","0.18553945716056558","0.18553945716056558","0.18290730459201668","0.18290730459201668","0.18290730459201668","0.18665775128433273","0.18665775128433273","0.18665775128433273","0.25463521961743635","0.25463521961743635","0.25463521961743635"
"285","0.18131722910329698","0.18131722910329698","0.18131722910329698","0.1855004211784237","0.1855004211784237","0.1855004211784237","0.18320717430259617","0.18320717430259617","0.18320717430259617","0.2559127199457483","0.2559127199457483","0.2559127199457483"
"286","0.1817347746859822","0.1817347746859822","0.1817347746859822","0.1847681173071679","0.1847681173071679","0.1847681173071679","0.18126448639668524","0.18126448639668524","0.18126448639668524","0.2570011381473806","0.2570011381473806","0.2570011381473806"
"287","0.1786207975095345","0.1786207975095345","0.1786207975095345","0.1800354324798617","0.1800354324798617","0.1800354324798617","0.18297334427738354","0.18297334427738354","0.18297334427738354","0.25142515334300697","0.25142515334300697","0.25142515334300697"
"288","0.17995347719600735","0.17995347719600735","0.17995347719600735","0.1817896871568842","0.1817896871568842","0.1817896871568842","0.17938149431202974","0.17938149431202974","0.17938149431202974","0.2589204280200647","0.2589204280200647","0.2589204280200647"
"289","0.17757824775762857","0.17757824775762857","0.17757824775762857","0.17730254808751245","0.17730254808751245","0.17730254808751245","0.18205335959792138","0.18205335959792138","0.18205335959792138","0.2648389287603398","0.2648389287603398","0.2648389287603398"
"290","0.1748466931697395","0.1748466931697395","0.1748466931697395","0.17585823216682506","0.17585823216682506","0.17585823216682506","0.17763508659166594","0.17763508659166594","0.17763508659166594","0.26091478921007366","0.26091478921007366","0.26091478921007366"
"291","0.1791814717567629","0.1791814717567629","0.1791814717567629","0.1817141187066833","0.1817141187066833","0.1817141187066833","0.17830987067168785","0.17830987067168785","0.17830987067168785","0.26969622557711165","0.26969622557711165","0.26969622557711165"
"292","0.17412845175195898","0.17412845175195898","0.17412845175195898","0.17344325915392902","0.17344325915392902","0.17344325915392902","0.17720409543770882","0.17720409543770882","0.17720409543770882","0.26274734170033803","0.26274734170033803","0.26274734170033803"
"293","0.17201157006849016","0.17201157006849016","0.17201157006849016","0.1741263225674629","0.1741263225674629","0.1741263225674629","0.17751917452034022","0.17751917452034022","0.17751917452034022","0.2602762289953211","0.2602762289953211","0.2602762289953211"
"294","0.17748688430421883","0.17748688430421883","0.17748688430421883","0.17326088903161385","0.17326088903161385","0.17326088903161385","0.17203290300029847","0.17203290300029847","0.17203290300029847","0.26242759859338144","0.26242759859338144","0.26242759859338144"
"295","0.17164408531453873","0.17164408531453873","0.17164408531453873","0.17431857435860568","0.17431857435860568","0.17431857435860568","0.1726749607051412","0.1726749607051412","0.1726749607051412","0.2598482886070593","0.2598482886070593","0.2598482886070593"
"296","0.17122560212285154","0.17122560212285154","0.17122560212285154","0.17369251957473655","0.17369251957473655","0.17369251957473655","0.1742819281760603","0.1742819281760603","0.1742819281760603","0.26497317086711214","0.26497317086711214","0.26497317086711214"
"297","0.1777386814666291","0.1777386814666291","0.1777386814666291","0.1745519110156844","0.1745519110156844","0.1745519110156844","0.17766173514020112","0.17766173514020112","0.17766173514020112","0.26332801915963905","0.26332801915963905","0.26332801915963905"
"298","0.1694329482451495","0.1694329482451495","0.1694329482451495","0.17290458733526368","0.17290458733526368","0.17290458733526368","0.17159826830029487","0.17159826830029487","0.17159826830029487","0.26760201133017997","0.26760201133017997","0.26760201133017997"
"299","0.1690493197335551","0.1690493197335551","0.1690493197335551","0.1748710217885673","0.1748710217885673","0.1748710217885673","0.17272572940629388","0.17272572940629388","0.17272572940629388","0.2715238922573109","0.2715238922573109","0.2715238922573109"
"300","0.17124141052675745","0.17124141052675745","0.17124141052675745","0.17266587054667373","0.17266587054667373","0.17266587054667373","0.1730022832647794","0.1730022832647794","0.1730022832647794","0.2634045299930828","0.2634045299930828","0.2634045299930828"
"301","0.22432531258678573","0.22432531258678573","0.22432531258678573","0.2278341142742701","0.2278341142742701","0.2278341142742701","0.2257004214306231","0.2257004214306231","0.2257004214306231","0.24553380676239697","0.24553380676239697","0.24553380676239697"
"302","0.21232288472675415","0.21232288472675415","0.21232288472675415","0.21365232854618654","0.21365232854618654","0.21365232854618654","0.21299202882122667","0.21299202882122667","0.21299202882122667","0.24617682801526503","0.24617682801526503","0.24617682801526503"
"303","0.2038487574434839","0.2038487574434839","0.2038487574434839","0.20712504723500572","0.20712504723500572","0.20712504723500572","0.2058348204874428","0.2058348204874428","0.2058348204874428","0.24685636585917234","0.24685636585917234","0.24685636585917234"
"304","0.19766147583723068","0.19766147583723068","0.19766147583723068","0.20279627802544797","0.20279627802544797","0.20279627802544797","0.20142674310320227","0.20142674310320227","0.20142674310320227","0.24424463022612558","0.24424463022612558","0.24424463022612558"
"305","0.19486878166669572","0.19486878166669572","0.19486878166669572","0.19675312924623137","0.19675312924623137","0.19675312924623137","0.19560548001211467","0.19560548001211467","0.19560548001211467","0.2532804822653929","0.2532804822653929","0.2532804822653929"
"306","0.18961687577370356","0.18961687577370356","0.18961687577370356","0.1874394287283604","0.1874394287283604","0.1874394287283604","0.19220904379245446","0.19220904379245446","0.19220904379245446","0.2510489620645834","0.2510489620645834","0.2510489620645834"
"307","0.1845286211142173","0.1845286211142173","0.1845286211142173","0.18958037284219406","0.18958037284219406","0.18958037284219406","0.18576127202553155","0.18576127202553155","0.18576127202553155","0.24885131162343294","0.24885131162343294","0.24885131162343294"
"308","0.18420185511546022","0.18420185511546022","0.18420185511546022","0.18380992402206864","0.18380992402206864","0.18380992402206864","0.18959700023898712","0.18959700023898712","0.18959700023898712","0.2581079513836823","0.2581079513836823","0.2581079513836823"
"309","0.18057829923266489","0.18057829923266489","0.18057829923266489","0.1792083855982892","0.1792083855982892","0.1792083855982892","0.18059438709500272","0.18059438709500272","0.18059438709500272","0.25666196711606637","0.25666196711606637","0.25666196711606637"
"310","0.17830243957554096","0.17830243957554096","0.17830243957554096","0.18402818461670678","0.18402818461670678","0.18402818461670678","0.179358962548555","0.179358962548555","0.179358962548555","0.25784861277334237","0.25784861277334237","0.25784861277334237"
"311","0.17516558554750927","0.17516558554750927","0.17516558554750927","0.1775618732372332","0.1775618732372332","0.1775618732372332","0.18074927589685252","0.18074927589685252","0.18074927589685252","0.25472819057910445","0.25472819057910445","0.25472819057910445"
"312","0.17580904541371842","0.17580904541371842","0.17580904541371842","0.17880581089201764","0.17880581089201764","0.17880581089201764","0.1765625799813214","0.1765625799813214","0.1765625799813214","0.2625813516531933","0.2625813516531933","0.2625813516531933"
"313","0.1748348237582918","0.1748348237582918","0.1748348237582918","0.17527140515178619","0.17527140515178619","0.17527140515178619","0.1772357904831686","0.1772357904831686","0.1772357904831686","0.2552132927984848","0.2552132927984848","0.2552132927984848"
"314","0.17456929614910713","0.17456929614910713","0.17456929614910713","0.17537506528463237","0.17537506528463237","0.17537506528463237","0.1746769523082753","0.1746769523082753","0.1746769523082753","0.25335748382574","0.25335748382574","0.25335748382574"
"315","0.1724019389180742","0.1724019389180742","0.1724019389180742","0.17263037956060742","0.17263037956060742","0.17263037956060742","0.1701624697790696","0.1701624697790696","0.1701624697790696","0.2575597005679283","0.2575597005679283","0.2575597005679283"
"316","0.1665477588023307","0.1665477588023307","0.1665477588023307","0.1739632920444717","0.1739632920444717","0.1739632920444717","0.16967883562812439","0.16967883562812439","0.16967883562812439","0.2609551515633767","0.2609551515633767","0.2609551515633767"
"317","0.16711423347246718","0.16711423347246718","0.16711423347246718","0.1724429865207898","0.1724429865207898","0.1724429865207898","0.16940628610904046","0.16940628610904046","0.16940628610904046","0.27158597727910994","0.27158597727910994","0.27158597727910994"
"318","0.1723860295731905","0.1723860295731905","0.1723860295731905","0.16719400299018655","0.16719400299018655","0.16719400299018655","0.17387708556017226","0.17387708556017226","0.17387708556017226","0.26255987772632655","0.26255987772632655","0.26255987772632655"
"319","0.16845349119259762","0.16845349119259762","0.16845349119259762","0.16842093379980713","0.16842093379980713","0.16842093379980713","0.1688011220485501","0.1688011220485501","0.1688011220485501","0.2626333602671043","0.2626333602671043","0.2626333602671043"
"320","0.16651341251191304","0.16651341251191304","0.16651341251191304","0.16581053612367994","0.16581053612367994","0.16581053612367994","0.17169705689746953","0.17169705689746953","0.17169705689746953","0.2671435823300702","0.2671435823300702","0.2671435823300702"
"321","0.16407138607382069","0.16407138607382069","0.16407138607382069","0.16702267955657998","0.16702267955657998","0.16702267955657998","0.16954145938510726","0.16954145938510726","0.16954145938510726","0.2628762455648169","0.2628762455648169","0.2628762455648169"
"322","0.1701348661957584","0.1701348661957584","0.1701348661957584","0.17228805930436364","0.17228805930436364","0.17228805930436364","0.17143592220350834","0.17143592220350834","0.17143592220350834","0.267157900327756","0.267157900327756","0.267157900327756"
"323","0.16901529995426975","0.16901529995426975","0.16901529995426975","0.1692247844791624","0.1692247844791624","0.1692247844791624","0.16752093190095835","0.16752093190095835","0.16752093190095835","0.2643558516222212","0.2643558516222212","0.2643558516222212"
"324","0.16498775230885962","0.16498775230885962","0.16498775230885962","0.16689690599251075","0.16689690599251075","0.16689690599251075","0.16956307372662444","0.16956307372662444","0.16956307372662444","0.2647793844700433","0.2647793844700433","0.2647793844700433"
"325","0.1672768260291695","0.1672768260291695","0.1672768260291695","0.16407767314265465","0.16407767314265465","0.16407767314265465","0.17482899187805032","0.17482899187805032","0.17482899187805032","0.2724393431878423","0.2724393431878423","0.2724393431878423"
"326","0.21257980347718516","0.21257980347718516","0.21257980347718516","0.2156129970423888","0.2156129970423888","0.2156129970423888","0.2111616326525703","0.2111616326525703","0.2111616326525703","0.24610910960663185","0.24610910960663185","0.24610910960663185"
"327","0.19615665566537302","0.19615665566537302","0.19615665566537302","0.19626655400426565","0.19626655400426565","0.19626655400426565","0.19807989024557174","0.19807989024557174","0.19807989024557174","0.25290666677447377","0.25290666677447377","0.25290666677447377"
"328","0.18557574072738692","0.18557574072738692","0.18557574072738692","0.18671926789517912","0.18671926789517912","0.18671926789517912","0.18936154659058213","0.18936154659058213","0.18936154659058213","0.2610947983694614","0.2610947983694614","0.2610947983694614"
"329","0.18308063637161132","0.18308063637161132","0.18308063637161132","0.1839376348393912","0.1839376348393912","0.1839376348393912","0.18244909058534065","0.18244909058534065","0.18244909058534065","","",""
"330","0.17212857116698002","0.17212857116698002","0.17212857116698002","0.1779091990856948","0.1779091990856948","0.1779091990856948","0.17613493922565665","0.17613493922565665","0.17613493922565665","","",""
"331","0.17311444403413606","0.17311444403413606","0.17311444403413606","0.17055948711931707","0.17055948711931707","0.17055948711931707","0.17834133424473053","0.17834133424473053","0.17834133424473053","","",""
"332","0.16802976072518802","0.16802976072518802","0.16802976072518802","0.17820901286655239","0.17820901286655239","0.17820901286655239","0.1682948482774046","0.1682948482774046","0.1682948482774046","","",""
"333","0.1681140074639448","0.1681140074639448","0.1681140074639448","0.16903963028548324","0.16903963028548324","0.16903963028548324","0.16825918895857675","0.16825918895857675","0.16825918895857675","","",""
"334","0.16535542351858956","0.16535542351858956","0.16535542351858956","0.1649365353721137","0.1649365353721137","0.1649365353721137","0.16559712839673976","0.16559712839673976","0.16559712839673976","","",""
"335","0.16366773770399848","0.16366773770399848","0.16366773770399848","0.16595357363017238","0.16595357363017238","0.16595357363017238","0.16819204688737435","0.16819204688737435","0.16819204688737435","","",""
"336","0.16055844390042584","0.16055844390042584","0.16055844390042584","0.16728711693110515","0.16728711693110515","0.16728711693110515","0.16450657007493535","0.16450657007493535","0.16450657007493535","","",""
"337","0.16506405574630717","0.16506405574630717","0.16506405574630717","0.16514197668174702","0.16514197668174702","0.16514197668174702","0.16502763939147091","0.16502763939147091","0.16502763939147091","","",""
"338","0.1606553401569931","0.1606553401569931","0.1606553401569931","0.16509954873472452","0.16509954873472452","0.16509954873472452","0.16654120399711692","0.16654120399711692","0.16654120399711692","","",""
"339","0.1647040535695851","0.1647040535695851","0.1647040535695851","0.1623634561174074","0.1623634561174074","0.1623634561174074","0.1613657483184824","0.1613657483184824","0.1613657483184824","","",""
"340","0.16060123538826498","0.16060123538826498","0.16060123538826498","0.16214022181776105","0.16214022181776105","0.16214022181776105","0.1658366880113525","0.1658366880113525","0.1658366880113525","","",""
"341","0.1582981371833962","0.1582981371833962","0.1582981371833962","0.16277934571309965","0.16277934571309965","0.16277934571309965","0.16045764309867305","0.16045764309867305","0.16045764309867305","","",""
"342","0.16108065506025238","0.16108065506025238","0.16108065506025238","0.16880356324266416","0.16880356324266416","0.16880356324266416","0.1633241639111419","0.1633241639111419","0.1633241639111419","","",""
"343","0.1607738960230229","0.1607738960230229","0.1607738960230229","0.15936711722110608","0.15936711722110608","0.15936711722110608","0.1603965244389006","0.1603965244389006","0.1603965244389006","","",""
"344","0.15917831768034674","0.15917831768034674","0.15917831768034674","0.1616731854953936","0.1616731854953936","0.1616731854953936","0.16215224106016815","0.16215224106016815","0.16215224106016815","","",""
"345","0.15935648976996236","0.15935648976996236","0.15935648976996236","0.16070297337612327","0.16070297337612327","0.16070297337612327","0.16170294407983216","0.16170294407983216","0.16170294407983216","","",""
"346","0.16388718895804213","0.16388718895804213","0.16388718895804213","0.15797078257844765","0.15797078257844765","0.15797078257844765","0.15882075707599216","0.15882075707599216","0.15882075707599216","","",""
"347","0.15779042159188159","0.15779042159188159","0.15779042159188159","0.1611818994984639","0.1611818994984639","0.1611818994984639","0.16340873601979444","0.16340873601979444","0.16340873601979444","","",""
"348","0.15923548119180664","0.15923548119180664","0.15923548119180664","0.16100689667105977","0.16100689667105977","0.16100689667105977","0.1588608112946457","0.1588608112946457","0.1588608112946457","","",""
"349","0.15930715721974872","0.15930715721974872","0.15930715721974872","0.1602821169592136","0.1602821169592136","0.1602821169592136","0.16112652718070514","0.16112652718070514","0.16112652718070514","","",""
"350","0.15833321420513854","0.15833321420513854","0.15833321420513854","0.16080036718322308","0.16080036718322308","0.16080036718322308","0.16138136868878286","0.16138136868878286","0.16138136868878286","","",""
"351","0.2103693630680791","0.2103693630680791","0.2103693630680791","0.21037734348435577","0.21037734348435577","0.21037734348435577","0.20816545583269586","0.20816545583269586","0.20816545583269586","","",""
"352","0.18835189871365826","0.18835189871365826","0.18835189871365826","0.1902260958579427","0.1902260958579427","0.1902260958579427","0.1863983053167661","0.1863983053167661","0.1863983053167661","","",""
"353","0.17562688454654482","0.17562688454654482","0.17562688454654482","0.17912707904477915","0.17912707904477915","0.17912707904477915","0.17664113370246357","0.17664113370246357","0.17664113370246357","","",""
"354","0.1653615715139442","0.1653615715139442","0.1653615715139442","0.1701235632499059","0.1701235632499059","0.1701235632499059","0.1698782532711824","0.1698782532711824","0.1698782532711824","","",""
"355","0.16819294280393254","0.16819294280393254","0.16819294280393254","0.1672965945634577","0.1672965945634577","0.1672965945634577","0.16328628787729477","0.16328628787729477","0.16328628787729477","","",""
"356","0.1555293837984403","0.1555293837984403","0.1555293837984403","0.16245002340608172","0.16245002340608172","0.16245002340608172","0.16391647974981202","0.16391647974981202","0.16391647974981202","","",""
"357","0.1616263644893964","0.1616263644893964","0.1616263644893964","0.16323395913177066","0.16323395913177066","0.16323395913177066","0.1611357311937544","0.1611357311937544","0.1611357311937544","","",""
"358","0.1561121436158816","0.1561121436158816","0.1561121436158816","0.1569071447187","0.1569071447187","0.1569071447187","0.16033077752921315","0.16033077752921315","0.16033077752921315","","",""
"359","","","","0.16042784849305947","0.16042784849305947","0.16042784849305947","0.1536542415883806","0.1536542415883806","0.1536542415883806","","",""
"360","","","","","","","0.15650020167893833","0.15650020167893833","0.15650020167893833","","",""
"361","","","","","","","0.15490186233652964","0.15490186233652964","0.15490186233652964","","",""