Step,Train Loss,Test Accuracy
0,6.896864668528239,0.0
1,6.870326691203648,0.003
2,6.760928628179762,0.051
3,6.253861496183608,0.0475
4,5.490288260247972,0.042
5,4.7407707479265,0.05
6,4.196977444489797,0.05
7,3.8579364988538956,0.05
8,3.6447437392340767,0.05
9,3.518999906380971,0.0495
10,3.4392719255553352,0.058
11,3.375179676214854,0.062
12,3.3332502325375875,0.0735
13,3.2991388281186422,0.064
14,3.265647930569119,0.057
15,3.233646512031555,0.064
16,3.2105883849991694,0.062
17,3.186947445074717,0.0635
18,3.1617184731695387,0.0615
19,3.1447235809432135,0.0555
20,3.12478465769026,0.0625
21,3.1071462445788915,0.0625
22,3.0884758604897393,0.06
23,3.0706182294421724,0.06
24,3.050233895248837,0.0615
25,3.0325948119163515,0.0615
26,3.0180385973718433,0.0605
27,3.004966550403171,0.061
28,2.9909108956654866,0.0595
29,2.979180567794376,0.0605
30,2.9662686453925238,0.0585
31,2.954982617166307,0.0595
32,2.944816607899136,0.0635
33,2.9349882390764024,0.063
34,2.9265239384439257,0.062
35,2.916622002919515,0.067
36,2.906836465994517,0.0765
37,2.8990914954079523,0.077
38,2.88831545776791,0.0795
39,2.881331359015571,0.0815
40,2.8763609886169434,0.085
41,2.8700214160813227,0.0885
42,2.863811280992296,0.091
43,2.8569987522231206,0.0955
44,2.850490070713891,0.0975
45,2.844083782037099,0.099
46,2.8379005710283915,0.1055
47,2.8304150025049846,0.1025
48,2.8237967610359194,0.1085
49,2.815923635164897,0.11
50,2.8114466044637894,0.117
51,2.8034324685732526,0.12
52,2.797664037015703,0.124
53,2.7906571798854403,0.126
54,2.7876760416560704,0.132
55,2.781141298347049,0.1405
56,2.7731741693284775,0.1445
57,2.767316202322642,0.15
58,2.7623629689216616,0.156
59,2.758400967386034,0.1625
60,2.7541420698165893,0.167
61,2.7479122718175253,0.168
62,2.7454867747094895,0.1695
63,2.7397325078646344,0.1675
64,2.735190561082628,0.1725
65,2.7285251140594484,0.179
66,2.7254442241456776,0.1755
67,2.720936475859748,0.1805
68,2.714328486389584,0.1865
69,2.7115746802753873,0.1875
70,2.708886753188239,0.1835
71,2.702752986219194,0.184
72,2.6980731235610116,0.191
73,2.6967872619628905,0.1865
74,2.694007725185818,0.19
75,2.688549364937676,0.191
76,2.6863973736763,0.1945
77,2.6838167137569853,0.195
78,2.677932772371504,0.197
79,2.676743021276262,0.193
80,2.67182740105523,0.1915
81,2.6685635328292845,0.196
82,2.66622191535102,0.195
83,2.66494683292177,0.1985
84,2.658918997976515,0.1985
85,2.6578374558024938,0.199
86,2.6555042346318563,0.199
87,2.650002039803399,0.2015
88,2.6483305984073215,0.199
89,2.64534891711341,0.1995
90,2.6446671552128262,0.206
91,2.6395597802268136,0.2015
92,2.6404647548993427,0.201
93,2.6377182881037395,0.203
94,2.6355315022998385,0.202
95,2.632825375927819,0.204
96,2.629649057653215,0.208
97,2.6267125712500676,0.2065
98,2.6246359692679513,0.21
99,2.6249095572365655,0.209
100,11.201773240831162,0.0
101,8.981072070863512,0.0
102,7.522481719652812,0.0
103,6.470725223753187,0.0
104,5.659301175011529,0.0
105,5.03031034734514,0.0
106,4.553074273798201,0.0005
107,4.206677163971795,0.029
108,3.960128747092353,0.053
109,3.7678521434466044,0.07
110,3.6275126390986974,0.076
111,3.5159126228756374,0.079
112,3.4388700485229493,0.077
113,3.369773443539937,0.079
114,3.3163732012112934,0.0795
115,3.271656412548489,0.0825
116,3.232076888614231,0.0825
117,3.1906263099776373,0.0835
118,3.1630248520109387,0.084
119,3.134899850686391,0.0865
120,3.115639877319336,0.0875
121,3.092926992310418,0.0915
122,3.0792697509129843,0.094
123,3.057726720968882,0.1035
124,3.042431875069936,0.105
125,3.025574215253194,0.1025
126,3.012248848544227,0.1055
127,3.000299055046505,0.11
128,2.9874479916360643,0.113
129,2.972577382458581,0.118
130,2.9633669681019255,0.1235
131,2.949025180604723,0.1245
132,2.9421318703227572,0.123
133,2.9344865984386868,0.128
134,2.9291716390185885,0.1245
135,2.922323331567976,0.1275
136,2.9142232987615797,0.1285
137,2.9055021935039096,0.129
138,2.9013029204474554,0.1245
139,2.8952972835964625,0.1235
140,2.8898663772477042,0.1285
141,2.8835508637958105,0.128
142,2.8773051447338527,0.1295
143,2.8750143395529855,0.127
144,2.8700046711497835,0.1295
145,2.8629370715883042,0.131
146,2.8593359536594813,0.1315
147,2.855384478304121,0.134
148,2.849071486790975,0.129
149,2.8476739777459037,0.133
150,2.8437562465667723,0.128
151,2.8377313878801136,0.131
152,2.8348712775442335,0.1345
153,2.832516058286031,0.1375
154,2.8283112393485177,0.1365
155,2.8246017588509456,0.134
156,2.8239162696732416,0.1365
157,2.819732165336609,0.135
158,2.8185552491082086,0.1375
159,2.8129692236582438,0.133
160,2.8116857224040563,0.1335
161,2.810365887482961,0.134
162,2.808180879222022,0.132
163,2.8053484638532002,0.1335
164,2.8050967031055025,0.1335
165,2.801151763068305,0.132
166,2.7967916250228884,0.136
167,2.7987992405891418,0.134
168,2.795875702963935,0.1325
169,2.793745540248023,0.132
170,2.790275254514482,0.1345
171,2.7869522081481084,0.136
172,2.7871435827679103,0.137
173,2.785578503873613,0.1395
174,2.781543539630042,0.141
175,2.7798844430181715,0.1385
176,2.779752326011658,0.1385
177,2.778304933839374,0.1365
178,2.7763418787055545,0.1375
179,2.77436557147238,0.1395
180,2.7727230158117084,0.1405
181,2.7723852230442896,0.141
182,2.7699955496523114,0.139
183,2.7707005514038934,0.1385
184,2.7678499268160928,0.141
185,2.7670258866416084,0.141
186,2.7650995559162563,0.14
187,2.762463433874978,0.142
188,2.7614960147274865,0.1405
189,2.761762997839186,0.142
190,2.7599275913503436,0.1425
191,2.758571838008033,0.147
192,2.7570380747318266,0.1475
193,2.755591107077069,0.1475
194,2.7562808997101254,0.145
195,2.7530009640587703,0.146
196,2.753880511389838,0.1455
197,2.7518487691879274,0.148
198,2.7515992575221593,0.147
199,2.7482734521230063,0.147
200,10.55124994383918,0.0
201,8.499126752217611,0.0
202,7.172182597054375,0.0
203,6.210007617208693,0.0025
204,5.4972420533498125,0.0225
205,4.957634570863512,0.035
206,4.557412589920892,0.048
207,4.26788417895635,0.0535
208,4.055068755149842,0.056
209,3.891120041741265,0.0635
210,3.757208381758796,0.066
211,3.647977938916948,0.0655
212,3.5598817057079737,0.0675
213,3.4799828277693856,0.067
214,3.4171814997990926,0.0685
215,3.355455999904209,0.07
216,3.306579954094357,0.073
217,3.259135295285119,0.0725
218,3.215275438626607,0.074
219,3.1823934667640263,0.0755
220,3.1507715231842464,0.0825
221,3.1191657053099737,0.0855
222,3.096007992161645,0.089
223,3.0712412503030566,0.093
224,3.050632141696082,0.0975
225,3.032513639662001,0.0975
226,3.014692911836836,0.0975
227,2.9959409303135343,0.102
228,2.980424439907074,0.1065
229,2.9685704244507685,0.103
230,2.95223708152771,0.1055
231,2.9446808801756963,0.111
232,2.9340622093942432,0.1135
233,2.9231915911038717,0.114
234,2.913157628642188,0.116
235,2.902189350128174,0.122
236,2.892762694093916,0.123
237,2.8801562084092036,0.1225
238,2.872517686420017,0.128
239,2.8677097823884754,0.128
240,2.8609959536128575,0.1305
241,2.8545316682921515,0.1315
242,2.848905322286818,0.1325
243,2.841273926364051,0.1345
244,2.832376882765028,0.1375
245,2.831683287355635,0.138
246,2.8197897685898674,0.146
247,2.8210345599386426,0.1485
248,2.814591246181064,0.151
249,2.811181064446767,0.15
250,2.8073238995340137,0.151
251,2.8042647070354887,0.1555
252,2.7977042542563546,0.151
253,2.794176971912384,0.1555
254,2.7905918624666004,0.156
255,2.7836692518658106,0.157
256,2.77918408314387,0.157
257,2.7753143588701885,0.16
258,2.7698136859469944,0.1605
259,2.765439923604329,0.1615
260,2.7651363796657984,0.167
261,2.76108003060023,0.166
262,2.7553973462846546,0.1645
263,2.753188806109958,0.1635
264,2.746838164329529,0.167
265,2.7438976897133722,0.1705
266,2.7399078130722048,0.173
267,2.736696402231852,0.1705
268,2.735285332467821,0.173
269,2.7294362319840326,0.1745
270,2.726878832446204,0.1725
271,2.723693374792735,0.1755
272,2.7222510072920056,0.1765
273,2.7210009031825595,0.181
274,2.719277260038588,0.178
275,2.7175949758953517,0.1775
276,2.715014938513438,0.178
277,2.7129328701231215,0.1805
278,2.7088515798250836,0.1815
279,2.705834800667233,0.18
280,2.7039520581563314,0.18
281,2.69991764360004,0.181
282,2.697606427139706,0.182
283,2.6954905761612786,0.1815
284,2.6944980356428356,0.183
285,2.6938712000846863,0.1845
286,2.6888836065928143,0.1835
287,2.6848649832937452,0.1835
288,2.685507912105984,0.185
289,2.680405616760254,0.184
290,2.6789908554818895,0.1855
291,2.680043888092041,0.186
292,2.6756962961620756,0.187
293,2.6712837126519946,0.1855
294,2.6726883504125807,0.1845
295,2.669384251700507,0.187
296,2.6700056552886964,0.1865
297,2.6665973756048413,0.1885
298,2.6648045632574293,0.1895
299,2.6625292036268444,0.1905
300,9.879819141493904,0.0
301,7.93309432665507,0.0
302,6.739297858874003,0.013
303,5.921147070990669,0.032
304,5.311079613367716,0.0415
305,4.84585366513994,0.065
306,4.487219342920516,0.103
307,4.214325949218538,0.113
308,4.007127030028237,0.1135
309,3.8429148038228353,0.115
310,3.7042097038692896,0.116
311,3.601545787519879,0.116
312,3.5036207841502294,0.119
313,3.421173765261968,0.119
314,3.347861428393258,0.119
315,3.2824319733513727,0.1255
316,3.224609849850337,0.1305
317,3.173613672124015,0.14
318,3.131581813097,0.145
319,3.0896963715553283,0.1465
320,3.0580578439765507,0.1525
321,3.020746488703622,0.155
322,2.984251895215776,0.153
323,2.9600907107194265,0.1615
324,2.9334570573435887,0.162
325,2.912056444750892,0.1645
326,2.8894618742995792,0.1665
327,2.875341465075811,0.163
328,2.850650476747089,0.161
329,2.8376861684852175,0.1655
330,2.8224514577123854,0.165
331,2.810041160715951,0.1675
332,2.796415690581004,0.1695
333,2.786527944935693,0.169
334,2.774462801880307,0.1715
335,2.763225617011388,0.1725
336,2.751381650235918,0.1705
337,2.7425654298729367,0.173
338,2.7326235393683116,0.1795
339,2.727674040529463,0.178
340,2.7198357741038004,0.1785
341,2.710807039340337,0.1825
342,2.704094573524263,0.1805
343,2.6982705507013534,0.1835
344,2.6918675263722736,0.1845
345,2.6856587052345278,0.186
346,2.6751295003626083,0.1855
347,2.670403081178665,0.1885
348,2.6661704725689357,0.196
349,2.662172461218304,0.1955
350,2.6560246268908183,0.199
351,2.6558825850486754,0.2005
352,2.651761139101452,0.2005
353,2.6475870278146534,0.199
354,2.6429074082109665,0.2
355,2.637736803955502,0.2025
356,2.632965275976393,0.203
357,2.6314081894026864,0.2015
358,2.62699286142985,0.2075
359,2.6224773089090982,0.2085
360,2.6200078394677906,0.2095
361,2.6137070847882167,0.2135
362,2.6113728159003786,0.2115
363,2.6057772841718463,0.2145
364,2.598729897869958,0.211
365,2.596394446823332,0.2135
366,2.5906822787390813,0.216
367,2.587714151541392,0.2195
368,2.5873657425244647,0.2185
369,2.581777256064945,0.2185
370,2.5839873095353445,0.2215
371,2.5777820620271896,0.22
372,2.5757660349210103,0.22
373,2.573303176297082,0.222
374,2.574455091026094,0.225
375,2.5707087808185154,0.225
376,2.5681508117251926,0.2265
377,2.5647221280468835,0.2315
378,2.560323237710529,0.2305
379,2.5581861972808837,0.2285
380,2.5562318457497493,0.23
381,2.550784594482846,0.2315
382,2.5483163409762914,0.231
383,2.5458881629837884,0.229
384,2.5445159912109374,0.2285
385,2.545098790195253,0.233
386,2.540289009279675,0.236
387,2.53953657746315,0.233
388,2.533514196342892,0.2375
389,2.5342349655098384,0.236
390,2.532330709033542,0.2355
391,2.5305091871155634,0.24
392,2.524913348091973,0.2405
393,2.5294186313947042,0.238
394,2.523553646273083,0.242
395,2.5180611901813084,0.24
396,2.5171779096126556,0.2345
397,2.5181049889988367,0.2385
398,2.5171848277250928,0.237
399,2.516138563553492,0.242
400,9.516964456770156,0.018
401,7.711418633990817,0.028
402,6.710492589738634,0.0345
403,6.072419709629482,0.052
404,5.638191167513529,0.0855
405,5.311685189935896,0.104
406,5.0465017278989155,0.109
407,4.817043670680788,0.107
408,4.6119470013512505,0.103
409,4.4252001649803585,0.102
410,4.256189925803079,0.1045
411,4.104225696457757,0.104
412,3.970341639386283,0.107
413,3.84869470000267,0.1055
414,3.7350203262435064,0.106
415,3.64115159312884,0.1075
416,3.560637496577369,0.1065
417,3.4847909291585286,0.11
418,3.42431355714798,0.1155
419,3.361865093972948,0.12
420,3.310545591513316,0.1235
421,3.2570117043124305,0.1255
422,3.2237477435006037,0.13
423,3.1872416834036508,0.134
424,3.154934365881814,0.14
425,3.1267819186051686,0.142
426,3.100773654381434,0.146
427,3.0764441192150116,0.1455
428,3.0584583971235486,0.152
429,3.0356463346216414,0.154
430,3.0225437574916416,0.1535
431,3.0065123505062528,0.1565
432,2.9957305709520976,0.1565
433,2.989327187008328,0.157
434,2.9708235727416143,0.1575
435,2.9626934051513674,0.16
436,2.954062557882733,0.158
437,2.9380871805879805,0.1625
438,2.926393687725067,0.1625
439,2.9151526417997147,0.1635
440,2.9002629690700106,0.166
441,2.9033583720525105,0.1665
442,2.8930779377619427,0.1645
443,2.8855960302882724,0.164
444,2.8744399362140234,0.165
445,2.866289894448386,0.1655
446,2.8601170447137623,0.1665
447,2.85138644112481,0.1695
448,2.846983174482981,0.17
449,2.841841843393114,0.172
450,2.8374514751964144,0.1715
451,2.83409421576394,0.171
452,2.8257848262786864,0.174
453,2.820556214120653,0.177
454,2.819818421204885,0.177
455,2.8153812342219884,0.177
456,2.80355081293318,0.1795
457,2.802329287926356,0.1785
458,2.794242091311349,0.181
459,2.800069562594096,0.1835
460,2.7974295616149902,0.1815
461,2.7905773017141553,0.183
462,2.785540458891127,0.185
463,2.7734863069322375,0.1855
464,2.774917984008789,0.187
465,2.7719538529713947,0.186
466,2.7648445347944897,0.1865
467,2.7654308471414777,0.1855
468,2.7633535557323032,0.185
469,2.7640575885772707,0.186
470,2.760554051399231,0.188
471,2.7520078950458102,0.1895
472,2.7568873008092245,0.1875
473,2.752464963992437,0.187
474,2.748257993327247,0.1905
475,2.746440114577611,0.193
476,2.73916109667884,0.1905
477,2.7392755303117964,0.191
478,2.7362276295820873,0.1885
479,2.736867419216368,0.1885
480,2.7378522290123835,0.188
481,2.7357835915353563,0.1915
482,2.731596104303996,0.1905
483,2.7300279988182914,0.192
484,2.7265224721696644,0.1935
485,2.7262291000949013,0.19
486,2.7209701339403787,0.194
487,2.7180745237403445,0.1905
488,2.7143632610638937,0.191
489,2.710530905591117,0.189
490,2.7122369998031193,0.1895
491,2.706338334083557,0.1905
492,2.7057946330971188,0.1905
493,2.705221398671468,0.1925
494,2.7009079794089,0.193
495,2.704110323720508,0.195
496,2.70195029841529,0.194
497,2.6994408203495874,0.196
498,2.7003169278303782,0.1935
499,2.698057621055179,0.194
500,9.468251585960388,0.0
501,7.619301599926419,0.0
502,6.614497137069702,0.006
503,5.981183310349782,0.029
504,5.503233755959405,0.0505
505,5.118254684077369,0.0705
506,4.806743627124362,0.088
507,4.56189201010598,0.0905
508,4.365437100993263,0.093
509,4.202517396873898,0.097
510,4.057141407993105,0.0965
511,3.920633661084705,0.0985
512,3.8126078969902464,0.098
513,3.724103440841039,0.0995
514,3.641006083620919,0.098
515,3.564370506339603,0.097
516,3.4910397231578827,0.0955
517,3.427618079053031,0.0975
518,3.3662027723259396,0.101
519,3.323946776654985,0.1005
520,3.280148112773895,0.101
521,3.2364502549171448,0.1
522,3.1955064713954924,0.102
523,3.160071310069826,0.105
524,3.1324958052900103,0.106
525,3.1130243923929,0.109
526,3.0819315453370413,0.1105
527,3.060742674271266,0.1095
528,3.045069040192498,0.112
529,3.019828749365277,0.1145
530,3.0051304585403864,0.1155
531,2.976258225573434,0.1175
532,2.9673650244871776,0.12
533,2.9524920874171787,0.1215
534,2.9348042296038734,0.1295
535,2.9224767135249246,0.131
536,2.908913134204017,0.129
537,2.9005165457725526,0.1345
538,2.8960968070560034,0.1385
539,2.883454583088557,0.141
540,2.8710282882054647,0.145
541,2.8585543314615887,0.149
542,2.844710360633002,0.152
543,2.839092144038942,0.1545
544,2.8347971697648364,0.1565
545,2.8266937269104853,0.159
546,2.8192493127452,0.159
547,2.8115047752857207,0.162
548,2.803571307659149,0.162
549,2.7950566795137193,0.165
550,2.7850768003198834,0.167
551,2.780245594183604,0.165
552,2.7693060709370507,0.171
553,2.7637105815940433,0.17
554,2.7579341769218444,0.1735
555,2.7533622046311694,0.1745
556,2.753715514474445,0.1735
557,2.7487560616599187,0.177
558,2.745688791407479,0.1825
559,2.739531318346659,0.1825
560,2.7334657814767627,0.1785
561,2.728272780444887,0.183
562,2.721022683382034,0.1835
563,2.719786897632811,0.1855
564,2.714096462726593,0.1885
565,2.711568213171429,0.194
566,2.7064881987041898,0.1925
567,2.7025776127974193,0.1925
568,2.6940281397766537,0.194
569,2.68726207613945,0.1945
570,2.68445048265987,0.196
571,2.6812295767996046,0.192
572,2.6822671227984958,0.196
573,2.678956918583976,0.1955
574,2.676262523068322,0.197
575,2.6703219062752193,0.2
576,2.6643945508533053,0.2015
577,2.662766679128011,0.202
578,2.6567652848031784,0.2005
579,2.65475871430503,0.201
580,2.6489317489994897,0.205
581,2.646774449613359,0.2045
582,2.642046711842219,0.202
583,2.644436552789476,0.206
584,2.6392564204004074,0.2085
585,2.6329771671030255,0.2095
586,2.629685056871838,0.2075
587,2.6284821344746483,0.2055
588,2.627475611368815,0.205
589,2.6219175888432398,0.2085
590,2.6143840425544314,0.21
591,2.615680256154802,0.2125
592,2.610869175195694,0.21
593,2.6121065285470753,0.2155
594,2.6088305599159662,0.2135
595,2.603252042002148,0.217
596,2.608459465371238,0.216
597,2.602396720647812,0.214
598,2.599368134472105,0.2155
599,2.5983576575915017,0.217
600,9.911168951458402,0.0
601,7.8007751438352795,0.0
602,6.708445480134752,0.0025
603,5.983928757243686,0.019
604,5.415009934372372,0.034
605,4.964895501401689,0.0525
606,4.621757435798645,0.087
607,4.331896466679043,0.109
608,4.097143434153663,0.118
609,3.9064011255900066,0.1215
610,3.7696305804782444,0.12
611,3.6600953751140173,0.124
612,3.563418483071857,0.124
613,3.4717351377010344,0.127
614,3.4082035707102882,0.129
615,3.3358371204800075,0.1315
616,3.2860950277911294,0.133
617,3.2311488793955907,0.135
618,3.184522186385261,0.1345
619,3.1478275941477882,0.1375
620,3.1185045772128634,0.1435
621,3.0723074277242026,0.142
622,3.0425026337305705,0.1425
623,3.0156932446691727,0.146
624,2.9906689087549845,0.152
625,2.967372860511144,0.158
626,2.946782210138109,0.1645
627,2.932472837633557,0.1685
628,2.9070379502243466,0.169
629,2.894026419851515,0.1705
630,2.878547826078203,0.175
631,2.8568379084269204,0.174
632,2.8472470343112946,0.179
633,2.83938547372818,0.1805
634,2.824132568968667,0.1825
635,2.814444224701987,0.1865
636,2.8063188824388714,0.1875
637,2.7907761282391017,0.192
638,2.785294853316413,0.197
639,2.777859474553002,0.1995
640,2.7647656043370565,0.2085
641,2.7561310052871706,0.207
642,2.7447231729825337,0.2095
643,2.745635257164637,0.2115
644,2.737407014105055,0.21
645,2.7322423020998636,0.2125
646,2.727610162893931,0.2135
647,2.719117063946194,0.2165
648,2.708758899900648,0.2205
649,2.7021312740114,0.2205
650,2.698134230905109,0.223
651,2.690542290608088,0.2215
652,2.6846801446543798,0.2265
653,2.6817730598979526,0.227
654,2.6768859068552655,0.229
655,2.6745665272076926,0.231
656,2.6664429929521347,0.233
657,2.659917155901591,0.2345
658,2.6557636188136207,0.235
659,2.6506341358025867,0.2365
660,2.645061959160699,0.2365
661,2.6415456718868677,0.2395
662,2.6384299099445343,0.236
663,2.6325314309861927,0.2385
664,2.628486442565918,0.2395
665,2.631017673677868,0.2375
666,2.631221455997891,0.24
667,2.6215783344374763,0.2435
668,2.6187357597880894,0.2465
669,2.617170743809806,0.246
670,2.6079004029432933,0.246
671,2.6012422806686826,0.246
672,2.596075007650587,0.249
673,2.596424029270808,0.252
674,2.591263309452269,0.2525
675,2.5949565298027464,0.255
676,2.5889357308546703,0.255
677,2.5865112960338594,0.2555
678,2.5827756226062775,0.2565
679,2.574023285177019,0.257
680,2.5730591469340856,0.2585
681,2.5708831628163655,0.2625
682,2.569068287478553,0.26
683,2.560776741637124,0.26
684,2.5619846681753793,0.264
685,2.5530674709214103,0.2635
686,2.5595113370153637,0.264
687,2.5565562698576185,0.263
688,2.551919698052936,0.2625
689,2.5508690959877436,0.2645
690,2.549661182032691,0.2665
691,2.544719518555535,0.264
692,2.542685373624166,0.267
693,2.538474006123013,0.268
694,2.540846473640866,0.2675
695,2.537620132499271,0.27
696,2.5343120866351656,0.269
697,2.5303018132845563,0.2695
698,2.5243434998724195,0.269
699,2.5226334432760873,0.2705
700,9.647568424542746,0.0035
701,7.494753943549262,0.015
702,6.514141832457648,0.0315
703,5.907089647981856,0.041
704,5.442674452728696,0.054
705,5.071984089745415,0.0695
706,4.75693709452947,0.0855
707,4.4900340543852915,0.1075
708,4.268502337402768,0.1195
709,4.076270031929016,0.137
710,3.911095142364502,0.145
711,3.7713635709550646,0.1555
712,3.653409773773617,0.161
713,3.5552444550726148,0.1615
714,3.485992215739356,0.163
715,3.4060684641202292,0.1645
716,3.3373962958653767,0.1655
717,3.2685622466935054,0.1695
718,3.2176345851686268,0.1675
719,3.1664595590697395,0.169
720,3.1239643891652427,0.169
721,3.079413814014859,0.165
722,3.0452246493763395,0.1665
723,3.0206046243508657,0.1675
724,2.9876414789093864,0.1675
725,2.9563047303093803,0.1735
726,2.9287428743309443,0.1785
727,2.904103462563621,0.186
728,2.887941747903824,0.1875
729,2.8793703847461276,0.191
730,2.8564833607938556,0.1955
731,2.832326662540436,0.1965
732,2.811631107330322,0.1965
733,2.7998445166481867,0.1965
734,2.7889548228846657,0.1985
735,2.783674529525969,0.1985
736,2.7729270252916547,0.1965
737,2.7667155815495383,0.2015
738,2.758895893229379,0.1995
739,2.7469548291630215,0.2025
740,2.7316106081008913,0.204
741,2.7252859234809876,0.2045
742,2.7121595091289943,0.205
743,2.7061731265650857,0.207
744,2.6970500701003606,0.2095
745,2.6895919687218135,0.2105
746,2.6830396115779878,0.2075
747,2.6761885563532513,0.213
748,2.6680313368638355,0.213
749,2.6619325280189514,0.2125
750,2.6548470854759216,0.214
751,2.6474409381548565,0.2135
752,2.64549916850196,0.216
753,2.63773433831003,0.217
754,2.6365973896450465,0.2135
755,2.630681659777959,0.215
756,2.6240243593851726,0.215
757,2.620148554113176,0.217
758,2.6124624888102215,0.2155
759,2.6135626600848303,0.218
760,2.6091696123282113,0.2185
761,2.605869386593501,0.2185
762,2.6007731166150836,0.219
763,2.600011118253072,0.2215
764,2.592168334457609,0.2205
765,2.5934567166699303,0.22
766,2.595504668686125,0.222
767,2.584327128198412,0.226
768,2.5798285961151124,0.224
769,2.579302038749059,0.2245
770,2.57714788251453,0.2245
771,2.5748473193910386,0.2255
772,2.572855383820004,0.227
773,2.565199049313863,0.2265
774,2.5641443954573737,0.227
775,2.5606482836935256,0.2275
776,2.5621186912059786,0.228
777,2.559646153450012,0.2315
778,2.555328263839086,0.231
779,2.5541610519091287,0.2285
780,2.550700941350725,0.228
781,2.5505737960338593,0.2285
782,2.5424772017531927,0.2305
783,2.5373600403467815,0.231
784,2.5402179453108045,0.2305
785,2.5362602644496492,0.232
786,2.5338836239443885,0.231
787,2.5318144420782724,0.2325
788,2.5290652321444616,0.232
789,2.5246974070866903,0.235
790,2.521626802285512,0.2315
791,2.5199573828114405,0.23
792,2.515354964468214,0.232
793,2.5145813511477577,0.2315
794,2.511436034573449,0.234
795,2.512098749478658,0.236
796,2.5054756336741977,0.236
797,2.5050144235293073,0.235
798,2.503570138083564,0.239
799,2.50230250093672,0.2365
800,10.281496779123943,0.0
801,7.949631937344869,0.0
802,6.828755826420254,0.0
803,6.122498120201959,0.0055
804,5.581787331899007,0.0215
805,5.152113815148671,0.05
806,4.7986830168300205,0.079
807,4.515429623921713,0.1025
808,4.302851235866546,0.1105
809,4.12881807618671,0.1135
810,3.9824912428855894,0.117
811,3.8549683617220984,0.121
812,3.7480006416638694,0.122
813,3.6560921238528357,0.121
814,3.5678196529547375,0.12
815,3.490840594636069,0.1185
816,3.4306168033017053,0.1195
817,3.3719583915339575,0.1205
818,3.311807162231869,0.122
819,3.27039312587844,0.123
820,3.233567471636666,0.122
821,3.188056225909127,0.123
822,3.1492346379492018,0.1245
823,3.121002908547719,0.126
824,3.094639601310094,0.133
825,3.069846969180637,0.134
826,3.042611606253518,0.133
827,3.018851022587882,0.1355
828,2.9936013996601103,0.14
829,2.9701070414649116,0.1435
830,2.9637814084688823,0.1435
831,2.9462401860290104,0.1465
832,2.9262601958380805,0.148
833,2.9095017976231046,0.154
834,2.8972931471135883,0.157
835,2.887544667058521,0.1625
836,2.879428188668357,0.1645
837,2.866280355056127,0.1675
838,2.856263282563951,0.1705
839,2.849984233909183,0.1735
840,2.835237568616867,0.175
841,2.826954396565755,0.1765
842,2.813836097717285,0.18
843,2.8092535383171504,0.18
844,2.8123481942547692,0.1805
845,2.802620319525401,0.181
846,2.7920938822958203,0.185
847,2.7826761504014335,0.1865
848,2.773482278982798,0.1905
849,2.7730469789769914,0.1905
850,2.7682527568605213,0.195
851,2.760306803385417,0.197
852,2.7517343481381733,0.199
853,2.7468670818540786,0.1975
854,2.741180936495463,0.198
855,2.7305328951941594,0.2015
856,2.7269538402557374,0.2
857,2.7194844477706486,0.2015
858,2.719772748152415,0.201
859,2.716055526998308,0.204
860,2.7157074213027954,0.204
861,2.7052401589022743,0.204
862,2.70731686618593,0.2065
863,2.7001371019416385,0.207
864,2.6947750171025593,0.21
865,2.690422577990426,0.2095
866,2.682650595241123,0.211
867,2.689695476823383,0.2115
868,2.690498626894421,0.209
869,2.677274590730667,0.2135
870,2.6743979235490163,0.216
871,2.6670251886049905,0.2135
872,2.667530006170273,0.2175
873,2.6663685785399545,0.214
874,2.662159554163615,0.2155
875,2.6599883172247143,0.2185
876,2.653577590650982,0.22
877,2.6458244032329983,0.2215
878,2.64488786790106,0.225
879,2.638176202774048,0.224
880,2.6422120531400046,0.2225
881,2.6383818560176424,0.2235
882,2.6359349032243093,0.224
883,2.630983234776391,0.2235
884,2.630735815895928,0.222
885,2.6283341679308148,0.223
886,2.624743201335271,0.2225
887,2.620646623770396,0.224
888,2.6187617712550693,0.223
889,2.6204717914263407,0.225
890,2.6149827288256753,0.2285
891,2.6102513803376093,0.2275
892,2.6042590810192956,0.23
893,2.6039935873614417,0.2265
894,2.6053591483169134,0.2275
895,2.6033159732818603,0.23
896,2.601015614800983,0.229
897,2.5955158299869963,0.2295
898,2.5855333069960276,0.23
899,2.589160113864475,0.229
900,9.779748333825005,0.0
901,7.643843597835964,0.0
902,6.626827600267198,0.0
903,5.950871337784661,0.0
904,5.40302120314704,0.0
905,4.9540980670187205,0.0405
906,4.579060608810849,0.0905
907,4.274485927157932,0.1215
908,4.022322976589203,0.137
909,3.829547580083211,0.1475
910,3.6751852048767937,0.1505
911,3.5538964589436848,0.154
912,3.4455444329314764,0.16
913,3.3553694321049585,0.163
914,3.2789620644516413,0.164
915,3.2137321723832026,0.164
916,3.1430628491772548,0.168
917,3.085445281532076,0.17
918,3.0349466615253027,0.172
919,2.99488984213935,0.1805
920,2.955377264155282,0.1825
921,2.923932278818554,0.1855
922,2.9005049851205613,0.1875
923,2.8782876782947118,0.1895
924,2.852052821053399,0.1945
925,2.823060370816125,0.195
926,2.808246178759469,0.1945
927,2.77654700477918,0.194
928,2.76265389058325,0.197
929,2.746936380200916,0.2
930,2.730029453833898,0.2005
931,2.7074420770009358,0.2035
932,2.6997376534673903,0.206
933,2.6826745291550953,0.208
934,2.6688732743263244,0.207
935,2.6673972838454776,0.21
936,2.650854343175888,0.213
937,2.634147145350774,0.212
938,2.6215974575943415,0.215
939,2.61570589211252,0.2185
940,2.6110632359981536,0.2185
941,2.602409020397398,0.218
942,2.5894990470674304,0.221
943,2.5832872178819444,0.218
944,2.573136685291926,0.219
945,2.568502277798123,0.2205
946,2.562390712234709,0.219
947,2.5659349057409497,0.2205
948,2.555663464466731,0.2225
949,2.5489351391792296,0.2215
950,2.5383556491798824,0.221
951,2.5283105413119,0.228
952,2.524853060642878,0.228
953,2.5182032836808097,0.2285
954,2.520714501539866,0.229
955,2.5133067270119986,0.228
956,2.5141943752765656,0.2265
957,2.5047171572844187,0.227
958,2.497524258825514,0.23
959,2.495211768812603,0.2325
960,2.493750558959113,0.233
961,2.488432110680474,0.2345
962,2.482024959060881,0.233
963,2.480403431918886,0.239
964,2.471650892496109,0.2395
965,2.473088349898656,0.2395
966,2.4701212293571895,0.2415
967,2.466292440228992,0.243
968,2.4628220438957213,0.241
969,2.4594081905153065,0.24
970,2.4563715914885202,0.2415
971,2.45205757021904,0.242
972,2.451770602332221,0.2435
973,2.447132529152764,0.2455
974,2.4422314597500696,0.246
975,2.44017827378379,0.252
976,2.43320155872239,0.2515
977,2.433315646648407,0.2485
978,2.429374853107664,0.2485
979,2.4250678373707664,0.2495
980,2.42903191447258,0.25
981,2.429249475399653,0.25
982,2.422550336519877,0.255
983,2.4199111455016666,0.254
984,2.421405726671219,0.255
985,2.4168371809853446,0.255
986,2.41880374484592,0.255
987,2.4192190647125242,0.253
988,2.412419698635737,0.254
989,2.4127163602246178,0.2545
990,2.4048688226275976,0.261
991,2.403304178184933,0.259
992,2.402949654393726,0.2545
993,2.397513108121024,0.258
994,2.397218847937054,0.256
995,2.3931079539987774,0.258
996,2.3923717505402036,0.259
997,2.3875097003248005,0.261
998,2.384367544121212,0.2645
999,2.387357411781947,0.2635
1000,10.372288571463692,0.0
1001,7.9932223055097795,0.0
1002,6.872679713037279,0.0
1003,6.180559857686361,0.0
1004,5.639996067682902,0.0065
1005,5.182463623417748,0.0315
1006,4.781023546059926,0.058
1007,4.4628252320819435,0.0785
1008,4.19832976659139,0.095
1009,3.9937687158584594,0.1145
1010,3.811299647225274,0.1375
1011,3.656549478901757,0.152
1012,3.5339093380504183,0.16
1013,3.4211648795339795,0.1715
1014,3.3357332441541883,0.1835
1015,3.2562152478430004,0.1845
1016,3.1918869541751014,0.1875
1017,3.1349751432736714,0.19
1018,3.0805661353800033,0.1935
1019,3.0528921378983394,0.1995
1020,3.023514064815309,0.2085
1021,2.974480449491077,0.2145
1022,2.9401269608073766,0.217
1023,2.918564423587587,0.212
1024,2.8873829338285657,0.219
1025,2.8595716774463655,0.219
1026,2.835833865404129,0.219
1027,2.8119792805777655,0.2215
1028,2.7935238659381865,0.226
1029,2.780214047431946,0.226
1030,2.7709050602383085,0.226
1031,2.750299929247962,0.226
1032,2.7431794961293536,0.228
1033,2.709950694772932,0.2335
1034,2.698364222711987,0.2305
1035,2.6983708527353074,0.232
1036,2.6757155934969585,0.231
1037,2.670345523622301,0.2325
1038,2.6633216023445128,0.235
1039,2.650252162747913,0.2325
1040,2.643843247493108,0.231
1041,2.6300438894165885,0.234
1042,2.612935352987713,0.2395
1043,2.6095644096533457,0.2375
1044,2.6059057374795276,0.2385
1045,2.610377989212672,0.2375
1046,2.6037479360898335,0.234
1047,2.5937575591935054,0.2365
1048,2.5898336271444955,0.237
1049,2.5829803162150915,0.2345
1050,2.573850449588564,0.2385
1051,2.567874742878808,0.2385
1052,2.5576266944408417,0.2395
1053,2.552579033374786,0.24
1054,2.5481876141495174,0.2415
1055,2.5455755869547527,0.244
1056,2.538911220100191,0.2415
1057,2.5335718697971767,0.2425
1058,2.524324008491304,0.2455
1059,2.530939891603258,0.2465
1060,2.53137505253156,0.2455
1061,2.523651392592324,0.244
1062,2.5212827967272866,0.2445
1063,2.516695198085573,0.247
1064,2.5128475414382088,0.2475
1065,2.504546782043245,0.2505
1066,2.5005575822459325,0.2475
1067,2.500213525030348,0.2455
1068,2.4973015732235377,0.248
1069,2.5011889815330504,0.25
1070,2.498777370320426,0.248
1071,2.4857045431931812,0.2515
1072,2.4846151179737515,0.252
1073,2.481856831577089,0.2515
1074,2.4824408319261337,0.25
1075,2.4844900396135117,0.2515
1076,2.4726953075991736,0.252
1077,2.4670298914114634,0.253
1078,2.466651737689972,0.255
1079,2.460581789414088,0.2555
1080,2.4608806404802532,0.258
1081,2.457937098873986,0.258
1082,2.4581578142113156,0.258
1083,2.4555363562371997,0.2575
1084,2.452396344476276,0.2575
1085,2.45312460925844,0.259
1086,2.4518490387333762,0.259
1087,2.44789282547103,0.2585
1088,2.4433336748017207,0.2575
1089,2.4406542665428583,0.259
1090,2.438325532939699,0.2635
1091,2.4364313628938463,0.266
1092,2.433745484219657,0.266
1093,2.44043953816096,0.265
1094,2.4324347734451295,0.264
1095,2.4282128658559587,0.2645
1096,2.428754907184177,0.266
1097,2.4276788281069863,0.2675
1098,2.422789318031735,0.267
1099,2.4225538637903004,0.269
1100,9.356840839650896,0.0145
1101,7.844976620541678,0.0565
1102,7.155105784866545,0.067
1103,6.652212531036801,0.073
1104,6.2790810737344955,0.075
1105,5.952511556280983,0.077
1106,5.660923043224547,0.0785
1107,5.405619979566998,0.078
1108,5.151204020447201,0.081
1109,4.93061857620875,0.079
1110,4.705924088425107,0.0805
1111,4.5079564611117044,0.081
1112,4.325351817078061,0.0815
1113,4.165644923845927,0.0835
1114,4.014749889903598,0.085
1115,3.8730419125821856,0.089
1116,3.7648530999819436,0.095
1117,3.6639299160904355,0.1025
1118,3.573185259103775,0.107
1119,3.4941505478488075,0.116
1120,3.4176651808950638,0.12
1121,3.3372414906819663,0.126
1122,3.2805101368162366,0.1325
1123,3.210650865899192,0.14
1124,3.1694267246458265,0.1435
1125,3.125643969906701,0.1475
1126,3.0861977153354223,0.1535
1127,3.049194340573417,0.156
1128,3.0150039427810245,0.16
1129,2.991254233651691,0.1645
1130,2.9618689331743453,0.1705
1131,2.9319542765617372,0.172
1132,2.913657987780041,0.182
1133,2.8853536625703176,0.1845
1134,2.8616801785098183,0.187
1135,2.842914743555917,0.1915
1136,2.8270597292317285,0.195
1137,2.819724161095089,0.201
1138,2.79891910288069,0.204
1139,2.77856843802664,0.2105
1140,2.771035599046283,0.2085
1141,2.7601107001304626,0.2075
1142,2.750064794222514,0.2115
1143,2.7341612603929306,0.209
1144,2.728130642573039,0.209
1145,2.710506910085678,0.2135
1146,2.6981365415785046,0.216
1147,2.6855767283174727,0.2085
1148,2.6768940925598144,0.2135
1149,2.6654810309410095,0.219
1150,2.6603129963080088,0.2195
1151,2.65531724691391,0.2165
1152,2.6440120849344466,0.218
1153,2.634443101618025,0.222
1154,2.6280684808890027,0.221
1155,2.624106736315621,0.222
1156,2.6124296181731754,0.223
1157,2.603402460945977,0.223
1158,2.596462861696879,0.221
1159,2.594426465034485,0.2235
1160,2.5901669846640694,0.2195
1161,2.585584988858965,0.221
1162,2.5794911318355136,0.22
1163,2.5707838084962633,0.2215
1164,2.5706612315442827,0.222
1165,2.564314924346076,0.22
1166,2.560725258456336,0.218
1167,2.5577996061907875,0.2195
1168,2.5531510445806713,0.2235
1169,2.5455032693015203,0.225
1170,2.5410316156016455,0.225
1171,2.5352104928758408,0.227
1172,2.535058289104038,0.226
1173,2.526919580830468,0.2245
1174,2.5235287076897093,0.224
1175,2.5248508003022936,0.222
1176,2.520803099208408,0.2275
1177,2.521770508421792,0.229
1178,2.518280083603329,0.2295
1179,2.514151453971863,0.227
1180,2.5089226841926573,0.228
1181,2.5074122468630473,0.2285
1182,2.502705243561003,0.23
1183,2.498341135846244,0.229
1184,2.4985529038641188,0.2285
1185,2.4941483630074397,0.229
1186,2.4879012743632,0.229
1187,2.48665665851699,0.2265
1188,2.485685477654139,0.228
1189,2.481565081410938,0.2285
1190,2.4788832333352833,0.227
1191,2.4773306429386137,0.225
1192,2.480105698770947,0.227
1193,2.4779583619700536,0.228
1194,2.4748211416933272,0.23
1195,2.4695579879813723,0.232
1196,2.46665508084827,0.232
1197,2.463786267571979,0.234
1198,2.462309753894806,0.231
1199,2.4641536004013487,0.2305
1200,9.523646436797248,0.0095
1201,7.5632494820488825,0.023
1202,6.611036732461717,0.036
1203,6.031028891934289,0.0455
1204,5.588543999195099,0.0575
1205,5.25701516866684,0.067
1206,4.984642122189204,0.078
1207,4.758221356736289,0.083
1208,4.57255996995502,0.0885
1209,4.396909416384167,0.093
1210,4.235542154974407,0.1
1211,4.094053211477068,0.101
1212,3.9596336742242175,0.1065
1213,3.8365607341130574,0.112
1214,3.731013793415493,0.118
1215,3.6336043967141047,0.1195
1216,3.5301686743895213,0.124
1217,3.4571903851297168,0.129
1218,3.3824823359648386,0.1335
1219,3.3122932619518703,0.138
1220,3.2537165893448723,0.1455
1221,3.1995353367593555,0.156
1222,3.150364367167155,0.161
1223,3.107739841938019,0.171
1224,3.0720737973848977,0.1775
1225,3.0364516615867614,0.181
1226,2.998082027170393,0.1825
1227,2.967589710156123,0.19
1228,2.931144185198678,0.194
1229,2.9062084039052327,0.1975
1230,2.8780572745535107,0.204
1231,2.8511833144558802,0.205
1232,2.836089867353439,0.2155
1233,2.8054056684176127,0.217
1234,2.790374528037177,0.2165
1235,2.7720740689171683,0.219
1236,2.7630651149484846,0.2205
1237,2.7449607531229656,0.2245
1238,2.72984497613377,0.228
1239,2.7173386679755316,0.227
1240,2.711202005545298,0.23
1241,2.6969763504134283,0.2315
1242,2.682902412282096,0.2325
1243,2.6720928284857006,0.235
1244,2.6550324658552804,0.2365
1245,2.6438396328025395,0.244
1246,2.632234423690372,0.247
1247,2.6282246510187783,0.2475
1248,2.6255665712886387,0.249
1249,2.612466550535626,0.251
1250,2.605274287197325,0.2525
1251,2.601526204744975,0.2595
1252,2.599620105160607,0.261
1253,2.5842944814099207,0.2615
1254,2.5779558923509387,0.2625
1255,2.567312486966451,0.261
1256,2.559145508872138,0.264
1257,2.5573120004600947,0.262
1258,2.5560934676064386,0.267
1259,2.5487493362691667,0.267
1260,2.5380603551864622,0.2675
1261,2.5332655058966744,0.265
1262,2.5317426754368677,0.2685
1263,2.526510175731447,0.268
1264,2.5213579416275023,0.2695
1265,2.517204586664836,0.269
1266,2.5127143846617805,0.2705
1267,2.505893161561754,0.2705
1268,2.50508258872562,0.268
1269,2.4964474611812166,0.267
1270,2.499068935049905,0.273
1271,2.4897022094991472,0.2685
1272,2.48942784998152,0.2705
1273,2.481543750895394,0.2725
1274,2.4764762421449027,0.273
1275,2.469473343425327,0.276
1276,2.465870571136475,0.2765
1277,2.4640894909699758,0.277
1278,2.4612235294448004,0.2785
1279,2.4502676712142097,0.279
1280,2.448246106836531,0.2765
1281,2.445517573753993,0.2795
1282,2.4478770587179395,0.2765
1283,2.442986802260081,0.2785
1284,2.435838599337472,0.278
1285,2.4329546319113837,0.2815
1286,2.4295385983255176,0.2815
1287,2.4250313030348885,0.2795
1288,2.423445855908924,0.284
1289,2.4217511230044897,0.286
1290,2.417049462927712,0.2845
1291,2.4160806728733912,0.285
1292,2.415933789147271,0.2885
1293,2.415990409586165,0.2885
1294,2.4100412077373927,0.2885
1295,2.407831249634425,0.2875
1296,2.4029650357034473,0.2875
1297,2.401628928714328,0.289
1298,2.3901055600908068,0.289
1299,2.3965890049934386,0.2875
1300,10.149372582965427,0.0
1301,7.889270202318827,0.0
1302,6.825633030467563,0.004
1303,6.119162080023024,0.046
1304,5.5632973498768274,0.0925
1305,5.114211200343238,0.1095
1306,4.721286947197385,0.1315
1307,4.387016514937083,0.1445
1308,4.130394735601214,0.1555
1309,3.9065594421492684,0.1655
1310,3.7132774406009252,0.175
1311,3.56980229417483,0.1865
1312,3.428135936127769,0.1955
1313,3.3108966588974,0.203
1314,3.20935425096088,0.2125
1315,3.1244085013866423,0.216
1316,3.063955961333381,0.218
1317,3.0100028428766463,0.223
1318,2.949537079201804,0.231
1319,2.9087933984067704,0.234
1320,2.860082064734565,0.2355
1321,2.828570188416375,0.2315
1322,2.7902271171410877,0.2325
1323,2.761952437294854,0.236
1324,2.742255281739765,0.2365
1325,2.7162057247426774,0.2395
1326,2.6885253224107952,0.24
1327,2.666556977563434,0.2455
1328,2.650824217001597,0.2445
1329,2.627076286077499,0.2485
1330,2.6122517532772487,0.249
1331,2.590940319167243,0.2475
1332,2.5784885810481177,0.2525
1333,2.5669240057468414,0.2575
1334,2.5518480526076424,0.2635
1335,2.537996580865648,0.263
1336,2.5289499203364056,0.263
1337,2.5209432774119906,0.264
1338,2.5116845097806717,0.262
1339,2.4974017090267604,0.2685
1340,2.487834842999776,0.2675
1341,2.4830739325947233,0.27
1342,2.4706717524263593,0.2685
1343,2.463177637921439,0.271
1344,2.4553536858823564,0.273
1345,2.4440864854388766,0.272
1346,2.439464450544781,0.273
1347,2.433361655473709,0.275
1348,2.4275646660063,0.2785
1349,2.4212549130121865,0.2805
1350,2.4128993060853747,0.283
1351,2.4052332619826,0.2845
1352,2.397436938683192,0.285
1353,2.389258566829893,0.29
1354,2.3859223816129895,0.2935
1355,2.3836809403366512,0.293
1356,2.375102451774809,0.291
1357,2.3691820482412975,0.295
1358,2.364463249180052,0.2955
1359,2.3544558107852938,0.298
1360,2.351538801193237,0.297
1361,2.354094652334849,0.302
1362,2.3479831900861527,0.2995
1363,2.3429389735062918,0.3005
1364,2.3384314444330006,0.3035
1365,2.337746034065882,0.303
1366,2.3281658563348984,0.3015
1367,2.329661970668369,0.3055
1368,2.324415183067322,0.3055
1369,2.3200840850671134,0.309
1370,2.3194455206394196,0.311
1371,2.313416161139806,0.313
1372,2.3103429012828403,0.3145
1373,2.306676360633638,0.314
1374,2.303747377792994,0.3145
1375,2.304242244693968,0.3125
1376,2.2950070540110272,0.3155
1377,2.2901969022221036,0.3155
1378,2.2889188084337446,0.318
1379,2.2892392933368684,0.317
1380,2.282175208462609,0.3195
1381,2.2843828976154326,0.3145
1382,2.280906785859002,0.3195
1383,2.2741679006152684,0.3195
1384,2.276642256975174,0.3205
1385,2.2724567969640095,0.318
1386,2.2677256868945226,0.32
1387,2.266763707002004,0.322
1388,2.2630675024456446,0.321
1389,2.259289398458269,0.321
1390,2.255443274312549,0.326
1391,2.2485483898056877,0.3265
1392,2.251718129052056,0.3275
1393,2.257002704673343,0.3285
1394,2.2538081175751157,0.322
1395,2.251958696709739,0.325
1396,2.2508330596817863,0.3275
1397,2.2472044474548762,0.328
1398,2.2411094745000204,0.3265
1399,2.240676358011034,0.327
1400,10.321665133370294,0.0
1401,7.950152219666375,0.0
1402,6.930430955357021,0.001
1403,6.319093387656742,0.0125
1404,5.840398502349854,0.041
1405,5.436715100871192,0.078
1406,5.080348438686794,0.1
1407,4.79757112065951,0.1115
1408,4.5543762303060955,0.1165
1409,4.350504216551781,0.1195
1410,4.162328473395771,0.12
1411,4.001277024878396,0.1215
1412,3.848916733264923,0.1255
1413,3.7329315331247117,0.1315
1414,3.633919491370519,0.138
1415,3.535877643691169,0.145
1416,3.4529550184806186,0.1585
1417,3.381220711602105,0.164
1418,3.326755943894386,0.1715
1419,3.2702989276912477,0.175
1420,3.2183724876907136,0.18
1421,3.1763384494516584,0.1815
1422,3.137888360685772,0.1825
1423,3.1010434177186754,0.185
1424,3.0607902195718553,0.1925
1425,3.0361753977007337,0.1965
1426,3.0073713994688456,0.2005
1427,2.972645887070232,0.2025
1428,2.9480255325635274,0.2075
1429,2.933728159798516,0.2085
1430,2.9074322789907456,0.208
1431,2.89099733432134,0.2085
1432,2.873485995994674,0.211
1433,2.857601190606753,0.2135
1434,2.836686607864168,0.215
1435,2.8191994726657867,0.2155
1436,2.810594516330295,0.217
1437,2.8061485754119024,0.2175
1438,2.7924148102601367,0.216
1439,2.7842992146809897,0.218
1440,2.772757934861713,0.2175
1441,2.7632876223988,0.2215
1442,2.7540351192156476,0.222
1443,2.739594250255161,0.225
1444,2.739329162902302,0.2245
1445,2.7194237026903365,0.2255
1446,2.7124005337556203,0.224
1447,2.712694451212883,0.225
1448,2.6957994676298567,0.228
1449,2.6905146410067875,0.2305
1450,2.6866619345214633,0.235
1451,2.6865969542000028,0.2365
1452,2.672814431786537,0.237
1453,2.662265795469284,0.2395
1454,2.6556850449906455,0.2365
1455,2.6540317197640735,0.237
1456,2.6418525093131597,0.2395
1457,2.6386860446797478,0.241
1458,2.628811636235979,0.245
1459,2.6262581593460506,0.2455
1460,2.6242766867081326,0.246
1461,2.6194323440392813,0.249
1462,2.6133443183369107,0.2455
1463,2.6128138071960874,0.2435
1464,2.6121412833531696,0.2465
1465,2.6151098244720035,0.2435
1466,2.6084906614489025,0.246
1467,2.602716298235787,0.242
1468,2.592795370353593,0.247
1469,2.5899716635545094,0.246
1470,2.5896299305889343,0.2475
1471,2.58491012122896,0.2465
1472,2.580519120560752,0.2495
1473,2.5862424658404457,0.25
1474,2.5839429441425534,0.2515
1475,2.5777453008625244,0.2525
1476,2.566383816798528,0.2555
1477,2.5701916890011893,0.2535
1478,2.5682921912935046,0.254
1479,2.554989061752955,0.2555
1480,2.5560372140672474,0.2555
1481,2.551136044661204,0.256
1482,2.545655608508322,0.257
1483,2.5452216310633555,0.2565
1484,2.539566307928827,0.2555
1485,2.541842207312584,0.255
1486,2.53602143128713,0.256
1487,2.529749470286899,0.258
1488,2.532255748245451,0.257
1489,2.5296992636389204,0.261
1490,2.5223789304494857,0.26
1491,2.5233655128214094,0.26
1492,2.5228082166777717,0.258
1493,2.52402185300986,0.257
1494,2.5268085847298303,0.258
1495,2.519805456863509,0.258
1496,2.524190895093812,0.2595
1497,2.5188792079687117,0.2595
1498,2.5106316841310923,0.26
1499,2.516850984096527,0.26
1500,9.721171927452087,0.0025
1501,7.725592621167501,0.0055
1502,6.906385321087307,0.012
1503,6.370240077707503,0.0265
1504,5.924576150046454,0.0375
1505,5.508374876446194,0.05
1506,5.16318711174859,0.063
1507,4.869683607419332,0.0675
1508,4.630077045493656,0.072
1509,4.420821695857578,0.077
1510,4.24764504565133,0.0775
1511,4.097104434172312,0.0795
1512,3.973738144503699,0.0835
1513,3.8616195764806536,0.088
1514,3.758972449435128,0.0965
1515,3.649778233634101,0.096
1516,3.565870283709632,0.1055
1517,3.4795198963748084,0.1095
1518,3.405625636710061,0.1135
1519,3.346763245926963,0.119
1520,3.2819082101186114,0.123
1521,3.2276493953333962,0.1315
1522,3.1847207142247096,0.135
1523,3.1375044319364758,0.1395
1524,3.0888099087609184,0.148
1525,3.0615870118141175,0.152
1526,3.021395507123735,0.1555
1527,3.001155646642049,0.158
1528,2.965536614259084,0.1635
1529,2.9468985299269357,0.1695
1530,2.913164824909634,0.17
1531,2.898375512493981,0.172
1532,2.871412232187059,0.175
1533,2.8489540325270757,0.178
1534,2.8314571380615234,0.1815
1535,2.8124653034740024,0.1865
1536,2.790554094976849,0.1905
1537,2.7826468374994064,0.1905
1538,2.772312678893407,0.196
1539,2.756196508804957,0.2035
1540,2.743302290969425,0.2065
1541,2.732514962222841,0.2055
1542,2.7196703791618346,0.2065
1543,2.7099383857515122,0.2085
1544,2.704609218570921,0.2135
1545,2.687180729044808,0.213
1546,2.6773143966992694,0.2145
1547,2.6809690203931598,0.2165
1548,2.6711833192242516,0.2205
1549,2.6567894577980042,0.2215
1550,2.6462069769700367,0.2275
1551,2.6406754705641005,0.229
1552,2.63117942876286,0.2285
1553,2.6264084458351133,0.233
1554,2.6193826443619197,0.2325
1555,2.6093206644058227,0.235
1556,2.597361734840605,0.238
1557,2.6002973357836408,0.2365
1558,2.5976199414994983,0.2385
1559,2.5827922602494557,0.238
1560,2.5729389634397295,0.244
1561,2.566467015610801,0.2445
1562,2.570020875003603,0.2495
1563,2.568350202507443,0.251
1564,2.5627987729178536,0.2525
1565,2.553675356838438,0.2505
1566,2.5476490431361727,0.2575
1567,2.544749101003011,0.256
1568,2.5397108753522235,0.2585
1569,2.535790513621436,0.2605
1570,2.5250691056251524,0.26
1571,2.5291181769635944,0.2645
1572,2.51908324625757,0.2665
1573,2.524845670991474,0.267
1574,2.508316621515486,0.2665
1575,2.507619537247552,0.268
1576,2.5049130426512822,0.267
1577,2.502760587135951,0.265
1578,2.4984834949175516,0.2675
1579,2.4943073325686984,0.268
1580,2.487546218103833,0.272
1581,2.4865952206982507,0.269
1582,2.4862166245778403,0.2705
1583,2.4889781872431436,0.269
1584,2.482440984911389,0.275
1585,2.4747791820102267,0.2715
1586,2.4739814930491977,0.2725
1587,2.468846364153756,0.271
1588,2.4658288445737626,0.273
1589,2.468900661998325,0.2725
1590,2.471674223078622,0.2755
1591,2.467550192276637,0.275
1592,2.459291101164288,0.274
1593,2.4560480462180245,0.2755
1594,2.455325503481759,0.27
1595,2.455788508388731,0.273
1596,2.4497536175780827,0.2735
1597,2.4478085259596507,0.2765
1598,2.4373607012960647,0.2785
1599,2.434902158048418,0.2775
1600,9.492687527338664,0.0
1601,7.53336435423957,0.0
1602,6.669375721613566,0.0
1603,6.131078329351213,0.016
1604,5.713978362083435,0.052
1605,5.371794770823585,0.0715
1606,5.095680932203929,0.0795
1607,4.848513587978151,0.0865
1608,4.639200258255005,0.0845
1609,4.4396515700552195,0.0885
1610,4.267838270134396,0.092
1611,4.100011730194092,0.0895
1612,3.962574002477858,0.091
1613,3.8286302109559376,0.1035
1614,3.7196715321805742,0.114
1615,3.6145046015580493,0.1175
1616,3.511628031068378,0.1255
1617,3.422246182627148,0.1315
1618,3.3725516041119894,0.135
1619,3.2979209681351978,0.1445
1620,3.2394386483563316,0.1485
1621,3.196233692434099,0.1535
1622,3.1336198263698156,0.1615
1623,3.0941854569647047,0.17
1624,3.061884042951796,0.175
1625,3.0252806074089476,0.1785
1626,2.996158727672365,0.1815
1627,2.955601127942403,0.18
1628,2.9364373438888127,0.1835
1629,2.9094793134265475,0.1865
1630,2.893024963140488,0.193
1631,2.871738620599111,0.197
1632,2.852952029307683,0.1995
1633,2.8376269545820025,0.2015
1634,2.820627053578695,0.2025
1635,2.802087140745587,0.2055
1636,2.7887047191460925,0.2035
1637,2.7836121181646982,0.2095
1638,2.7688159147898355,0.2115
1639,2.753201345602671,0.215
1640,2.7464817159705692,0.218
1641,2.7295035170184243,0.22
1642,2.706327827109231,0.217
1643,2.696375674009323,0.2195
1644,2.6897072063552008,0.2215
1645,2.687923749950197,0.225
1646,2.676701388756434,0.224
1647,2.665434084335963,0.2215
1648,2.663291401333279,0.2235
1649,2.651365914609697,0.226
1650,2.646057828929689,0.229
1651,2.6416685223579406,0.2265
1652,2.631047225660748,0.229
1653,2.619090284903844,0.231
1654,2.6146178159448836,0.2315
1655,2.6122782184018027,0.2325
1656,2.6113663309150272,0.232
1657,2.5997770488262177,0.232
1658,2.5926808224784,0.231
1659,2.5894449339972603,0.2335
1660,2.5868611031108433,0.233
1661,2.5829461680518255,0.236
1662,2.579063112205929,0.2365
1663,2.5728327876991695,0.2405
1664,2.563486019770304,0.242
1665,2.5611264997058445,0.2415
1666,2.5543581035402085,0.243
1667,2.5510946340031095,0.244
1668,2.540652796294954,0.246
1669,2.5381839334964753,0.2445
1670,2.5365922384791904,0.2455
1671,2.529842817121082,0.2455
1672,2.528990151484807,0.2475
1673,2.5258755564689634,0.2455
1674,2.5181205133597055,0.2445
1675,2.513814510239495,0.246
1676,2.518131422996521,0.2445
1677,2.509239891502592,0.247
1678,2.5028524544503954,0.245
1679,2.502490001916885,0.247
1680,2.500929622517692,0.2485
1681,2.500534885459476,0.2465
1682,2.4920704146226247,0.2465
1683,2.4938962313863966,0.2535
1684,2.4893372608555686,0.2535
1685,2.486222310198678,0.2535
1686,2.4828938921292623,0.25
1687,2.4855415172047084,0.253
1688,2.481748866372638,0.253
1689,2.4760530014832813,0.2515
1690,2.4753348257806564,0.253
1691,2.4717151131894854,0.255
1692,2.4679382741451263,0.254
1693,2.4619488371743095,0.2525
1694,2.4643853584925335,0.2545
1695,2.461692155069775,0.255
1696,2.467404763566123,0.2555
1697,2.4596010386943816,0.256
1698,2.455942878458235,0.257
1699,2.4488971683714125,0.2585
1700,10.268968603346083,0.0
1701,7.9825852394104,0.0
1702,6.938512171639337,0.001
1703,6.271730958090888,0.018
1704,5.729539570543501,0.047
1705,5.274546158313751,0.073
1706,4.894718566205767,0.095
1707,4.576697145568,0.12
1708,4.303296166658401,0.1415
1709,4.087856105963389,0.148
1710,3.90342709157202,0.1475
1711,3.756561956803004,0.153
1712,3.6233685619301266,0.157
1713,3.5083770904276106,0.159
1714,3.4037085288100775,0.1645
1715,3.3172510166962943,0.1705
1716,3.239277805884679,0.171
1717,3.1610045048925612,0.176
1718,3.1012419594658747,0.185
1719,3.049129466878043,0.1855
1720,2.995277914736006,0.1885
1721,2.955293295780818,0.1945
1722,2.9177120248476665,0.2025
1723,2.876205078098509,0.203
1724,2.8409164296256173,0.2045
1725,2.8135758181413015,0.2095
1726,2.7896127389536964,0.217
1727,2.7709576646486918,0.2215
1728,2.7420429905255634,0.2295
1729,2.7232885162035623,0.2295
1730,2.6963392986191645,0.233
1731,2.675695551104016,0.233
1732,2.6663620710372924,0.232
1733,2.652092468738556,0.238
1734,2.6445313798056707,0.2395
1735,2.6244360864162446,0.2435
1736,2.6110429022047255,0.244
1737,2.5894208762380813,0.2475
1738,2.582235344250997,0.252
1739,2.57464159462187,0.252
1740,2.5694333381123013,0.256
1741,2.5567571401596068,0.2575
1742,2.5447235623995463,0.258
1743,2.542755800485611,0.258
1744,2.5315010892020333,0.26
1745,2.5216426644060346,0.2595
1746,2.51459059715271,0.264
1747,2.5079617586400773,0.263
1748,2.4957475748327043,0.262
1749,2.491613196664386,0.265
1750,2.4829082045290205,0.265
1751,2.477555012702942,0.265
1752,2.4701332244608136,0.267
1753,2.4680088175667656,0.269
1754,2.4626862598790065,0.2675
1755,2.4559796743922764,0.269
1756,2.453250075711144,0.269
1757,2.4511694636609818,0.2695
1758,2.450175710519155,0.2705
1759,2.4427871843179068,0.271
1760,2.4326033731301626,0.2725
1761,2.433417002360026,0.2745
1762,2.4271586497624713,0.275
1763,2.4239418731795417,0.2755
1764,2.414516568183899,0.273
1765,2.4093405432171293,0.276
1766,2.408636663357417,0.2765
1767,2.403192549943924,0.2765
1768,2.3986769530508254,0.278
1769,2.397048656145732,0.2785
1770,2.3949489765697054,0.28
1771,2.3849892179171244,0.281
1772,2.3828857839107513,0.2845
1773,2.3783158865239886,0.2845
1774,2.3736329283979205,0.2815
1775,2.372852775785658,0.28
1776,2.372407517830531,0.2805
1777,2.3695655941963194,0.281
1778,2.3732529633575017,0.278
1779,2.368614438507292,0.281
1780,2.361520212226444,0.282
1781,2.359771651029587,0.2855
1782,2.3627916395664217,0.28
1783,2.356311344438129,0.284
1784,2.3526417778597937,0.285
1785,2.3465530984931524,0.2865
1786,2.341561742623647,0.2875
1787,2.343806128369437,0.2875
1788,2.341414323117998,0.2895
1789,2.3403471774525113,0.2905
1790,2.337544697523117,0.2915
1791,2.3333200852076215,0.291
1792,2.3296339107884303,0.2925
1793,2.329920275343789,0.296
1794,2.3284528361426458,0.295
1795,2.323300443755256,0.292
1796,2.319470637374454,0.2925
1797,2.320644974708557,0.291
1798,2.3246178878678214,0.2935
1799,2.3152796930736965,0.296
1800,10.338314294815063,0.0
1801,7.806764658292135,0.0
1802,6.8014793448978,0.0
1803,6.197460375891792,0.009
1804,5.726471879747179,0.0355
1805,5.317166523138682,0.08
1806,4.968687204519908,0.1175
1807,4.662254277865092,0.136
1808,4.423244486914741,0.1445
1809,4.225128534105089,0.1465
1810,4.051726104153527,0.151
1811,3.8810164425108167,0.152
1812,3.768311326371299,0.154
1813,3.6421063780784606,0.1535
1814,3.5579722735616897,0.154
1815,3.4882835275597044,0.1585
1816,3.4134728411833444,0.16
1817,3.3542841957675087,0.161
1818,3.300323162476222,0.1615
1819,3.253029747141732,0.163
1820,3.197050490644243,0.166
1821,3.1558621022436353,0.1705
1822,3.1309854275650446,0.175
1823,3.09347110191981,0.1755
1824,3.0603465835253396,0.178
1825,3.0295912120077344,0.1775
1826,2.994552148713006,0.1795
1827,2.973718180259069,0.183
1828,2.945462781853146,0.1835
1829,2.9263032555580137,0.1925
1830,2.9122964521249135,0.192
1831,2.8941286404927573,0.195
1832,2.876647945907381,0.195
1833,2.845415880944994,0.194
1834,2.8439036269982654,0.1975
1835,2.8350449668036566,0.1975
1836,2.820057680209478,0.1995
1837,2.8112948046790227,0.201
1838,2.8028105795383453,0.2015
1839,2.794563658369912,0.2045
1840,2.7742157936096192,0.2095
1841,2.7695198304123347,0.2105
1842,2.7528509550624425,0.212
1843,2.743783415026135,0.2135
1844,2.738267034292221,0.2165
1845,2.724185393916236,0.2185
1846,2.719247826602724,0.2195
1847,2.7098412831624348,0.2215
1848,2.707652665509118,0.2225
1849,2.6997043702337478,0.2195
1850,2.6991292847527397,0.223
1851,2.6905062947008345,0.2245
1852,2.6735735250843895,0.223
1853,2.658898072110282,0.225
1854,2.661392675505744,0.224
1855,2.656450328561995,0.2275
1856,2.6535091605451373,0.2265
1857,2.647535005542967,0.2265
1858,2.6505280560917326,0.2255
1859,2.636072505844964,0.229
1860,2.6271236512396072,0.23
1861,2.6320731812053255,0.2305
1862,2.633160952064726,0.231
1863,2.619284314579434,0.2305
1864,2.6167251653141443,0.234
1865,2.6121951116455926,0.233
1866,2.603679684135649,0.235
1867,2.6015291611353555,0.2355
1868,2.601939321226544,0.239
1869,2.601973287264506,0.235
1870,2.592454528808594,0.239
1871,2.5896659327877893,0.238
1872,2.5874860299958122,0.2425
1873,2.5879350847668117,0.244
1874,2.5752658287684125,0.242
1875,2.580830678012636,0.2435
1876,2.5735465659035577,0.244
1877,2.573316662841373,0.243
1878,2.5707454091972775,0.244
1879,2.5682649751504263,0.244
1880,2.567203535636266,0.2465
1881,2.5598984943495857,0.245
1882,2.5584804124302334,0.2465
1883,2.5493756333986917,0.247
1884,2.5428085360262127,0.247
1885,2.538262371884452,0.244
1886,2.544316534863578,0.2455
1887,2.5426912546157836,0.243
1888,2.538713667127821,0.2435
1889,2.5405521419313217,0.2445
1890,2.5322450982199776,0.2445
1891,2.5352551447020635,0.2455
1892,2.5296078523000083,0.245
1893,2.5309018777476417,0.2465
1894,2.523230809635586,0.2465
1895,2.5211381064520944,0.2495
1896,2.5238648090097637,0.2445
1897,2.525180822610855,0.2455
1898,2.514755745066537,0.2465
1899,2.509430026345783,0.2485
1900,10.07108924653795,0.0
1901,7.910111668374803,0.0
1902,6.909813276926676,0.0
1903,6.228197627597385,0.0035
1904,5.660109685526954,0.018
1905,5.173813062243991,0.058
1906,4.779584561453925,0.097
1907,4.46875151793162,0.119
1908,4.212165840466818,0.137
1909,4.016856808132595,0.141
1910,3.8525040699376,0.141
1911,3.6986197001404233,0.143
1912,3.5732693341043262,0.1465
1913,3.4687447461817,0.15
1914,3.386660854683982,0.155
1915,3.309415732489692,0.1605
1916,3.2292810718218488,0.1625
1917,3.1545614812109206,0.165
1918,3.090980237722397,0.1695
1919,3.0384266038735706,0.175
1920,2.993968133131663,0.181
1921,2.952630388074451,0.185
1922,2.9231263167328305,0.1945
1923,2.891727012395859,0.196
1924,2.8631036612722607,0.1985
1925,2.8312175499068366,0.205
1926,2.8063744405905404,0.206
1927,2.780852837032742,0.209
1928,2.7542672289742365,0.2125
1929,2.7287109745873344,0.222
1930,2.7160028550359936,0.2275
1931,2.7018413186073302,0.233
1932,2.687510390414132,0.2345
1933,2.6764772057533266,0.237
1934,2.6606130222479503,0.2405
1935,2.653559315866894,0.245
1936,2.645857270558675,0.2475
1937,2.6293321278360153,0.246
1938,2.612740931246016,0.2475
1939,2.597382245461146,0.251
1940,2.589689853456285,0.253
1941,2.5802527931001453,0.253
1942,2.5813023991054957,0.257
1943,2.5649146033657924,0.2575
1944,2.5614484429359434,0.255
1945,2.555325886938307,0.257
1946,2.5466757317384086,0.261
1947,2.5417776597870723,0.261
1948,2.528763537274467,0.262
1949,2.5253290341960057,0.265
1950,2.523241257005268,0.2665
1951,2.5136107477876877,0.2655
1952,2.502344473865297,0.264
1953,2.500085057814916,0.265
1954,2.4960973236295914,0.27
1955,2.4927191224363114,0.272
1956,2.485073301527235,0.273
1957,2.4788336190912457,0.274
1958,2.4754855824841395,0.2735
1959,2.47198625670539,0.2745
1960,2.463329079416063,0.273
1961,2.455986510382758,0.2775
1962,2.4537813193268248,0.2785
1963,2.4526478270689647,0.2765
1964,2.4492243746916453,0.2785
1965,2.44674633608924,0.2765
1966,2.440140456623501,0.2805
1967,2.4350178440411887,0.2795
1968,2.4333634257316588,0.28
1969,2.4286433703369563,0.283
1970,2.425300110710992,0.2825
1971,2.4230400496058992,0.283
1972,2.4195415728622014,0.2815
1973,2.4178965045346152,0.2825
1974,2.4196077538861167,0.285
1975,2.4117612414889864,0.2825
1976,2.4103955613242256,0.2835
1977,2.4026153650548725,0.284
1978,2.4025295548968844,0.286
1979,2.399473147259818,0.2825
1980,2.39737013247278,0.2835
1981,2.394141314427058,0.2815
1982,2.3899114867051443,0.283
1983,2.3921110875076717,0.2825
1984,2.382577747106552,0.283
1985,2.3834625687864093,0.2825
1986,2.3801343116495346,0.2835
1987,2.381154911385642,0.287
1988,2.377002588245604,0.2865
1989,2.3739724179108936,0.289
1990,2.3671597792042625,0.2905
1991,2.3657628224955665,0.29
1992,2.3603837966918944,0.29
1993,2.3643084863821664,0.2915
1994,2.3580093993080986,0.2895
1995,2.3594793041547137,0.29
1996,2.354099022017585,0.29
1997,2.349796071317461,0.288
1998,2.3470068640179105,0.289
1999,2.343925808535682,0.288
2000,9.479652624660067,0.0105
2001,7.634902777936723,0.028
2002,6.729433398776584,0.0495
2003,6.174782554308574,0.0815
2004,5.801070702738232,0.0945
2005,5.488970336649153,0.1045
2006,5.203504632910093,0.1075
2007,4.935259863734245,0.1125
2008,4.674730367130703,0.116
2009,4.439842207895385,0.117
2010,4.21306377781762,0.1205
2011,4.025577215022511,0.123
2012,3.8545892159144084,0.125
2013,3.7201877739694384,0.131
2014,3.5752282410860063,0.1345
2015,3.4598746471934847,0.1415
2016,3.3613203912973404,0.146
2017,3.2819467544555665,0.1525
2018,3.2070242636733584,0.156
2019,3.146756625175476,0.162
2020,3.0755447685718535,0.1665
2021,3.0183381888601515,0.1705
2022,2.968656622701221,0.1735
2023,2.936427397860421,0.1825
2024,2.9010881728596156,0.191
2025,2.862903329398897,0.1965
2026,2.8318545824951595,0.204
2027,2.804790034559038,0.209
2028,2.775397939152188,0.2115
2029,2.757148145304786,0.2185
2030,2.7340377456612055,0.2215
2031,2.7213942772812314,0.2235
2032,2.710341489315033,0.226
2033,2.6869067291418713,0.2325
2034,2.66890267862214,0.233
2035,2.655287946595086,0.238
2036,2.6448643677764467,0.24
2037,2.6272108124362097,0.2405
2038,2.6142098214891223,0.2435
2039,2.6047542585266963,0.245
2040,2.59349038667149,0.2465
2041,2.589459713300069,0.248
2042,2.5855895744429693,0.2465
2043,2.5766883571942647,0.248
2044,2.565891061226527,0.2505
2045,2.5521730303764345,0.252
2046,2.555573003159629,0.255
2047,2.5504304263326856,0.253
2048,2.5354170706537036,0.257
2049,2.525592596001095,0.261
2050,2.51184071832233,0.262
2051,2.5060838176144493,0.262
2052,2.5057107329368593,0.261
2053,2.498485557238261,0.266
2054,2.4845188630951776,0.2645
2055,2.485481293333901,0.2665
2056,2.475163584947586,0.2695
2057,2.474371129274368,0.266
2058,2.47280902200275,0.268
2059,2.463048073980543,0.2685
2060,2.4543480495611827,0.271
2061,2.4524349802070193,0.271
2062,2.4426567455132804,0.2735
2063,2.4372337480386097,0.274
2064,2.4385437349478405,0.277
2065,2.435492130120595,0.276
2066,2.4338625682724846,0.2765
2067,2.4225439382923972,0.2745
2068,2.420840773979823,0.2785
2069,2.41573829319742,0.2805
2070,2.404937614997228,0.2795
2071,2.402697319454617,0.278
2072,2.399284134308497,0.28
2073,2.4025986777411568,0.2855
2074,2.398642537328932,0.282
2075,2.397044503688812,0.2815
2076,2.393767876095242,0.283
2077,2.392094263765547,0.2825
2078,2.3844995068179236,0.2835
2079,2.380020715792974,0.285
2080,2.380815629826652,0.2855
2081,2.3843537794219123,0.2835
2082,2.378993961546156,0.2835
2083,2.3775616202089522,0.286
2084,2.370318771733178,0.289
2085,2.3703171988328298,0.2885
2086,2.369337905115551,0.285
2087,2.367685323291355,0.2845
2088,2.3599608666367002,0.285
2089,2.352983801232444,0.285
2090,2.352219784259796,0.2865
2091,2.348121243715286,0.2905
2092,2.3442855377991996,0.289
2093,2.342874363395903,0.2875
2094,2.3388607217205895,0.2915
2095,2.3349479244814977,0.296
2096,2.331594306230545,0.293
2097,2.333436144060559,0.2945
2098,2.3305840545230443,0.2975
2099,2.325815498828888,0.2945
2100,8.720829489496019,0.044
2101,6.685189784897698,0.0545
2102,5.776423592037625,0.071
2103,5.221270442008972,0.0965
2104,4.790895880593194,0.1225
2105,4.442677493890127,0.15
2106,4.147573194901148,0.172
2107,3.911781065993839,0.1855
2108,3.7257070587741006,0.1985
2109,3.5738526748286352,0.202
2110,3.4390563944975536,0.204
2111,3.334192575348748,0.2015
2112,3.2430672274695502,0.2035
2113,3.1747317804230586,0.2055
2114,3.116387923558553,0.2065
2115,3.0547776195738052,0.209
2116,3.0091866811116534,0.211
2117,2.95652074681388,0.2195
2118,2.9094648394319744,0.22
2119,2.866266020801332,0.223
2120,2.8332532478703394,0.2235
2121,2.803189692894618,0.227
2122,2.786055944363276,0.2305
2123,2.766236459546619,0.2325
2124,2.73740001850658,0.2335
2125,2.713751599523756,0.236
2126,2.6979579753345915,0.235
2127,2.6745721055401694,0.2355
2128,2.663715578450097,0.237
2129,2.6378041678004793,0.241
2130,2.6254638532797494,0.2425
2131,2.6228887293073866,0.243
2132,2.6064955333868665,0.2425
2133,2.5971324662367503,0.2465
2134,2.5820323526859283,0.251
2135,2.5673327922821043,0.2485
2136,2.5529064542717403,0.2515
2137,2.5387614952193367,0.2545
2138,2.5324194378323024,0.254
2139,2.524978969494502,0.257
2140,2.5174460901154414,0.257
2141,2.505839720699522,0.2575
2142,2.4990789532661437,0.259
2143,2.4916249169243705,0.265
2144,2.4818005945947434,0.266
2145,2.465835726923413,0.2695
2146,2.4636513842476737,0.2715
2147,2.4547363347477384,0.2725
2148,2.4511730704042645,0.273
2149,2.4450115429030523,0.272
2150,2.4407412813769445,0.2745
2151,2.429485785961151,0.2735
2152,2.4254031042257944,0.274
2153,2.415729737944073,0.2745
2154,2.417600433031718,0.273
2155,2.410477574004067,0.2775
2156,2.4032851298650106,0.2765
2157,2.396465002828174,0.278
2158,2.3939701007472145,0.2775
2159,2.3877080731921727,0.2775
2160,2.38435721927219,0.2785
2161,2.374521237611771,0.282
2162,2.3750523375140298,0.2815
2163,2.3756997022363873,0.283
2164,2.3721580074893103,0.283
2165,2.3689572632312776,0.282
2166,2.3650265845987533,0.288
2167,2.3581582579347824,0.2875
2168,2.356758587890201,0.2915
2169,2.3598973592122396,0.286
2170,2.357378153006236,0.2865
2171,2.349296604262458,0.2875
2172,2.338846664296256,0.2895
2173,2.3372282425562543,0.292
2174,2.335465990172492,0.2915
2175,2.3327254818545446,0.294
2176,2.327103907532162,0.2945
2177,2.321355993880166,0.2935
2178,2.318379562430912,0.294
2179,2.3145182218816545,0.295
2180,2.3087839583555856,0.2945
2181,2.3051435000366634,0.295
2182,2.3035601556301115,0.296
2183,2.3048568818304274,0.298
2184,2.299561334980859,0.297
2185,2.2942074365086027,0.2955
2186,2.2893338229921127,0.301
2187,2.2850604865286086,0.3025
2188,2.2861047784487405,0.3015
2189,2.285558412472407,0.3005
2190,2.2818049046728346,0.3
2191,2.275266076458825,0.3015
2192,2.2772162934144338,0.299
2193,2.2753397630320653,0.2985
2194,2.280660461717182,0.299
2195,2.275946154197057,0.3015
2196,2.2740824037128027,0.304
2197,2.2667311708132427,0.301
2198,2.265595863262812,0.3035
2199,2.2633411950535245,0.3035
2200,9.505377380053202,0.0205
2201,7.68272536860572,0.0335
2202,6.831534953912099,0.039
2203,6.297478875848982,0.0435
2204,5.863509001996782,0.0465
2205,5.4825107256571455,0.0625
2206,5.14776391585668,0.0825
2207,4.878538957569334,0.1
2208,4.627813257773718,0.1105
2209,4.428100224998262,0.116
2210,4.248885453409619,0.1205
2211,4.08562728299035,0.1215
2212,3.9376260598500568,0.1245
2213,3.7913349860244328,0.128
2214,3.683877334329817,0.1285
2215,3.593403485748503,0.133
2216,3.490768153799905,0.137
2217,3.3989963796403675,0.1445
2218,3.3281301028198667,0.1495
2219,3.256632082329856,0.155
2220,3.185507755147086,0.164
2221,3.1211560560597316,0.1695
2222,3.081526358260049,0.1755
2223,3.028992137644026,0.18
2224,2.987716640366448,0.183
2225,2.9502745012442273,0.19
2226,2.9143625795841217,0.195
2227,2.890604470835792,0.201
2228,2.8644267592165207,0.2015
2229,2.83132988942994,0.204
2230,2.813863974809647,0.206
2231,2.791070461935467,0.208
2232,2.7635901808738708,0.214
2233,2.743832978275087,0.2175
2234,2.724979181422128,0.218
2235,2.7095496250523463,0.2215
2236,2.6947855896419948,0.2245
2237,2.683409830596712,0.2265
2238,2.6654930724038017,0.227
2239,2.656766837173038,0.229
2240,2.64360380437639,0.2255
2241,2.628454197115368,0.23
2242,2.621878894170125,0.2345
2243,2.608526771598392,0.2355
2244,2.6021372457345326,0.237
2245,2.5914978961149853,0.2415
2246,2.581256409486135,0.243
2247,2.569393361939324,0.245
2248,2.563522109058168,0.245
2249,2.55588744547632,0.247
2250,2.5466564615567524,0.25
2251,2.543348671330346,0.248
2252,2.5308346768220265,0.246
2253,2.5288708017932042,0.247
2254,2.523137344254388,0.248
2255,2.5185896972815196,0.249
2256,2.5123148494296603,0.2495
2257,2.509125445286433,0.2515
2258,2.4982198960251276,0.252
2259,2.4947099612818824,0.255
2260,2.490087656842338,0.2565
2261,2.478412221537696,0.256
2262,2.4736643062697516,0.255
2263,2.4721803936693405,0.255
2264,2.472173281510671,0.2565
2265,2.473058103852802,0.2585
2266,2.4689337452252706,0.259
2267,2.4561668899324207,0.2595
2268,2.4545863807201385,0.26
2269,2.4506326973438264,0.257
2270,2.440938558843401,0.26
2271,2.4390155937936573,0.2585
2272,2.436608914534251,0.2585
2273,2.4350244535340204,0.2585
2274,2.431333299477895,0.2605
2275,2.4242238740126294,0.261
2276,2.423232314984004,0.261
2277,2.416969141032961,0.259
2278,2.4164791921774547,0.2595
2279,2.413556063837475,0.2585
2280,2.4107159389389885,0.26
2281,2.4084300325976478,0.26
2282,2.405277732345793,0.262
2283,2.402222067117691,0.265
2284,2.394014435344272,0.2645
2285,2.3884922318988377,0.2665
2286,2.396838900778029,0.264
2287,2.3882329834832086,0.2665
2288,2.382677553097407,0.266
2289,2.378305833207236,0.2675
2290,2.3812943789694043,0.2695
2291,2.3774652507570053,0.2685
2292,2.3747860219743515,0.269
2293,2.371272109614478,0.267
2294,2.3676562819215987,0.2655
2295,2.367978434430228,0.267
2296,2.3626114375061458,0.2665
2297,2.357042153676351,0.271
2298,2.3613280210230085,0.269
2299,2.3524501270718043,0.269
2300,10.077170451482138,0.0
2301,7.935900428560045,0.0
2302,6.945501899719238,0.0
2303,6.290973440806071,0.0065
2304,5.769738145669302,0.0355
2305,5.315394100877974,0.08
2306,4.930201582113901,0.1205
2307,4.6368815369076195,0.1435
2308,4.3920963221126135,0.1445
2309,4.19722851117452,0.1485
2310,4.0215683797995245,0.148
2311,3.8780069728692372,0.147
2312,3.756247819132275,0.149
2313,3.6469282587369283,0.151
2314,3.544875470134947,0.1545
2315,3.4432416432433657,0.1585
2316,3.3527582950062222,0.162
2317,3.2760439859496224,0.161
2318,3.2113711641894445,0.1605
2319,3.14020155204667,0.163
2320,3.095507564809587,0.165
2321,3.056536550654305,0.1705
2322,3.0132335199250115,0.174
2323,2.977211120393541,0.175
2324,2.9337615324391257,0.182
2325,2.9065818124347262,0.1845
2326,2.8824120812945897,0.187
2327,2.8580616288714937,0.192
2328,2.8247643649578094,0.193
2329,2.805201314555274,0.198
2330,2.781706815958023,0.2035
2331,2.755378220478694,0.2055
2332,2.7353087915314567,0.2085
2333,2.7188630395465427,0.212
2334,2.7108633319536843,0.214
2335,2.6880722535981074,0.2155
2336,2.687334867318471,0.217
2337,2.674926867749956,0.2205
2338,2.6623669730292425,0.2245
2339,2.6429083327452343,0.227
2340,2.6316777805487317,0.2255
2341,2.62401837905248,0.226
2342,2.615024408366945,0.224
2343,2.603371516863505,0.2275
2344,2.5976215488380854,0.2295
2345,2.5865236666467455,0.229
2346,2.577770445744197,0.233
2347,2.570500546693802,0.2335
2348,2.5600966029696997,0.2315
2349,2.554106922282113,0.2325
2350,2.547657753361596,0.235
2351,2.5354956097073025,0.2335
2352,2.5349787301487394,0.2345
2353,2.5276759849654304,0.2355
2354,2.522798697153727,0.237
2355,2.514714637067583,0.2345
2356,2.5085567825370365,0.2345
2357,2.5073513554202185,0.235
2358,2.504617347319921,0.238
2359,2.49146683745914,0.24
2360,2.4815187765492333,0.244
2361,2.4711921181943683,0.246
2362,2.4728760725922054,0.2445
2363,2.4673203892178006,0.2465
2364,2.4653650250699783,0.2475
2365,2.458398891819848,0.2475
2366,2.4553915454281703,0.25
2367,2.444649887084961,0.2525
2368,2.445219541258282,0.2505
2369,2.439292620288001,0.25
2370,2.4365745186805725,0.248
2371,2.43119043774075,0.2525
2372,2.434941730896632,0.251
2373,2.4354412462976245,0.2515
2374,2.426470373074214,0.251
2375,2.4230474015076955,0.253
2376,2.4194037351343365,0.256
2377,2.414405261145698,0.255
2378,2.4113536874453225,0.2555
2379,2.408579621712367,0.256
2380,2.402592251698176,0.256
2381,2.3995830383565693,0.258
2382,2.392596516344282,0.2595
2383,2.3887117842833203,0.2595
2384,2.3881516926818422,0.257
2385,2.3817943102783627,0.2595
2386,2.381652115450965,0.2575
2387,2.378388202852673,0.26
2388,2.376019521554311,0.256
2389,2.3723126894897884,0.258
2390,2.365717378589842,0.2605
2391,2.364774567551083,0.258
2392,2.362790240181817,0.261
2393,2.359557659096188,0.2615
2394,2.3516450603803,0.263
2395,2.3494680298699273,0.259
2396,2.3454997075928583,0.26
2397,2.3474682264857822,0.259
2398,2.345257270336151,0.259
2399,2.3440281470616657,0.258
2400,10.337268829345703,0.0
2401,7.97448284096188,0.0
2402,7.010158297750685,0.0005
2403,6.3839579476250545,0.0025
2404,5.875749593310886,0.0055
2405,5.4131058560477365,0.0175
2406,5.004928045802647,0.0395
2407,4.650140126546224,0.073
2408,4.3481046769354075,0.108
2409,4.091588343514337,0.13
2410,3.886791100766924,0.1505
2411,3.7194285406006706,0.16
2412,3.568085581726498,0.17
2413,3.4515556110276115,0.1785
2414,3.3387119862768384,0.182
2415,3.264197850227356,0.186
2416,3.197214917341868,0.191
2417,3.135095397631327,0.1925
2418,3.079599924882253,0.196
2419,3.042252739932802,0.202
2420,2.9863947206073336,0.2095
2421,2.967879620525572,0.2145
2422,2.9194110883606803,0.219
2423,2.8832459257708654,0.2215
2424,2.861764089928733,0.226
2425,2.840913040108151,0.226
2426,2.809505768616994,0.228
2427,2.7991199711958568,0.2295
2428,2.7748201880190106,0.2305
2429,2.758828914165497,0.2325
2430,2.7424316028753917,0.235
2431,2.7246555427710217,0.2355
2432,2.7078121582667034,0.2395
2433,2.706674435403612,0.242
2434,2.689914740456475,0.2435
2435,2.6800398733880786,0.247
2436,2.6741207745340136,0.2475
2437,2.6692997965547773,0.2495
2438,2.6509384519524044,0.2495
2439,2.6305280135737523,0.2515
2440,2.6293685999181537,0.253
2441,2.6189437210559845,0.2555
2442,2.6088241676489514,0.256
2443,2.6057885070641835,0.2555
2444,2.591943170626958,0.2585
2445,2.5844473269250656,0.2605
2446,2.573626544740465,0.2625
2447,2.5715785324573517,0.264
2448,2.5731377840042113,0.2645
2449,2.562240948279699,0.266
2450,2.563194892803828,0.2675
2451,2.556930590338177,0.2665
2452,2.5459341718090904,0.2655
2453,2.534748542971081,0.271
2454,2.53243621190389,0.2695
2455,2.5245167394479116,0.2675
2456,2.52364422082901,0.265
2457,2.5195645610491435,0.265
2458,2.51293832593494,0.2655
2459,2.508317575852076,0.265
2460,2.509292336967256,0.269
2461,2.5103937374220955,0.266
2462,2.497730373673969,0.267
2463,2.495440595017539,0.2705
2464,2.4943770196702744,0.2705
2465,2.4865970849990844,0.2715
2466,2.4916804313659666,0.272
2467,2.486731617980533,0.2725
2468,2.4792186584737568,0.275
2469,2.474365665515264,0.276
2470,2.4772464017073315,0.2765
2471,2.47318716512786,0.2755
2472,2.479530092742708,0.2765
2473,2.4719929622279273,0.278
2474,2.4711089505089654,0.2795
2475,2.4625549025005764,0.279
2476,2.4610839969582026,0.28
2477,2.459700709581375,0.2805
2478,2.456883485449685,0.2795
2479,2.4475957274436952,0.2805
2480,2.4461749103334216,0.2775
2481,2.445860489871767,0.279
2482,2.445548677444458,0.2805
2483,2.440961754322052,0.283
2484,2.4369346035851374,0.285
2485,2.435539006524616,0.2855
2486,2.437390241358015,0.2855
2487,2.4314533657497828,0.2855
2488,2.4284183892938827,0.2865
2489,2.426387295458052,0.287
2490,2.420018619961209,0.2895
2491,2.42167307138443,0.2885
2492,2.4166898601584963,0.288
2493,2.419101889265908,0.2895
2494,2.415905009375678,0.2905
2495,2.412363075547748,0.289
2496,2.4095459659894307,0.288
2497,2.4094876388708752,0.2905
2498,2.4077210095193653,0.2895
2499,2.406627662314309,0.2895
2500,9.654026950730218,0.0
2501,7.334639358520508,0.0
2502,6.4064941300286185,0.0135
2503,5.833829009532929,0.0405
2504,5.377725009123484,0.0885
2505,5.009496992164188,0.1145
2506,4.702831358379788,0.1235
2507,4.480599688821369,0.1295
2508,4.281428113248613,0.1335
2509,4.108662773503197,0.1355
2510,3.965080283747779,0.131
2511,3.846804702281952,0.131
2512,3.734729226430257,0.1325
2513,3.63210030330552,0.1325
2514,3.5304277155134414,0.1335
2515,3.4484172430303364,0.1355
2516,3.3763822125064,0.136
2517,3.302589276101854,0.1435
2518,3.2341455433103774,0.151
2519,3.160698898633321,0.158
2520,3.0978057086467743,0.1625
2521,3.0588334752453696,0.172
2522,3.013525202539232,0.1765
2523,2.9742178512944117,0.183
2524,2.939093119568295,0.1895
2525,2.911115150319205,0.1955
2526,2.8808380954795414,0.2045
2527,2.855151832766003,0.2035
2528,2.8219952987300023,0.209
2529,2.8065828250514135,0.211
2530,2.790249775515662,0.21
2531,2.767971620294783,0.214
2532,2.746292452017466,0.218
2533,2.7275992936558193,0.223
2534,2.726956872145335,0.224
2535,2.712905999686983,0.226
2536,2.6973897099494932,0.2245
2537,2.6780992494689095,0.2265
2538,2.6639644887712266,0.229
2539,2.6570750077565513,0.2305
2540,2.6453272289699976,0.232
2541,2.634613486131032,0.237
2542,2.626558193233278,0.237
2543,2.614881483051512,0.2415
2544,2.6031242615646786,0.2415
2545,2.5850964413748847,0.2435
2546,2.583307069540024,0.2455
2547,2.571849850813548,0.245
2548,2.563580001062817,0.247
2549,2.555401115285026,0.243
2550,2.548024587498771,0.243
2551,2.548137874735726,0.245
2552,2.541980536778768,0.2485
2553,2.53606827656428,0.25
2554,2.532535508606169,0.2525
2555,2.5205931431717343,0.256
2556,2.5091972258355884,0.256
2557,2.504286387231615,0.259
2558,2.4971086157692803,0.26
2559,2.488799679279327,0.2665
2560,2.48308966755867,0.264
2561,2.4827596068382265,0.265
2562,2.4749280280537076,0.268
2563,2.464200501309501,0.268
2564,2.4682373391257393,0.2675
2565,2.4619484186172484,0.266
2566,2.4597910046577454,0.268
2567,2.4568756447898017,0.268
2568,2.4541532927089267,0.268
2569,2.4494454993142023,0.2685
2570,2.4438617732789782,0.267
2571,2.4393239862389033,0.2695
2572,2.431019488970439,0.268
2573,2.4349651482370165,0.2695
2574,2.428560874859492,0.272
2575,2.4258859720495014,0.273
2576,2.4234978675842287,0.2735
2577,2.419173053900401,0.2745
2578,2.4203166127204896,0.274
2579,2.4140492664443123,0.275
2580,2.4084226489067078,0.2745
2581,2.405833461549547,0.2745
2582,2.403248213397132,0.273
2583,2.402805154853397,0.272
2584,2.399994545512729,0.2735
2585,2.4000635345776877,0.273
2586,2.396434996525447,0.2715
2587,2.391268481148614,0.272
2588,2.3850749572118124,0.269
2589,2.3832848582002852,0.2715
2590,2.3837258034282263,0.2715
2591,2.3812405321333143,0.272
2592,2.381332663032744,0.2735
