"Step","IMAGENET1k_CNN_FedALA_sgd_lr0.005_st - Global/Averaged Test Accuracy","IMAGENET1k_CNN_FedALA_sgd_lr0.005_st - Global/Averaged Test Accuracy__MIN","IMAGENET1k_CNN_FedALA_sgd_lr0.005_st - Global/Averaged Test Accuracy__MAX","IMAGENET1k_CNN_FedAvg_sgd_lr0.005_20classes_st - Global/Averaged Test Accuracy","IMAGENET1k_CNN_FedAvg_sgd_lr0.005_20classes_st - Global/Averaged Test Accuracy__MIN","IMAGENET1k_CNN_FedAvg_sgd_lr0.005_20classes_st - Global/Averaged Test Accuracy__MAX","IMAGENET1k_CNN_FedDBE_sgd_lr0.005_20classes_st - Global/Averaged Test Accuracy","IMAGENET1k_CNN_FedDBE_sgd_lr0.005_20classes_st - Global/Averaged Test Accuracy__MIN","IMAGENET1k_CNN_FedDBE_sgd_lr0.005_20classes_st - Global/Averaged Test Accuracy__MAX"
"0","0","0","0","0.00015","0.00015","0.00015","0.00015","0.00015","0.00015"
"1","0.501","0.501","0.501","0.015","0.015","0.015","0.015","0.015","0.015"
"2","0.501","0.501","0.501","0.015","0.015","0.015","0.015","0.015","0.015"
"3","0.5165","0.5165","0.5165","0.0158","0.0158","0.0158","0.01575","0.01575","0.01575"
"4","0.527","0.527","0.527","0.02705","0.02705","0.02705","0.0272","0.0272","0.0272"
"5","0.5","0.5","0.5","0.03315","0.03315","0.03315","0.03715","0.03715","0.03715"
"6","0.5","0.5","0.5","0.0362","0.0362","0.0362","0.0376","0.0376","0.0376"
"7","0.5","0.5","0.5","0.03925","0.03925","0.03925","0.03935","0.03935","0.03935"
"8","0.5","0.5","0.5","0.0426","0.0426","0.0426","0.04355","0.04355","0.04355"
"9","0.5","0.5","0.5","0.0446","0.0446","0.0446","0.04595","0.04595","0.04595"
"10","0.5005","0.5005","0.5005","0.0466","0.0466","0.0466","0.0481","0.0481","0.0481"
"11","0.5115","0.5115","0.5115","0.0489","0.0489","0.0489","0.0508","0.0508","0.0508"
"12","0.5155","0.5155","0.5155","0.0508","0.0508","0.0508","0.05225","0.05225","0.05225"
"13","0.5175","0.5175","0.5175","0.05165","0.05165","0.05165","0.0546","0.0546","0.0546"
"14","0.528","0.528","0.528","0.05345","0.05345","0.05345","0.05735","0.05735","0.05735"
"15","0.5375","0.5375","0.5375","0.0548","0.0548","0.0548","0.0583","0.0583","0.0583"
"16","0.5355","0.5355","0.5355","0.05845","0.05845","0.05845","0.06155","0.06155","0.06155"
"17","0.553","0.553","0.553","0.06125","0.06125","0.06125","0.065","0.065","0.065"
"18","0.5595","0.5595","0.5595","0.06315","0.06315","0.06315","0.06835","0.06835","0.06835"
"19","0.5595","0.5595","0.5595","0.06635","0.06635","0.06635","0.0704","0.0704","0.0704"
"20","0.588","0.588","0.588","0.0711","0.0711","0.0711","0.07535","0.07535","0.07535"
"21","0.589","0.589","0.589","0.0757","0.0757","0.0757","0.0792","0.0792","0.0792"
"22","0.59","0.59","0.59","0.08045","0.08045","0.08045","0.0853","0.0853","0.0853"
"23","0.6075","0.6075","0.6075","0.08275","0.08275","0.08275","0.08855","0.08855","0.08855"
"24","0.623","0.623","0.623","0.0852","0.0852","0.0852","0.0918","0.0918","0.0918"
"25","0","0","0","0.00955","0.00955","0.00955","0.00895","0.00895","0.00895"
"26","0","0","0","0.0233","0.0233","0.0233","0.02345","0.02345","0.02345"
"27","0","0","0","0.03375","0.03375","0.03375","0.0325","0.0325","0.0325"
"28","0","0","0","0.0423","0.0423","0.0423","0.0425","0.0425","0.0425"
"29","0.0435","0.0435","0.0435","0.04665","0.04665","0.04665","0.04795","0.04795","0.04795"
"30","0.06","0.06","0.06","0.05255","0.05255","0.05255","0.0524","0.0524","0.0524"
"31","0.0775","0.0775","0.0775","0.05465","0.05465","0.05465","0.0569","0.0569","0.0569"
"32","0.0925","0.0925","0.0925","0.06135","0.06135","0.06135","0.06055","0.06055","0.06055"
"33","0.1065","0.1065","0.1065","0.0655","0.0655","0.0655","0.06585","0.06585","0.06585"
"34","0.1035","0.1035","0.1035","0.06965","0.06965","0.06965","0.06985","0.06985","0.06985"
"35","0.108","0.108","0.108","0.07415","0.07415","0.07415","0.0748","0.0748","0.0748"
"36","0.1115","0.1115","0.1115","0.07685","0.07685","0.07685","0.078","0.078","0.078"
"37","0.114","0.114","0.114","0.0806","0.0806","0.0806","0.08145","0.08145","0.08145"
"38","0.1245","0.1245","0.1245","0.08305","0.08305","0.08305","0.08375","0.08375","0.08375"
"39","0.1195","0.1195","0.1195","0.08575","0.08575","0.08575","0.08665","0.08665","0.08665"
"40","0.122","0.122","0.122","0.08845","0.08845","0.08845","0.0891","0.0891","0.0891"
"41","0.1305","0.1305","0.1305","0.0908","0.0908","0.0908","0.0929","0.0929","0.0929"
"42","0.134","0.134","0.134","0.09405","0.09405","0.09405","0.0958","0.0958","0.0958"
"43","0.129","0.129","0.129","0.0965","0.0965","0.0965","0.0989","0.0989","0.0989"
"44","0.1355","0.1355","0.1355","0.0983","0.0983","0.0983","0.1014","0.1014","0.1014"
"45","0.1375","0.1375","0.1375","0.10115","0.10115","0.10115","0.10245","0.10245","0.10245"
"46","0.135","0.135","0.135","0.10325","0.10325","0.10325","0.1053","0.1053","0.1053"
"47","0.141","0.141","0.141","0.1043","0.1043","0.1043","0.10695","0.10695","0.10695"
"48","0.136","0.136","0.136","0.1069","0.1069","0.1069","0.10965","0.10965","0.10965"
"49","0.143","0.143","0.143","0.10845","0.10845","0.10845","0.11105","0.11105","0.11105"
"50","0","0","0","0.01705","0.01705","0.01705","0.01725","0.01725","0.01725"
"51","0","0","0","0.0317","0.0317","0.0317","0.03055","0.03055","0.03055"
"52","0","0","0","0.04745","0.04745","0.04745","0.04695","0.04695","0.04695"
"53","0","0","0","0.0633","0.0633","0.0633","0.06325","0.06325","0.06325"
"54","0.0565","0.0565","0.0565","0.06975","0.06975","0.06975","0.0693","0.0693","0.0693"
"55","0.0665","0.0665","0.0665","0.07225","0.07225","0.07225","0.0731","0.0731","0.0731"
"56","0.0845","0.0845","0.0845","0.07475","0.07475","0.07475","0.07635","0.07635","0.07635"
"57","0.103","0.103","0.103","0.07665","0.07665","0.07665","0.0788","0.0788","0.0788"
"58","0.104","0.104","0.104","0.0786","0.0786","0.0786","0.08165","0.08165","0.08165"
"59","0.11","0.11","0.11","0.0831","0.0831","0.0831","0.08345","0.08345","0.08345"
"60","0.1155","0.1155","0.1155","0.0864","0.0864","0.0864","0.08605","0.08605","0.08605"
"61","0.131","0.131","0.131","0.08985","0.08985","0.08985","0.0899","0.0899","0.0899"
"62","0.1255","0.1255","0.1255","0.0925","0.0925","0.0925","0.0922","0.0922","0.0922"
"63","0.1295","0.1295","0.1295","0.0959","0.0959","0.0959","0.09555","0.09555","0.09555"
"64","0.1385","0.1385","0.1385","0.09835","0.09835","0.09835","0.0968","0.0968","0.0968"
"65","0.136","0.136","0.136","0.101","0.101","0.101","0.1011","0.1011","0.1011"
"66","0.145","0.145","0.145","0.1038","0.1038","0.1038","0.1028","0.1028","0.1028"
"67","0.148","0.148","0.148","0.1045","0.1045","0.1045","0.1049","0.1049","0.1049"
"68","0.144","0.144","0.144","0.1055","0.1055","0.1055","0.1062","0.1062","0.1062"
"69","0.1425","0.1425","0.1425","0.10635","0.10635","0.10635","0.10755","0.10755","0.10755"
"70","0.143","0.143","0.143","0.1101","0.1101","0.1101","0.11055","0.11055","0.11055"
"71","0.1535","0.1535","0.1535","0.11085","0.11085","0.11085","0.11285","0.11285","0.11285"
"72","0.1555","0.1555","0.1555","0.1124","0.1124","0.1124","0.1129","0.1129","0.1129"
"73","0.152","0.152","0.152","0.11175","0.11175","0.11175","0.11725","0.11725","0.11725"
"74","0.162","0.162","0.162","0.1146","0.1146","0.1146","0.1155","0.1155","0.1155"
"75","0","0","0","0.015","0.015","0.015","0.0137","0.0137","0.0137"
"76","0","0","0","0.0434","0.0434","0.0434","0.0421","0.0421","0.0421"
"77","0.009","0.009","0.009","0.0579","0.0579","0.0579","0.05835","0.05835","0.05835"
"78","0.1145","0.1145","0.1145","0.0741","0.0741","0.0741","0.0753","0.0753","0.0753"
"79","0.118","0.118","0.118","0.08425","0.08425","0.08425","0.08495","0.08495","0.08495"
"80","0.125","0.125","0.125","0.08895","0.08895","0.08895","0.0908","0.0908","0.0908"
"81","0.1325","0.1325","0.1325","0.09705","0.09705","0.09705","0.09745","0.09745","0.09745"
"82","0.1345","0.1345","0.1345","0.1026","0.1026","0.1026","0.10265","0.10265","0.10265"
"83","0.15","0.15","0.15","0.10935","0.10935","0.10935","0.10605","0.10605","0.10605"
"84","0.16","0.16","0.16","0.11205","0.11205","0.11205","0.1117","0.1117","0.1117"
"85","0.153","0.153","0.153","0.1156","0.1156","0.1156","0.11595","0.11595","0.11595"
"86","0.1665","0.1665","0.1665","0.12065","0.12065","0.12065","0.1215","0.1215","0.1215"
"87","0.1605","0.1605","0.1605","0.1259","0.1259","0.1259","0.12445","0.12445","0.12445"
"88","0.1725","0.1725","0.1725","0.12775","0.12775","0.12775","0.12955","0.12955","0.12955"
"89","0.1765","0.1765","0.1765","0.13225","0.13225","0.13225","0.13325","0.13325","0.13325"
"90","0.18","0.18","0.18","0.1342","0.1342","0.1342","0.1368","0.1368","0.1368"
"91","0.18","0.18","0.18","0.13795","0.13795","0.13795","0.1369","0.1369","0.1369"
"92","0.1825","0.1825","0.1825","0.1395","0.1395","0.1395","0.13985","0.13985","0.13985"
"93","0.191","0.191","0.191","0.1418","0.1418","0.1418","0.1417","0.1417","0.1417"
"94","0.1895","0.1895","0.1895","0.14295","0.14295","0.14295","0.14475","0.14475","0.14475"
"95","0.188","0.188","0.188","0.1448","0.1448","0.1448","0.1485","0.1485","0.1485"
"96","0.197","0.197","0.197","0.14615","0.14615","0.14615","0.1498","0.1498","0.1498"
"97","0.201","0.201","0.201","0.1492","0.1492","0.1492","0.1513","0.1513","0.1513"
"98","0.2075","0.2075","0.2075","0.15075","0.15075","0.15075","0.1529","0.1529","0.1529"
"99","0.2065","0.2065","0.2065","0.1509","0.1509","0.1509","0.1539","0.1539","0.1539"
"100","0","0","0","0.0202","0.0202","0.0202","0.0193","0.0193","0.0193"
"101","0.029","0.029","0.029","0.0489","0.0489","0.0489","0.04695","0.04695","0.04695"
"102","0.0365","0.0365","0.0365","0.0739","0.0739","0.0739","0.07215","0.07215","0.07215"
"103","0.07","0.07","0.07","0.0898","0.0898","0.0898","0.0885","0.0885","0.0885"
"104","0.089","0.089","0.089","0.0982","0.0982","0.0982","0.09785","0.09785","0.09785"
"105","0.1075","0.1075","0.1075","0.10775","0.10775","0.10775","0.1071","0.1071","0.1071"
"106","0.1285","0.1285","0.1285","0.1147","0.1147","0.1147","0.11445","0.11445","0.11445"
"107","0.146","0.146","0.146","0.12035","0.12035","0.12035","0.1214","0.1214","0.1214"
"108","0.1535","0.1535","0.1535","0.12675","0.12675","0.12675","0.12695","0.12695","0.12695"
"109","0.1575","0.1575","0.1575","0.1307","0.1307","0.1307","0.13035","0.13035","0.13035"
"110","0.158","0.158","0.158","0.13385","0.13385","0.13385","0.1357","0.1357","0.1357"
"111","0.165","0.165","0.165","0.1369","0.1369","0.1369","0.13845","0.13845","0.13845"
"112","0.1655","0.1655","0.1655","0.14065","0.14065","0.14065","0.1404","0.1404","0.1404"
"113","0.1695","0.1695","0.1695","0.14475","0.14475","0.14475","0.1448","0.1448","0.1448"
"114","0.1735","0.1735","0.1735","0.14635","0.14635","0.14635","0.1477","0.1477","0.1477"
"115","0.167","0.167","0.167","0.14965","0.14965","0.14965","0.15235","0.15235","0.15235"
"116","0.172","0.172","0.172","0.15075","0.15075","0.15075","0.15385","0.15385","0.15385"
"117","0.1755","0.1755","0.1755","0.15495","0.15495","0.15495","0.15605","0.15605","0.15605"
"118","0.1695","0.1695","0.1695","0.15665","0.15665","0.15665","0.1588","0.1588","0.1588"
"119","0.171","0.171","0.171","0.1566","0.1566","0.1566","0.1591","0.1591","0.1591"
"120","0.17","0.17","0.17","0.1609","0.1609","0.1609","0.1613","0.1613","0.1613"
"121","0.1765","0.1765","0.1765","0.1602","0.1602","0.1602","0.1647","0.1647","0.1647"
"122","0.1825","0.1825","0.1825","0.16305","0.16305","0.16305","0.16545","0.16545","0.16545"
"123","0.178","0.178","0.178","0.1654","0.1654","0.1654","0.16655","0.16655","0.16655"
"124","0.1805","0.1805","0.1805","0.16745","0.16745","0.16745","0.1694","0.1694","0.1694"
"125","0","0","0","0.0281","0.0281","0.0281","0.0285","0.0285","0.0285"
"126","0","0","0","0.04525","0.04525","0.04525","0.0445","0.0445","0.0445"
"127","0.0085","0.0085","0.0085","0.0627","0.0627","0.0627","0.06495","0.06495","0.06495"
"128","0.0495","0.0495","0.0495","0.08025","0.08025","0.08025","0.0806","0.0806","0.0806"
"129","0.0795","0.0795","0.0795","0.09425","0.09425","0.09425","0.09675","0.09675","0.09675"
"130","0.089","0.089","0.089","0.10445","0.10445","0.10445","0.10655","0.10655","0.10655"
"131","0.0995","0.0995","0.0995","0.1089","0.1089","0.1089","0.11295","0.11295","0.11295"
"132","0.1015","0.1015","0.1015","0.1149","0.1149","0.1149","0.1173","0.1173","0.1173"
"133","0.1125","0.1125","0.1125","0.11995","0.11995","0.11995","0.12255","0.12255","0.12255"
"134","0.132","0.132","0.132","0.1246","0.1246","0.1246","0.1258","0.1258","0.1258"
"135","0.1475","0.1475","0.1475","0.12915","0.12915","0.12915","0.12755","0.12755","0.12755"
"136","0.1525","0.1525","0.1525","0.1326","0.1326","0.1326","0.1327","0.1327","0.1327"
"137","0.1565","0.1565","0.1565","0.1347","0.1347","0.1347","0.13635","0.13635","0.13635"
"138","0.157","0.157","0.157","0.138","0.138","0.138","0.1378","0.1378","0.1378"
"139","0.159","0.159","0.159","0.1396","0.1396","0.1396","0.1401","0.1401","0.1401"
"140","0.168","0.168","0.168","0.1441","0.1441","0.1441","0.14255","0.14255","0.14255"
"141","0.1685","0.1685","0.1685","0.14475","0.14475","0.14475","0.1445","0.1445","0.1445"
"142","0.1825","0.1825","0.1825","0.1459","0.1459","0.1459","0.1458","0.1458","0.1458"
"143","0.183","0.183","0.183","0.1475","0.1475","0.1475","0.1485","0.1485","0.1485"
"144","0.1825","0.1825","0.1825","0.1497","0.1497","0.1497","0.15085","0.15085","0.15085"
"145","0.181","0.181","0.181","0.1512","0.1512","0.1512","0.1522","0.1522","0.1522"
"146","0.1885","0.1885","0.1885","0.1538","0.1538","0.1538","0.15325","0.15325","0.15325"
"147","0.1935","0.1935","0.1935","0.1544","0.1544","0.1544","0.1539","0.1539","0.1539"
"148","0.198","0.198","0.198","0.1542","0.1542","0.1542","0.1559","0.1559","0.1559"
"149","0.193","0.193","0.193","0.15535","0.15535","0.15535","0.15555","0.15555","0.15555"
"150","0","0","0","0.0288","0.0288","0.0288","0.0297","0.0297","0.0297"
"151","0","0","0","0.0513","0.0513","0.0513","0.05355","0.05355","0.05355"
"152","0","0","0","0.06935","0.06935","0.06935","0.07025","0.07025","0.07025"
"153","0.009","0.009","0.009","0.08355","0.08355","0.08355","0.0848","0.0848","0.0848"
"154","0.0755","0.0755","0.0755","0.0944","0.0944","0.0944","0.09515","0.09515","0.09515"
"155","0.1065","0.1065","0.1065","0.10245","0.10245","0.10245","0.10235","0.10235","0.10235"
"156","0.1345","0.1345","0.1345","0.1082","0.1082","0.1082","0.1092","0.1092","0.1092"
"157","0.1565","0.1565","0.1565","0.1141","0.1141","0.1141","0.11405","0.11405","0.11405"
"158","0.168","0.168","0.168","0.11895","0.11895","0.11895","0.1186","0.1186","0.1186"
"159","0.178","0.178","0.178","0.12225","0.12225","0.12225","0.12175","0.12175","0.12175"
"160","0.1915","0.1915","0.1915","0.1251","0.1251","0.1251","0.1257","0.1257","0.1257"
"161","0.197","0.197","0.197","0.1292","0.1292","0.1292","0.12905","0.12905","0.12905"
"162","0.202","0.202","0.202","0.13125","0.13125","0.13125","0.13165","0.13165","0.13165"
"163","0.1985","0.1985","0.1985","0.1341","0.1341","0.1341","0.13465","0.13465","0.13465"
"164","0.2015","0.2015","0.2015","0.13565","0.13565","0.13565","0.1361","0.1361","0.1361"
"165","0.208","0.208","0.208","0.13785","0.13785","0.13785","0.13855","0.13855","0.13855"
"166","0.2045","0.2045","0.2045","0.1385","0.1385","0.1385","0.14165","0.14165","0.14165"
"167","0.214","0.214","0.214","0.14015","0.14015","0.14015","0.14205","0.14205","0.14205"
"168","0.21","0.21","0.21","0.14335","0.14335","0.14335","0.14365","0.14365","0.14365"
"169","0.2075","0.2075","0.2075","0.14335","0.14335","0.14335","0.14585","0.14585","0.14585"
"170","0.213","0.213","0.213","0.1448","0.1448","0.1448","0.14675","0.14675","0.14675"
"171","0.213","0.213","0.213","0.1465","0.1465","0.1465","0.147","0.147","0.147"
"172","0.2165","0.2165","0.2165","0.1481","0.1481","0.1481","0.14815","0.14815","0.14815"
"173","0.22","0.22","0.22","0.1495","0.1495","0.1495","0.1493","0.1493","0.1493"
"174","0.228","0.228","0.228","0.14975","0.14975","0.14975","0.1505","0.1505","0.1505"
"175","0.006","0.006","0.006","0.0204","0.0204","0.0204","0.02135","0.02135","0.02135"
"176","0.0335","0.0335","0.0335","0.0429","0.0429","0.0429","0.04415","0.04415","0.04415"
"177","0.039","0.039","0.039","0.06935","0.06935","0.06935","0.07285","0.07285","0.07285"
"178","0.046","0.046","0.046","0.09035","0.09035","0.09035","0.09355","0.09355","0.09355"
"179","0.076","0.076","0.076","0.10385","0.10385","0.10385","0.104","0.104","0.104"
"180","0.1215","0.1215","0.1215","0.1144","0.1144","0.1144","0.1114","0.1114","0.1114"
"181","0.145","0.145","0.145","0.12295","0.12295","0.12295","0.12","0.12","0.12"
"182","0.1595","0.1595","0.1595","0.1285","0.1285","0.1285","0.12675","0.12675","0.12675"
"183","0.1735","0.1735","0.1735","0.13185","0.13185","0.13185","0.1332","0.1332","0.1332"
"184","0.1805","0.1805","0.1805","0.13655","0.13655","0.13655","0.13755","0.13755","0.13755"
"185","0.183","0.183","0.183","0.1427","0.1427","0.1427","0.1414","0.1414","0.1414"
"186","0.1855","0.1855","0.1855","0.145","0.145","0.145","0.14545","0.14545","0.14545"
"187","0.1875","0.1875","0.1875","0.14905","0.14905","0.14905","0.1471","0.1471","0.1471"
"188","0.1885","0.1885","0.1885","0.152","0.152","0.152","0.1498","0.1498","0.1498"
"189","0.1885","0.1885","0.1885","0.1544","0.1544","0.1544","0.152","0.152","0.152"
"190","0.1915","0.1915","0.1915","0.15635","0.15635","0.15635","0.15525","0.15525","0.15525"
"191","0.1885","0.1885","0.1885","0.1587","0.1587","0.1587","0.15765","0.15765","0.15765"
"192","0.1925","0.1925","0.1925","0.161","0.161","0.161","0.1602","0.1602","0.1602"
"193","0.1935","0.1935","0.1935","0.1609","0.1609","0.1609","0.16205","0.16205","0.16205"
"194","0.1985","0.1985","0.1985","0.16435","0.16435","0.16435","0.1645","0.1645","0.1645"
"195","0.1985","0.1985","0.1985","0.16375","0.16375","0.16375","0.1659","0.1659","0.1659"
"196","0.1995","0.1995","0.1995","0.16635","0.16635","0.16635","0.1667","0.1667","0.1667"
"197","0.1975","0.1975","0.1975","0.16815","0.16815","0.16815","0.16875","0.16875","0.16875"
"198","0.1995","0.1995","0.1995","0.1689","0.1689","0.1689","0.1691","0.1691","0.1691"
"199","0.195","0.195","0.195","0.16835","0.16835","0.16835","0.17005","0.17005","0.17005"
"200","0","0","0","0.02745","0.02745","0.02745","0.02715","0.02715","0.02715"
"201","0","0","0","0.05065","0.05065","0.05065","0.04945","0.04945","0.04945"
"202","0","0","0","0.07385","0.07385","0.07385","0.07355","0.07355","0.07355"
"203","0.016","0.016","0.016","0.0971","0.0971","0.0971","0.09745","0.09745","0.09745"
"204","0.067","0.067","0.067","0.11705","0.11705","0.11705","0.1126","0.1126","0.1126"
"205","0.1035","0.1035","0.1035","0.13085","0.13085","0.13085","0.12705","0.12705","0.12705"
"206","0.112","0.112","0.112","0.1378","0.1378","0.1378","0.1362","0.1362","0.1362"
"207","0.124","0.124","0.124","0.1448","0.1448","0.1448","0.1442","0.1442","0.1442"
"208","0.1325","0.1325","0.1325","0.1492","0.1492","0.1492","0.1483","0.1483","0.1483"
"209","0.138","0.138","0.138","0.15335","0.15335","0.15335","0.1535","0.1535","0.1535"
"210","0.138","0.138","0.138","0.15685","0.15685","0.15685","0.1584","0.1584","0.1584"
"211","0.1445","0.1445","0.1445","0.16025","0.16025","0.16025","0.1626","0.1626","0.1626"
"212","0.1485","0.1485","0.1485","0.1632","0.1632","0.1632","0.16555","0.16555","0.16555"
"213","0.15","0.15","0.15","0.16525","0.16525","0.16525","0.1684","0.1684","0.1684"
"214","0.152","0.152","0.152","0.16835","0.16835","0.16835","0.17025","0.17025","0.17025"
"215","0.161","0.161","0.161","0.17085","0.17085","0.17085","0.1732","0.1732","0.1732"
"216","0.1615","0.1615","0.1615","0.1716","0.1716","0.1716","0.17405","0.17405","0.17405"
"217","0.1595","0.1595","0.1595","0.1733","0.1733","0.1733","0.1774","0.1774","0.1774"
"218","0.1655","0.1655","0.1655","0.1769","0.1769","0.1769","0.1796","0.1796","0.1796"
"219","0.165","0.165","0.165","0.17715","0.17715","0.17715","0.1806","0.1806","0.1806"
"220","0.1665","0.1665","0.1665","0.1783","0.1783","0.1783","0.1815","0.1815","0.1815"
"221","0.1655","0.1655","0.1655","0.18095","0.18095","0.18095","0.18255","0.18255","0.18255"
"222","0.1745","0.1745","0.1745","0.18085","0.18085","0.18085","0.1837","0.1837","0.1837"
"223","0.1695","0.1695","0.1695","0.1814","0.1814","0.1814","0.18485","0.18485","0.18485"
"224","0.1765","0.1765","0.1765","0.18245","0.18245","0.18245","0.18445","0.18445","0.18445"
"225","0","0","0","0.02465","0.02465","0.02465","0.02605","0.02605","0.02605"
"226","0","0","0","0.05215","0.05215","0.05215","0.05165","0.05165","0.05165"
"227","0","0","0","0.0725","0.0725","0.0725","0.0716","0.0716","0.0716"
"228","0","0","0","0.09215","0.09215","0.09215","0.0923","0.0923","0.0923"
"229","0.0825","0.0825","0.0825","0.10985","0.10985","0.10985","0.10995","0.10995","0.10995"
"230","0.11","0.11","0.11","0.12415","0.12415","0.12415","0.1228","0.1228","0.1228"
"231","0.12","0.12","0.12","0.1325","0.1325","0.1325","0.13205","0.13205","0.13205"
"232","0.146","0.146","0.146","0.14035","0.14035","0.14035","0.1392","0.1392","0.1392"
"233","0.158","0.158","0.158","0.14525","0.14525","0.14525","0.1446","0.1446","0.1446"
"234","0.162","0.162","0.162","0.15025","0.15025","0.15025","0.1497","0.1497","0.1497"
"235","0.162","0.162","0.162","0.15345","0.15345","0.15345","0.1528","0.1528","0.1528"
"236","0.1685","0.1685","0.1685","0.15565","0.15565","0.15565","0.15685","0.15685","0.15685"
"237","0.173","0.173","0.173","0.1566","0.1566","0.1566","0.15925","0.15925","0.15925"
"238","0.1715","0.1715","0.1715","0.15975","0.15975","0.15975","0.1608","0.1608","0.1608"
"239","0.1725","0.1725","0.1725","0.1625","0.1625","0.1625","0.16245","0.16245","0.16245"
"240","0.174","0.174","0.174","0.16265","0.16265","0.16265","0.16505","0.16505","0.16505"
"241","0.1745","0.1745","0.1745","0.1641","0.1641","0.1641","0.1658","0.1658","0.1658"
"242","0.172","0.172","0.172","0.16595","0.16595","0.16595","0.1669","0.1669","0.1669"
"243","0.179","0.179","0.179","0.1665","0.1665","0.1665","0.16765","0.16765","0.16765"
"244","0.18","0.18","0.18","0.1677","0.1677","0.1677","0.1697","0.1697","0.1697"
"245","0.1775","0.1775","0.1775","0.1676","0.1676","0.1676","0.1702","0.1702","0.1702"
"246","0.1895","0.1895","0.1895","0.1684","0.1684","0.1684","0.1705","0.1705","0.1705"
"247","0.1815","0.1815","0.1815","0.1687","0.1687","0.1687","0.17125","0.17125","0.17125"
"248","0.186","0.186","0.186","0.1693","0.1693","0.1693","0.17065","0.17065","0.17065"
"249","0.192","0.192","0.192","0.17075","0.17075","0.17075","0.1709","0.1709","0.1709"
"250","0","0","0","0.03615","0.03615","0.03615","0.03625","0.03625","0.03625"
"251","0","0","0","0.0636","0.0636","0.0636","0.0599","0.0599","0.0599"
"252","0","0","0","0.0907","0.0907","0.0907","0.0895","0.0895","0.0895"
"253","0.001","0.001","0.001","0.11755","0.11755","0.11755","0.1166","0.1166","0.1166"
"254","0.0975","0.0975","0.0975","0.1349","0.1349","0.1349","0.1348","0.1348","0.1348"
"255","0.1305","0.1305","0.1305","0.1467","0.1467","0.1467","0.1428","0.1428","0.1428"
"256","0.1525","0.1525","0.1525","0.1561","0.1561","0.1561","0.15175","0.15175","0.15175"
"257","0.1795","0.1795","0.1795","0.16315","0.16315","0.16315","0.1588","0.1588","0.1588"
"258","0.1795","0.1795","0.1795","0.1672","0.1672","0.1672","0.1624","0.1624","0.1624"
"259","0.1935","0.1935","0.1935","0.17315","0.17315","0.17315","0.1688","0.1688","0.1688"
"260","0.1915","0.1915","0.1915","0.1748","0.1748","0.1748","0.17165","0.17165","0.17165"
"261","0.196","0.196","0.196","0.1754","0.1754","0.1754","0.1753","0.1753","0.1753"
"262","0.199","0.199","0.199","0.1789","0.1789","0.1789","0.1771","0.1771","0.1771"
"263","0.203","0.203","0.203","0.18195","0.18195","0.18195","0.17885","0.17885","0.17885"
"264","0.2045","0.2045","0.2045","0.1846","0.1846","0.1846","0.18","0.18","0.18"
"265","0.2085","0.2085","0.2085","0.18565","0.18565","0.18565","0.1823","0.1823","0.1823"
"266","0.21","0.21","0.21","0.1872","0.1872","0.1872","0.1836","0.1836","0.1836"
"267","0.2095","0.2095","0.2095","0.1872","0.1872","0.1872","0.18545","0.18545","0.18545"
"268","0.211","0.211","0.211","0.18915","0.18915","0.18915","0.1852","0.1852","0.1852"
"269","0.2135","0.2135","0.2135","0.1894","0.1894","0.1894","0.18665","0.18665","0.18665"
"270","0.2125","0.2125","0.2125","0.19035","0.19035","0.19035","0.1874","0.1874","0.1874"
"271","0.2125","0.2125","0.2125","0.19105","0.19105","0.19105","0.1873","0.1873","0.1873"
"272","0.2125","0.2125","0.2125","0.1927","0.1927","0.1927","0.18725","0.18725","0.18725"
"273","0.2165","0.2165","0.2165","0.1911","0.1911","0.1911","0.1893","0.1893","0.1893"
"274","0.2165","0.2165","0.2165","0.19175","0.19175","0.19175","0.18895","0.18895","0.18895"
"275","0.0115","0.0115","0.0115","0.03485","0.03485","0.03485","0.0361","0.0361","0.0361"
"276","0.0405","0.0405","0.0405","0.0692","0.0692","0.0692","0.065","0.065","0.065"
"277","0.0575","0.0575","0.0575","0.09265","0.09265","0.09265","0.09095","0.09095","0.09095"
"278","0.0635","0.0635","0.0635","0.1115","0.1115","0.1115","0.10995","0.10995","0.10995"
"279","0.098","0.098","0.098","0.1274","0.1274","0.1274","0.12625","0.12625","0.12625"
"280","0.125","0.125","0.125","0.14005","0.14005","0.14005","0.1383","0.1383","0.1383"
"281","0.1355","0.1355","0.1355","0.14925","0.14925","0.14925","0.14755","0.14755","0.14755"
"282","0.1555","0.1555","0.1555","0.15595","0.15595","0.15595","0.1538","0.1538","0.1538"
"283","0.1625","0.1625","0.1625","0.163","0.163","0.163","0.15825","0.15825","0.15825"
"284","0.1715","0.1715","0.1715","0.16475","0.16475","0.16475","0.16305","0.16305","0.16305"
"285","0.1855","0.1855","0.1855","0.16885","0.16885","0.16885","0.16715","0.16715","0.16715"
"286","0.191","0.191","0.191","0.17285","0.17285","0.17285","0.17105","0.17105","0.17105"
"287","0.1945","0.1945","0.1945","0.175","0.175","0.175","0.17345","0.17345","0.17345"
"288","0.1995","0.1995","0.1995","0.1763","0.1763","0.1763","0.17395","0.17395","0.17395"
"289","0.209","0.209","0.209","0.17995","0.17995","0.17995","0.1763","0.1763","0.1763"
"290","0.209","0.209","0.209","0.1814","0.1814","0.1814","0.17815","0.17815","0.17815"
"291","0.2085","0.2085","0.2085","0.1824","0.1824","0.1824","0.17935","0.17935","0.17935"
"292","0.2105","0.2105","0.2105","0.1843","0.1843","0.1843","0.1799","0.1799","0.1799"
"293","0.2195","0.2195","0.2195","0.1839","0.1839","0.1839","0.18055","0.18055","0.18055"
"294","0.2155","0.2155","0.2155","0.185","0.185","0.185","0.18265","0.18265","0.18265"
"295","0.216","0.216","0.216","0.18305","0.18305","0.18305","0.1824","0.1824","0.1824"
"296","0.2165","0.2165","0.2165","0.18485","0.18485","0.18485","0.18285","0.18285","0.18285"
"297","0.2215","0.2215","0.2215","0.18395","0.18395","0.18395","0.18375","0.18375","0.18375"
"298","0.2115","0.2115","0.2115","0.1853","0.1853","0.1853","0.1817","0.1817","0.1817"
"299","0.221","0.221","0.221","0.18575","0.18575","0.18575","0.1835","0.1835","0.1835"
"300","0.0055","0.0055","0.0055","0.02275","0.02275","0.02275","0.0233","0.0233","0.0233"
"301","0.0225","0.0225","0.0225","0.0461","0.0461","0.0461","0.04485","0.04485","0.04485"
"302","0.0315","0.0315","0.0315","0.0743","0.0743","0.0743","0.0751","0.0751","0.0751"
"303","0.05","0.05","0.05","0.1015","0.1015","0.1015","0.10055","0.10055","0.10055"
"304","0.105","0.105","0.105","0.12085","0.12085","0.12085","0.1206","0.1206","0.1206"
"305","0.1235","0.1235","0.1235","0.13475","0.13475","0.13475","0.1353","0.1353","0.1353"
"306","0.138","0.138","0.138","0.1436","0.1436","0.1436","0.1456","0.1456","0.1456"
"307","0.15","0.15","0.15","0.1526","0.1526","0.1526","0.1526","0.1526","0.1526"
"308","0.1705","0.1705","0.1705","0.158","0.158","0.158","0.15865","0.15865","0.15865"
"309","0.177","0.177","0.177","0.1622","0.1622","0.1622","0.1643","0.1643","0.1643"
"310","0.1845","0.1845","0.1845","0.1664","0.1664","0.1664","0.1669","0.1669","0.1669"
"311","0.1855","0.1855","0.1855","0.1683","0.1683","0.1683","0.17095","0.17095","0.17095"
"312","0.197","0.197","0.197","0.1687","0.1687","0.1687","0.17215","0.17215","0.17215"
"313","0.204","0.204","0.204","0.172","0.172","0.172","0.1747","0.1747","0.1747"
"314","0.2035","0.2035","0.2035","0.17265","0.17265","0.17265","0.17565","0.17565","0.17565"
"315","0.207","0.207","0.207","0.1741","0.1741","0.1741","0.17625","0.17625","0.17625"
"316","0.211","0.211","0.211","0.17525","0.17525","0.17525","0.17745","0.17745","0.17745"
"317","0.216","0.216","0.216","0.1765","0.1765","0.1765","0.17815","0.17815","0.17815"
"318","0.222","0.222","0.222","0.17675","0.17675","0.17675","0.1775","0.1775","0.1775"
"319","0.2205","0.2205","0.2205","0.1779","0.1779","0.1779","0.17885","0.17885","0.17885"
"320","0.2245","0.2245","0.2245","0.1778","0.1778","0.1778","0.17895","0.17895","0.17895"
"321","0.2245","0.2245","0.2245","0.17745","0.17745","0.17745","0.17975","0.17975","0.17975"
"322","0.225","0.225","0.225","0.177","0.177","0.177","0.1799","0.1799","0.1799"
"323","0.226","0.226","0.226","0.1781","0.1781","0.1781","0.1794","0.1794","0.1794"
"324","0.2325","0.2325","0.2325","0.17865","0.17865","0.17865","0.17975","0.17975","0.17975"
"325","0","0","0","0.0299","0.0299","0.0299","0.0281","0.0281","0.0281"
"326","0","0","0","0.0571","0.0571","0.0571","0.0572","0.0572","0.0572"
"327","0.085","0.085","0.085","0.08995","0.08995","0.08995","0.0871","0.0871","0.0871"
"328","0.1015","0.1015","0.1015","0.12005","0.12005","0.12005","0.1167","0.1167","0.1167"
"329","0.109","0.109","0.109","0.1402","0.1402","0.1402","0.1381","0.1381","0.1381"
"330","0.118","0.118","0.118","0.15215","0.15215","0.15215","0.15195","0.15195","0.15195"
"331","0.143","0.143","0.143","0.16065","0.16065","0.16065","0.16185","0.16185","0.16185"
"332","0.162","0.162","0.162","0.1689","0.1689","0.1689","0.16825","0.16825","0.16825"
"333","0.194","0.194","0.194","0.17295","0.17295","0.17295","0.17345","0.17345","0.17345"
"334","0.2125","0.2125","0.2125","0.1773","0.1773","0.1773","0.17785","0.17785","0.17785"
"335","0.22","0.22","0.22","0.18015","0.18015","0.18015","0.18115","0.18115","0.18115"
"336","0.237","0.237","0.237","0.18475","0.18475","0.18475","0.18285","0.18285","0.18285"
"337","0.232","0.232","0.232","0.18685","0.18685","0.18685","0.1862","0.1862","0.1862"
"338","0.237","0.237","0.237","0.18865","0.18865","0.18865","0.18735","0.18735","0.18735"
"339","0.2405","0.2405","0.2405","0.18885","0.18885","0.18885","0.1861","0.1861","0.1861"
"340","0.243","0.243","0.243","0.19055","0.19055","0.19055","0.18935","0.18935","0.18935"
"341","0.243","0.243","0.243","0.1912","0.1912","0.1912","0.19075","0.19075","0.19075"
"342","0.244","0.244","0.244","0.19385","0.19385","0.19385","0.19075","0.19075","0.19075"
"343","0.246","0.246","0.246","0.1931","0.1931","0.1931","0.1922","0.1922","0.1922"
"344","0.2525","0.2525","0.2525","0.1937","0.1937","0.1937","0.193","0.193","0.193"
"345","0.2585","0.2585","0.2585","0.1937","0.1937","0.1937","0.1941","0.1941","0.1941"
"346","0.2575","0.2575","0.2575","0.1936","0.1936","0.1936","0.194","0.194","0.194"
"347","0.258","0.258","0.258","0.1939","0.1939","0.1939","0.1951","0.1951","0.1951"
"348","0.266","0.266","0.266","0.19495","0.19495","0.19495","0.19475","0.19475","0.19475"
"349","0.2675","0.2675","0.2675","0.1947","0.1947","0.1947","0.19385","0.19385","0.19385"
"350","0","0","0","0.0377","0.0377","0.0377","0.036","0.036","0.036"
"351","0","0","0","0.06145","0.06145","0.06145","0.0591","0.0591","0.0591"
"352","0","0","0","0.0883","0.0883","0.0883","0.08435","0.08435","0.08435"
"353","0.0065","0.0065","0.0065","0.11535","0.11535","0.11535","0.11225","0.11225","0.11225"
"354","0.0865","0.0865","0.0865","0.13645","0.13645","0.13645","0.1321","0.1321","0.1321"
"355","0.1295","0.1295","0.1295","0.14975","0.14975","0.14975","0.1482","0.1482","0.1482"
"356","0.155","0.155","0.155","0.15995","0.15995","0.15995","0.1575","0.1575","0.1575"
"357","0.1675","0.1675","0.1675","0.1669","0.1669","0.1669","0.165","0.165","0.165"
"358","0.1795","0.1795","0.1795","0.17085","0.17085","0.17085","0.171","0.171","0.171"
"359","0.193","0.193","0.193","0.17405","0.17405","0.17405","0.17395","0.17395","0.17395"
"360","0.1985","0.1985","0.1985","0.17435","0.17435","0.17435","0.17545","0.17545","0.17545"
"361","0.203","0.203","0.203","0.17655","0.17655","0.17655","0.1781","0.1781","0.1781"
"362","0.206","0.206","0.206","0.1776","0.1776","0.1776","0.17825","0.17825","0.17825"
"363","0.209","0.209","0.209","0.17865","0.17865","0.17865","0.17855","0.17855","0.17855"
"364","0.2175","0.2175","0.2175","0.1812","0.1812","0.1812","0.18095","0.18095","0.18095"
"365","0.2175","0.2175","0.2175","0.1823","0.1823","0.1823","0.18125","0.18125","0.18125"
"366","0.223","0.223","0.223","0.1839","0.1839","0.1839","0.18225","0.18225","0.18225"
"367","0.223","0.223","0.223","0.18295","0.18295","0.18295","0.1838","0.1838","0.1838"
"368","0.227","0.227","0.227","0.182","0.182","0.182","0.1847","0.1847","0.1847"
"369","0.225","0.225","0.225","0.18175","0.18175","0.18175","0.18505","0.18505","0.18505"
"370","0.2295","0.2295","0.2295","0.1824","0.1824","0.1824","0.18445","0.18445","0.18445"
"371","0.229","0.229","0.229","0.1827","0.1827","0.1827","0.18475","0.18475","0.18475"
"372","0.2285","0.2285","0.2285","0.1821","0.1821","0.1821","0.1826","0.1826","0.1826"
"373","0.2295","0.2295","0.2295","0.1834","0.1834","0.1834","0.1832","0.1832","0.1832"
"374","0.232","0.232","0.232","0.18315","0.18315","0.18315","0.18385","0.18385","0.18385"
"375","0.001","0.001","0.001","0.03665","0.03665","0.03665","0.0352","0.0352","0.0352"
"376","0.012","0.012","0.012","0.0653","0.0653","0.0653","0.06535","0.06535","0.06535"
"377","0.0255","0.0255","0.0255","0.09395","0.09395","0.09395","0.0948","0.0948","0.0948"
"378","0.045","0.045","0.045","0.12","0.12","0.12","0.1203","0.1203","0.1203"
"379","0.0635","0.0635","0.0635","0.14075","0.14075","0.14075","0.1391","0.1391","0.1391"
"380","0.094","0.094","0.094","0.1539","0.1539","0.1539","0.1523","0.1523","0.1523"
"381","0.1175","0.1175","0.1175","0.1638","0.1638","0.1638","0.1619","0.1619","0.1619"
"382","0.1355","0.1355","0.1355","0.17075","0.17075","0.17075","0.1678","0.1678","0.1678"
"383","0.149","0.149","0.149","0.17325","0.17325","0.17325","0.1739","0.1739","0.1739"
"384","0.161","0.161","0.161","0.17705","0.17705","0.17705","0.1754","0.1754","0.1754"
"385","0.1665","0.1665","0.1665","0.1797","0.1797","0.1797","0.17975","0.17975","0.17975"
"386","0.17","0.17","0.17","0.1803","0.1803","0.1803","0.1833","0.1833","0.1833"
"387","0.176","0.176","0.176","0.18315","0.18315","0.18315","0.18525","0.18525","0.18525"
"388","0.1795","0.1795","0.1795","0.18465","0.18465","0.18465","0.18565","0.18565","0.18565"
"389","0.1855","0.1855","0.1855","0.18585","0.18585","0.18585","0.1872","0.1872","0.1872"
"390","0.1865","0.1865","0.1865","0.1864","0.1864","0.1864","0.1875","0.1875","0.1875"
"391","0.191","0.191","0.191","0.1865","0.1865","0.1865","0.1877","0.1877","0.1877"
"392","0.199","0.199","0.199","0.18615","0.18615","0.18615","0.1885","0.1885","0.1885"
"393","0.1975","0.1975","0.1975","0.1866","0.1866","0.1866","0.18725","0.18725","0.18725"
"394","0.201","0.201","0.201","0.18605","0.18605","0.18605","0.18775","0.18775","0.18775"
"395","0.2055","0.2055","0.2055","0.1889","0.1889","0.1889","0.18685","0.18685","0.18685"
"396","0.206","0.206","0.206","0.188","0.188","0.188","0.18805","0.18805","0.18805"
"397","0.2065","0.2065","0.2065","0.1873","0.1873","0.1873","0.1871","0.1871","0.1871"
"398","0.212","0.212","0.212","0.18725","0.18725","0.18725","0.18605","0.18605","0.18605"
"399","0.2125","0.2125","0.2125","0.18565","0.18565","0.18565","0.18705","0.18705","0.18705"
"400","0","0","0","0.0299","0.0299","0.0299","0.02915","0.02915","0.02915"
"401","0","0","0","0.0636","0.0636","0.0636","0.0635","0.0635","0.0635"
"402","0.0005","0.0005","0.0005","0.0937","0.0937","0.0937","0.0906","0.0906","0.0906"
"403","0.0255","0.0255","0.0255","0.1196","0.1196","0.1196","0.1168","0.1168","0.1168"
"404","0.088","0.088","0.088","0.13315","0.13315","0.13315","0.13415","0.13415","0.13415"
"405","0.1255","0.1255","0.1255","0.144","0.144","0.144","0.1447","0.1447","0.1447"
"406","0.1505","0.1505","0.1505","0.1525","0.1525","0.1525","0.1539","0.1539","0.1539"
"407","0.155","0.155","0.155","0.159","0.159","0.159","0.1604","0.1604","0.1604"
"408","0.163","0.163","0.163","0.1643","0.1643","0.1643","0.16295","0.16295","0.16295"
"409","0.166","0.166","0.166","0.1666","0.1666","0.1666","0.16705","0.16705","0.16705"
"410","0.1765","0.1765","0.1765","0.16805","0.16805","0.16805","0.1707","0.1707","0.1707"
"411","0.175","0.175","0.175","0.1698","0.1698","0.1698","0.1747","0.1747","0.1747"
"412","0.177","0.177","0.177","0.17325","0.17325","0.17325","0.17445","0.17445","0.17445"
"413","0.1825","0.1825","0.1825","0.17425","0.17425","0.17425","0.17465","0.17465","0.17465"
"414","0.18","0.18","0.18","0.1783","0.1783","0.1783","0.17665","0.17665","0.17665"
"415","0.185","0.185","0.185","0.1765","0.1765","0.1765","0.1763","0.1763","0.1763"
"416","0.1855","0.1855","0.1855","0.17765","0.17765","0.17765","0.17695","0.17695","0.17695"
"417","0.1875","0.1875","0.1875","0.17755","0.17755","0.17755","0.1799","0.1799","0.1799"
"418","0.1895","0.1895","0.1895","0.1789","0.1789","0.1789","0.1803","0.1803","0.1803"
"419","0.197","0.197","0.197","0.1794","0.1794","0.1794","0.1809","0.1809","0.1809"
"420","0.194","0.194","0.194","0.1782","0.1782","0.1782","0.1801","0.1801","0.1801"
"421","0.1995","0.1995","0.1995","0.1796","0.1796","0.1796","0.1813","0.1813","0.1813"
"422","0.2015","0.2015","0.2015","0.1798","0.1798","0.1798","0.1818","0.1818","0.1818"
"423","0.2","0.2","0.2","0.17905","0.17905","0.17905","0.1825","0.1825","0.1825"
"424","0.2005","0.2005","0.2005","0.17865","0.17865","0.17865","0.1821","0.1821","0.1821"
"425","0","0","0","0.02555","0.02555","0.02555","0.02565","0.02565","0.02565"
"426","0","0","0","0.0518","0.0518","0.0518","0.05195","0.05195","0.05195"
"427","0.001","0.001","0.001","0.0749","0.0749","0.0749","0.0777","0.0777","0.0777"
"428","0.0695","0.0695","0.0695","0.09535","0.09535","0.09535","0.10145","0.10145","0.10145"
"429","0.142","0.142","0.142","0.11295","0.11295","0.11295","0.11715","0.11715","0.11715"
"430","0.1615","0.1615","0.1615","0.127","0.127","0.127","0.129","0.129","0.129"
"431","0.1785","0.1785","0.1785","0.13525","0.13525","0.13525","0.1378","0.1378","0.1378"
"432","0.1885","0.1885","0.1885","0.14405","0.14405","0.14405","0.14445","0.14445","0.14445"
"433","0.194","0.194","0.194","0.1516","0.1516","0.1516","0.14735","0.14735","0.14735"
"434","0.2005","0.2005","0.2005","0.1548","0.1548","0.1548","0.1511","0.1511","0.1511"
"435","0.2155","0.2155","0.2155","0.1579","0.1579","0.1579","0.15435","0.15435","0.15435"
"436","0.2285","0.2285","0.2285","0.1594","0.1594","0.1594","0.1563","0.1563","0.1563"
"437","0.2355","0.2355","0.2355","0.1628","0.1628","0.1628","0.1586","0.1586","0.1586"
"438","0.2405","0.2405","0.2405","0.16285","0.16285","0.16285","0.1603","0.1603","0.1603"
"439","0.2455","0.2455","0.2455","0.1643","0.1643","0.1643","0.1626","0.1626","0.1626"
"440","0.2515","0.2515","0.2515","0.16465","0.16465","0.16465","0.16205","0.16205","0.16205"
"441","0.2475","0.2475","0.2475","0.1652","0.1652","0.1652","0.16345","0.16345","0.16345"
"442","0.2535","0.2535","0.2535","0.1662","0.1662","0.1662","0.16525","0.16525","0.16525"
"443","0.2555","0.2555","0.2555","0.1663","0.1663","0.1663","0.16335","0.16335","0.16335"
"444","0.264","0.264","0.264","0.16665","0.16665","0.16665","0.1663","0.1663","0.1663"
"445","0.2635","0.2635","0.2635","0.1659","0.1659","0.1659","0.1648","0.1648","0.1648"
"446","0.268","0.268","0.268","0.1661","0.1661","0.1661","0.16535","0.16535","0.16535"
"447","0.2665","0.2665","0.2665","0.16685","0.16685","0.16685","0.16455","0.16455","0.16455"
"448","0.2715","0.2715","0.2715","0.16625","0.16625","0.16625","0.1654","0.1654","0.1654"
"449","0.2745","0.2745","0.2745","0.16685","0.16685","0.16685","0.1653","0.1653","0.1653"
"450","0","0","0","0.0267","0.0267","0.0267","0.02545","0.02545","0.02545"
"451","0","0","0","0.0482","0.0482","0.0482","0.04675","0.04675","0.04675"
"452","0.0025","0.0025","0.0025","0.0757","0.0757","0.0757","0.0738","0.0738","0.0738"
"453","0.056","0.056","0.056","0.1042","0.1042","0.1042","0.10065","0.10065","0.10065"
"454","0.1365","0.1365","0.1365","0.1214","0.1214","0.1214","0.1182","0.1182","0.1182"
"455","0.1565","0.1565","0.1565","0.1324","0.1324","0.1324","0.13175","0.13175","0.13175"
"456","0.1625","0.1625","0.1625","0.14225","0.14225","0.14225","0.1427","0.1427","0.1427"
"457","0.1745","0.1745","0.1745","0.15005","0.15005","0.15005","0.1512","0.1512","0.1512"
"458","0.183","0.183","0.183","0.154","0.154","0.154","0.15615","0.15615","0.15615"
"459","0.1895","0.1895","0.1895","0.1585","0.1585","0.1585","0.15995","0.15995","0.15995"
"460","0.194","0.194","0.194","0.1611","0.1611","0.1611","0.1619","0.1619","0.1619"
"461","0.198","0.198","0.198","0.16245","0.16245","0.16245","0.165","0.165","0.165"
"462","0.2045","0.2045","0.2045","0.16415","0.16415","0.16415","0.16525","0.16525","0.16525"
"463","0.2155","0.2155","0.2155","0.16605","0.16605","0.16605","0.1655","0.1655","0.1655"
"464","0.2125","0.2125","0.2125","0.16685","0.16685","0.16685","0.1658","0.1658","0.1658"
"465","0.21","0.21","0.21","0.16765","0.16765","0.16765","0.16595","0.16595","0.16595"
"466","0.2165","0.2165","0.2165","0.1677","0.1677","0.1677","0.1671","0.1671","0.1671"
"467","0.218","0.218","0.218","0.1669","0.1669","0.1669","0.16615","0.16615","0.16615"
"468","0.225","0.225","0.225","0.16785","0.16785","0.16785","0.1658","0.1658","0.1658"
"469","0.226","0.226","0.226","0.16845","0.16845","0.16845","0.166","0.166","0.166"
"470","0.229","0.229","0.229","0.16785","0.16785","0.16785","0.16635","0.16635","0.16635"
"471","0.233","0.233","0.233","0.16735","0.16735","0.16735","0.16575","0.16575","0.16575"
"472","0.233","0.233","0.233","0.16755","0.16755","0.16755","0.16495","0.16495","0.16495"
"473","0.2305","0.2305","0.2305","0.16595","0.16595","0.16595","0.1651","0.1651","0.1651"
"474","0.2345","0.2345","0.2345","0.1651","0.1651","0.1651","0.1642","0.1642","0.1642"
"475","0","0","0","0.028","0.028","0.028","0.0277","0.0277","0.0277"
"476","0","0","0","0.0511","0.0511","0.0511","0.05185","0.05185","0.05185"
"477","0.006","0.006","0.006","0.07815","0.07815","0.07815","0.07935","0.07935","0.07935"
"478","0.0635","0.0635","0.0635","0.1025","0.1025","0.1025","0.10465","0.10465","0.10465"
"479","0.1065","0.1065","0.1065","0.1193","0.1193","0.1193","0.12275","0.12275","0.12275"
"480","0.132","0.132","0.132","0.13345","0.13345","0.13345","0.1399","0.1399","0.1399"
"481","0.1535","0.1535","0.1535","0.1444","0.1444","0.1444","","",""
"482","0.1695","0.1695","0.1695","0.1535","0.1535","0.1535","","",""
"483","0.1795","0.1795","0.1795","0.1577","0.1577","0.1577","","",""
"484","0.2005","0.2005","0.2005","0.16175","0.16175","0.16175","","",""
"485","0.2115","0.2115","0.2115","0.16445","0.16445","0.16445","","",""
"486","0.2185","0.2185","0.2185","","","","","",""
"487","0.2245","0.2245","0.2245","","","","","",""
"488","0.222","0.222","0.222","","","","","",""
"489","0.229","0.229","0.229","","","","","",""
"490","0.2335","0.2335","0.2335","","","","","",""
"491","0.2395","0.2395","0.2395","","","","","",""
"492","0.2395","0.2395","0.2395","","","","","",""
"493","0.242","0.242","0.242","","","","","",""
"494","0.244","0.244","0.244","","","","","",""
"495","0.245","0.245","0.245","","","","","",""
"496","0.249","0.249","0.249","","","","","",""
"497","0.2495","0.2495","0.2495","","","","","",""
"498","0.252","0.252","0.252","","","","","",""
"499","0.252","0.252","0.252","","","","","",""
"500","0.008","0.008","0.008","","","","","",""
"501","0.022","0.022","0.022","","","","","",""
"502","0.049","0.049","0.049","","","","","",""
"503","0.1015","0.1015","0.1015","","","","","",""
"504","0.1385","0.1385","0.1385","","","","","",""
"505","0.1605","0.1605","0.1605","","","","","",""
"506","0.1785","0.1785","0.1785","","","","","",""
"507","0.192","0.192","0.192","","","","","",""
"508","0.2045","0.2045","0.2045","","","","","",""
"509","0.2105","0.2105","0.2105","","","","","",""
"510","0.2165","0.2165","0.2165","","","","","",""
"511","0.2215","0.2215","0.2215","","","","","",""
"512","0.223","0.223","0.223","","","","","",""
"513","0.2285","0.2285","0.2285","","","","","",""
"514","0.231","0.231","0.231","","","","","",""
"515","0.2325","0.2325","0.2325","","","","","",""
"516","0.236","0.236","0.236","","","","","",""
"517","0.2415","0.2415","0.2415","","","","","",""
"518","0.242","0.242","0.242","","","","","",""
"519","0.247","0.247","0.247","","","","","",""
"520","0.2455","0.2455","0.2455","","","","","",""
"521","0.246","0.246","0.246","","","","","",""
"522","0.254","0.254","0.254","","","","","",""
"523","0.251","0.251","0.251","","","","","",""
"524","0.255","0.255","0.255","","","","","",""
"525","0.04","0.04","0.04","","","","","",""
"526","0.07","0.07","0.07","","","","","",""
"527","0.097","0.097","0.097","","","","","",""
"528","0.1195","0.1195","0.1195","","","","","",""
"529","0.153","0.153","0.153","","","","","",""
"530","0.173","0.173","0.173","","","","","",""
"531","0.1895","0.1895","0.1895","","","","","",""
"532","0.2035","0.2035","0.2035","","","","","",""
"533","0.207","0.207","0.207","","","","","",""
"534","0.213","0.213","0.213","","","","","",""
"535","0.2125","0.2125","0.2125","","","","","",""
"536","0.2145","0.2145","0.2145","","","","","",""
"537","0.2265","0.2265","0.2265","","","","","",""
"538","0.228","0.228","0.228","","","","","",""
"539","0.2265","0.2265","0.2265","","","","","",""
"540","0.229","0.229","0.229","","","","","",""
"541","0.23","0.23","0.23","","","","","",""
"542","0.234","0.234","0.234","","","","","",""
"543","0.232","0.232","0.232","","","","","",""
"544","0.234","0.234","0.234","","","","","",""
"545","0.233","0.233","0.233","","","","","",""
"546","0.233","0.233","0.233","","","","","",""
"547","0.2375","0.2375","0.2375","","","","","",""
"548","0.2425","0.2425","0.2425","","","","","",""
"549","0.241","0.241","0.241","","","","","",""
"550","0.0155","0.0155","0.0155","","","","","",""
"551","0.037","0.037","0.037","","","","","",""
"552","0.041","0.041","0.041","","","","","",""
"553","0.051","0.051","0.051","","","","","",""
"554","0.089","0.089","0.089","","","","","",""
"555","0.1245","0.1245","0.1245","","","","","",""
"556","0.1455","0.1455","0.1455","","","","","",""
"557","0.164","0.164","0.164","","","","","",""
"558","0.183","0.183","0.183","","","","","",""
"559","0.192","0.192","0.192","","","","","",""
"560","0.202","0.202","0.202","","","","","",""
"561","0.208","0.208","0.208","","","","","",""
"562","0.212","0.212","0.212","","","","","",""
"563","0.2115","0.2115","0.2115","","","","","",""
"564","0.219","0.219","0.219","","","","","",""
"565","0.223","0.223","0.223","","","","","",""
"566","0.2285","0.2285","0.2285","","","","","",""
"567","0.2345","0.2345","0.2345","","","","","",""
"568","0.2375","0.2375","0.2375","","","","","",""
"569","0.236","0.236","0.236","","","","","",""
"570","0.2365","0.2365","0.2365","","","","","",""
"571","0.24","0.24","0.24","","","","","",""
"572","0.2415","0.2415","0.2415","","","","","",""
"573","0.2455","0.2455","0.2455","","","","","",""
"574","0.244","0.244","0.244","","","","","",""
"575","0","0","0","","","","","",""
"576","0","0","0","","","","","",""
"577","0.014","0.014","0.014","","","","","",""
"578","0.079","0.079","0.079","","","","","",""
"579","0.1075","0.1075","0.1075","","","","","",""
"580","0.129","0.129","0.129","","","","","",""
"581","0.1565","0.1565","0.1565","","","","","",""
"582","0.168","0.168","0.168","","","","","",""
"583","0.179","0.179","0.179","","","","","",""
"584","0.1815","0.1815","0.1815","","","","","",""
"585","0.187","0.187","0.187","","","","","",""
"586","0.1805","0.1805","0.1805","","","","","",""
"587","0.19","0.19","0.19","","","","","",""
"588","0.1915","0.1915","0.1915","","","","","",""
"589","0.1935","0.1935","0.1935","","","","","",""
"590","0.2005","0.2005","0.2005","","","","","",""
"591","0.203","0.203","0.203","","","","","",""
"592","0.2025","0.2025","0.2025","","","","","",""
"593","0.202","0.202","0.202","","","","","",""
"594","0.21","0.21","0.21","","","","","",""
"595","0.209","0.209","0.209","","","","","",""
"596","0.208","0.208","0.208","","","","","",""
"597","0.213","0.213","0.213","","","","","",""
"598","0.2145","0.2145","0.2145","","","","","",""
"599","0.215","0.215","0.215","","","","","",""
"600","0","0","0","","","","","",""
"601","0","0","0","","","","","",""
"602","0.001","0.001","0.001","","","","","",""
"603","0.0475","0.0475","0.0475","","","","","",""
"604","0.123","0.123","0.123","","","","","",""
"605","0.1605","0.1605","0.1605","","","","","",""
"606","0.1805","0.1805","0.1805","","","","","",""
"607","0.1945","0.1945","0.1945","","","","","",""
"608","0.2005","0.2005","0.2005","","","","","",""
"609","0.2065","0.2065","0.2065","","","","","",""
"610","0.208","0.208","0.208","","","","","",""
"611","0.214","0.214","0.214","","","","","",""
"612","0.215","0.215","0.215","","","","","",""
"613","0.224","0.224","0.224","","","","","",""
"614","0.225","0.225","0.225","","","","","",""
"615","0.227","0.227","0.227","","","","","",""
"616","0.2315","0.2315","0.2315","","","","","",""
"617","0.233","0.233","0.233","","","","","",""
"618","0.2385","0.2385","0.2385","","","","","",""
"619","0.239","0.239","0.239","","","","","",""
"620","0.2395","0.2395","0.2395","","","","","",""
"621","0.2405","0.2405","0.2405","","","","","",""
"622","0.242","0.242","0.242","","","","","",""
"623","0.248","0.248","0.248","","","","","",""
"624","0.2475","0.2475","0.2475","","","","","",""
"625","0","0","0","","","","","",""
"626","0.0005","0.0005","0.0005","","","","","",""
"627","0.045","0.045","0.045","","","","","",""
"628","0.1","0.1","0.1","","","","","",""
"629","0.1365","0.1365","0.1365","","","","","",""
"630","0.158","0.158","0.158","","","","","",""
"631","0.174","0.174","0.174","","","","","",""
"632","0.1965","0.1965","0.1965","","","","","",""
"633","0.198","0.198","0.198","","","","","",""
"634","0.2045","0.2045","0.2045","","","","","",""
"635","0.208","0.208","0.208","","","","","",""
"636","0.216","0.216","0.216","","","","","",""
"637","0.2185","0.2185","0.2185","","","","","",""
"638","0.224","0.224","0.224","","","","","",""
"639","0.228","0.228","0.228","","","","","",""
"640","0.2355","0.2355","0.2355","","","","","",""
"641","0.239","0.239","0.239","","","","","",""
"642","0.2465","0.2465","0.2465","","","","","",""
"643","0.2535","0.2535","0.2535","","","","","",""
"644","0.2485","0.2485","0.2485","","","","","",""
"645","0.2485","0.2485","0.2485","","","","","",""
"646","0.249","0.249","0.249","","","","","",""
"647","0.2505","0.2505","0.2505","","","","","",""
"648","0.255","0.255","0.255","","","","","",""
"649","0.252","0.252","0.252","","","","","",""
"650","0.0025","0.0025","0.0025","","","","","",""
"651","0.0155","0.0155","0.0155","","","","","",""
"652","0.0285","0.0285","0.0285","","","","","",""
"653","0.074","0.074","0.074","","","","","",""
"654","0.1055","0.1055","0.1055","","","","","",""
"655","0.1255","0.1255","0.1255","","","","","",""
"656","0.155","0.155","0.155","","","","","",""
"657","0.1735","0.1735","0.1735","","","","","",""
"658","0.1925","0.1925","0.1925","","","","","",""
"659","0.195","0.195","0.195","","","","","",""
"660","0.206","0.206","0.206","","","","","",""
"661","0.212","0.212","0.212","","","","","",""
"662","0.2195","0.2195","0.2195","","","","","",""
"663","0.2255","0.2255","0.2255","","","","","",""
"664","0.234","0.234","0.234","","","","","",""
"665","0.24","0.24","0.24","","","","","",""
"666","0.236","0.236","0.236","","","","","",""
"667","0.238","0.238","0.238","","","","","",""
"668","0.2415","0.2415","0.2415","","","","","",""
"669","0.2415","0.2415","0.2415","","","","","",""
"670","0.246","0.246","0.246","","","","","",""
"671","0.2495","0.2495","0.2495","","","","","",""
"672","0.2455","0.2455","0.2455","","","","","",""
"673","0.2475","0.2475","0.2475","","","","","",""
"674","0.2535","0.2535","0.2535","","","","","",""
"675","0.014","0.014","0.014","","","","","",""
"676","0.051","0.051","0.051","","","","","",""
"677","0.0715","0.0715","0.0715","","","","","",""
"678","0.105","0.105","0.105","","","","","",""
"679","0.152","0.152","0.152","","","","","",""
"680","0.184","0.184","0.184","","","","","",""
"681","0.209","0.209","0.209","","","","","",""
"682","0.2225","0.2225","0.2225","","","","","",""
"683","0.237","0.237","0.237","","","","","",""
"684","0.237","0.237","0.237","","","","","",""
"685","0.233","0.233","0.233","","","","","",""
"686","0.2415","0.2415","0.2415","","","","","",""
"687","0.247","0.247","0.247","","","","","",""
"688","0.25","0.25","0.25","","","","","",""
"689","0.251","0.251","0.251","","","","","",""
"690","0.255","0.255","0.255","","","","","",""
"691","0.2545","0.2545","0.2545","","","","","",""
"692","0.26","0.26","0.26","","","","","",""
"693","0.2615","0.2615","0.2615","","","","","",""
"694","0.2655","0.2655","0.2655","","","","","",""
"695","0.2655","0.2655","0.2655","","","","","",""
"696","0.264","0.264","0.264","","","","","",""
"697","0.264","0.264","0.264","","","","","",""
"698","0.2705","0.2705","0.2705","","","","","",""
"699","0.2705","0.2705","0.2705","","","","","",""
"700","0.017","0.017","0.017","","","","","",""
"701","0.035","0.035","0.035","","","","","",""
"702","0.037","0.037","0.037","","","","","",""
"703","0.059","0.059","0.059","","","","","",""
"704","0.084","0.084","0.084","","","","","",""
"705","0.113","0.113","0.113","","","","","",""
"706","0.144","0.144","0.144","","","","","",""
"707","0.161","0.161","0.161","","","","","",""
"708","0.1705","0.1705","0.1705","","","","","",""
"709","0.178","0.178","0.178","","","","","",""
"710","0.1925","0.1925","0.1925","","","","","",""
"711","0.2005","0.2005","0.2005","","","","","",""
"712","0.204","0.204","0.204","","","","","",""
"713","0.205","0.205","0.205","","","","","",""
"714","0.215","0.215","0.215","","","","","",""
"715","0.217","0.217","0.217","","","","","",""
"716","0.22","0.22","0.22","","","","","",""
"717","0.218","0.218","0.218","","","","","",""
"718","0.2195","0.2195","0.2195","","","","","",""
"719","0.2205","0.2205","0.2205","","","","","",""
"720","0.2225","0.2225","0.2225","","","","","",""
"721","0.2255","0.2255","0.2255","","","","","",""
"722","0.223","0.223","0.223","","","","","",""
"723","0.2255","0.2255","0.2255","","","","","",""
"724","0.2285","0.2285","0.2285","","","","","",""
"725","0.0005","0.0005","0.0005","","","","","",""
"726","0.0225","0.0225","0.0225","","","","","",""
"727","0.0415","0.0415","0.0415","","","","","",""
"728","0.0755","0.0755","0.0755","","","","","",""
"729","0.127","0.127","0.127","","","","","",""
"730","0.1555","0.1555","0.1555","","","","","",""
"731","0.16","0.16","0.16","","","","","",""
"732","0.1765","0.1765","0.1765","","","","","",""
"733","0.1905","0.1905","0.1905","","","","","",""
"734","0.201","0.201","0.201","","","","","",""
"735","0.2115","0.2115","0.2115","","","","","",""
"736","0.2205","0.2205","0.2205","","","","","",""
"737","0.2205","0.2205","0.2205","","","","","",""
"738","0.2205","0.2205","0.2205","","","","","",""
"739","0.226","0.226","0.226","","","","","",""
"740","0.2335","0.2335","0.2335","","","","","",""
"741","0.236","0.236","0.236","","","","","",""
"742","0.241","0.241","0.241","","","","","",""
"743","0.2425","0.2425","0.2425","","","","","",""
"744","0.244","0.244","0.244","","","","","",""
"745","0.2475","0.2475","0.2475","","","","","",""
"746","0.2465","0.2465","0.2465","","","","","",""
"747","0.249","0.249","0.249","","","","","",""
"748","0.2485","0.2485","0.2485","","","","","",""
"749","0.253","0.253","0.253","","","","","",""
"750","0","0","0","","","","","",""
"751","0.0005","0.0005","0.0005","","","","","",""
"752","0.0415","0.0415","0.0415","","","","","",""
"753","0.126","0.126","0.126","","","","","",""
"754","0.158","0.158","0.158","","","","","",""
"755","0.1755","0.1755","0.1755","","","","","",""
"756","0.1985","0.1985","0.1985","","","","","",""
"757","0.217","0.217","0.217","","","","","",""
"758","0.2225","0.2225","0.2225","","","","","",""
"759","0.2375","0.2375","0.2375","","","","","",""
"760","0.247","0.247","0.247","","","","","",""
"761","0.2555","0.2555","0.2555","","","","","",""
"762","0.259","0.259","0.259","","","","","",""
"763","0.2675","0.2675","0.2675","","","","","",""
"764","0.2695","0.2695","0.2695","","","","","",""
"765","0.276","0.276","0.276","","","","","",""
"766","0.2845","0.2845","0.2845","","","","","",""
"767","0.2855","0.2855","0.2855","","","","","",""
"768","0.2855","0.2855","0.2855","","","","","",""
"769","0.2885","0.2885","0.2885","","","","","",""
"770","0.292","0.292","0.292","","","","","",""
"771","0.296","0.296","0.296","","","","","",""
"772","0.2965","0.2965","0.2965","","","","","",""
"773","0.301","0.301","0.301","","","","","",""
"774","0.3065","0.3065","0.3065","","","","","",""
"775","0.004","0.004","0.004","","","","","",""
"776","0.026","0.026","0.026","","","","","",""
"777","0.0405","0.0405","0.0405","","","","","",""
"778","0.1085","0.1085","0.1085","","","","","",""
"779","0.151","0.151","0.151","","","","","",""
"780","0.1655","0.1655","0.1655","","","","","",""
"781","0.1925","0.1925","0.1925","","","","","",""
"782","0.2115","0.2115","0.2115","","","","","",""
"783","0.23","0.23","0.23","","","","","",""
"784","0.2445","0.2445","0.2445","","","","","",""
"785","0.2425","0.2425","0.2425","","","","","",""
"786","0.253","0.253","0.253","","","","","",""
"787","0.255","0.255","0.255","","","","","",""
"788","0.259","0.259","0.259","","","","","",""
"789","0.258","0.258","0.258","","","","","",""
"790","0.262","0.262","0.262","","","","","",""
"791","0.258","0.258","0.258","","","","","",""
"792","0.2635","0.2635","0.2635","","","","","",""
"793","0.271","0.271","0.271","","","","","",""
"794","0.278","0.278","0.278","","","","","",""
"795","0.2745","0.2745","0.2745","","","","","",""
"796","0.283","0.283","0.283","","","","","",""
"797","0.282","0.282","0.282","","","","","",""
"798","0.287","0.287","0.287","","","","","",""
"799","0.283","0.283","0.283","","","","","",""
"800","0.0055","0.0055","0.0055","","","","","",""
"801","0.03","0.03","0.03","","","","","",""
"802","0.0485","0.0485","0.0485","","","","","",""
"803","0.0865","0.0865","0.0865","","","","","",""
"804","0.112","0.112","0.112","","","","","",""
"805","0.1315","0.1315","0.1315","","","","","",""
"806","0.154","0.154","0.154","","","","","",""
"807","0.171","0.171","0.171","","","","","",""
"808","0.193","0.193","0.193","","","","","",""
"809","0.2075","0.2075","0.2075","","","","","",""
"810","0.2165","0.2165","0.2165","","","","","",""
"811","0.2225","0.2225","0.2225","","","","","",""
"812","0.228","0.228","0.228","","","","","",""
"813","0.2285","0.2285","0.2285","","","","","",""
"814","0.247","0.247","0.247","","","","","",""
"815","0.249","0.249","0.249","","","","","",""
"816","0.249","0.249","0.249","","","","","",""
"817","0.255","0.255","0.255","","","","","",""
"818","0.2545","0.2545","0.2545","","","","","",""
"819","0.259","0.259","0.259","","","","","",""
"820","0.2645","0.2645","0.2645","","","","","",""
"821","0.2665","0.2665","0.2665","","","","","",""
"822","0.2695","0.2695","0.2695","","","","","",""
"823","0.2715","0.2715","0.2715","","","","","",""
"824","0.2755","0.2755","0.2755","","","","","",""
"825","0","0","0","","","","","",""
"826","0","0","0","","","","","",""
"827","0.025","0.025","0.025","","","","","",""
"828","0.063","0.063","0.063","","","","","",""
"829","0.1175","0.1175","0.1175","","","","","",""
"830","0.171","0.171","0.171","","","","","",""
"831","0.192","0.192","0.192","","","","","",""
"832","0.2075","0.2075","0.2075","","","","","",""
"833","0.2135","0.2135","0.2135","","","","","",""
"834","0.2275","0.2275","0.2275","","","","","",""
"835","0.2205","0.2205","0.2205","","","","","",""
"836","0.2225","0.2225","0.2225","","","","","",""
"837","0.2345","0.2345","0.2345","","","","","",""
"838","0.237","0.237","0.237","","","","","",""
"839","0.2435","0.2435","0.2435","","","","","",""
"840","0.2485","0.2485","0.2485","","","","","",""
"841","0.2525","0.2525","0.2525","","","","","",""
"842","0.251","0.251","0.251","","","","","",""
"843","0.253","0.253","0.253","","","","","",""
"844","0.263","0.263","0.263","","","","","",""
"845","0.26","0.26","0.26","","","","","",""
"846","0.2675","0.2675","0.2675","","","","","",""
"847","0.2695","0.2695","0.2695","","","","","",""
"848","0.2695","0.2695","0.2695","","","","","",""
"849","0.2735","0.2735","0.2735","","","","","",""
"850","0","0","0","","","","","",""
"851","0","0","0","","","","","",""
"852","0.0055","0.0055","0.0055","","","","","",""
"853","0.049","0.049","0.049","","","","","",""
"854","0.1185","0.1185","0.1185","","","","","",""
"855","0.145","0.145","0.145","","","","","",""
"856","0.161","0.161","0.161","","","","","",""
"857","0.178","0.178","0.178","","","","","",""
"858","0.1985","0.1985","0.1985","","","","","",""
"859","0.2095","0.2095","0.2095","","","","","",""
"860","0.2195","0.2195","0.2195","","","","","",""
"861","0.2255","0.2255","0.2255","","","","","",""
"862","0.233","0.233","0.233","","","","","",""
"863","0.2325","0.2325","0.2325","","","","","",""
"864","0.2345","0.2345","0.2345","","","","","",""
"865","0.2415","0.2415","0.2415","","","","","",""
"866","0.2425","0.2425","0.2425","","","","","",""
"867","0.244","0.244","0.244","","","","","",""
"868","0.2475","0.2475","0.2475","","","","","",""
"869","0.245","0.245","0.245","","","","","",""
"870","0.255","0.255","0.255","","","","","",""
"871","0.2525","0.2525","0.2525","","","","","",""
"872","0.258","0.258","0.258","","","","","",""
"873","0.2545","0.2545","0.2545","","","","","",""
"874","0.26","0.26","0.26","","","","","",""
"875","0","0","0","","","","","",""
"876","0","0","0","","","","","",""
"877","0.027","0.027","0.027","","","","","",""
"878","0.1155","0.1155","0.1155","","","","","",""
"879","0.1835","0.1835","0.1835","","","","","",""
"880","0.214","0.214","0.214","","","","","",""
"881","0.2455","0.2455","0.2455","","","","","",""
"882","0.269","0.269","0.269","","","","","",""
"883","0.2805","0.2805","0.2805","","","","","",""
"884","0.2985","0.2985","0.2985","","","","","",""
"885","0.309","0.309","0.309","","","","","",""
"886","0.314","0.314","0.314","","","","","",""
"887","0.3195","0.3195","0.3195","","","","","",""
"888","0.323","0.323","0.323","","","","","",""
"889","0.3265","0.3265","0.3265","","","","","",""
"890","0.3385","0.3385","0.3385","","","","","",""
"891","0.342","0.342","0.342","","","","","",""
"892","0.3455","0.3455","0.3455","","","","","",""
"893","0.3445","0.3445","0.3445","","","","","",""
"894","0.3495","0.3495","0.3495","","","","","",""
"895","0.356","0.356","0.356","","","","","",""
"896","0.3575","0.3575","0.3575","","","","","",""
"897","0.358","0.358","0.358","","","","","",""
"898","0.3615","0.3615","0.3615","","","","","",""
"899","0.359","0.359","0.359","","","","","",""
"900","0","0","0","","","","","",""
"901","0","0","0","","","","","",""
"902","0.007","0.007","0.007","","","","","",""
"903","0.048","0.048","0.048","","","","","",""
"904","0.1185","0.1185","0.1185","","","","","",""
"905","0.152","0.152","0.152","","","","","",""
"906","0.166","0.166","0.166","","","","","",""
"907","0.1835","0.1835","0.1835","","","","","",""
"908","0.194","0.194","0.194","","","","","",""
"909","0.202","0.202","0.202","","","","","",""
"910","0.2205","0.2205","0.2205","","","","","",""
"911","0.223","0.223","0.223","","","","","",""
"912","0.227","0.227","0.227","","","","","",""
"913","0.232","0.232","0.232","","","","","",""
"914","0.2335","0.2335","0.2335","","","","","",""
"915","0.237","0.237","0.237","","","","","",""
"916","0.241","0.241","0.241","","","","","",""
"917","0.247","0.247","0.247","","","","","",""
"918","0.243","0.243","0.243","","","","","",""
"919","0.2465","0.2465","0.2465","","","","","",""
"920","0.2495","0.2495","0.2495","","","","","",""
"921","0.253","0.253","0.253","","","","","",""
"922","0.256","0.256","0.256","","","","","",""
"923","0.2555","0.2555","0.2555","","","","","",""
"924","0.257","0.257","0.257","","","","","",""
"925","0.016","0.016","0.016","","","","","",""
"926","0.034","0.034","0.034","","","","","",""
"927","0.0505","0.0505","0.0505","","","","","",""
"928","0.088","0.088","0.088","","","","","",""
"929","0.133","0.133","0.133","","","","","",""
"930","0.166","0.166","0.166","","","","","",""
"931","0.1825","0.1825","0.1825","","","","","",""
"932","0.2055","0.2055","0.2055","","","","","",""
"933","0.226","0.226","0.226","","","","","",""
"934","0.252","0.252","0.252","","","","","",""
"935","0.265","0.265","0.265","","","","","",""
"936","0.2765","0.2765","0.2765","","","","","",""
"937","0.2815","0.2815","0.2815","","","","","",""
"938","0.2915","0.2915","0.2915","","","","","",""
"939","0.2935","0.2935","0.2935","","","","","",""
"940","0.293","0.293","0.293","","","","","",""
"941","0.3045","0.3045","0.3045","","","","","",""
"942","0.306","0.306","0.306","","","","","",""
"943","0.31","0.31","0.31","","","","","",""
"944","0.315","0.315","0.315","","","","","",""
"945","0.313","0.313","0.313","","","","","",""
"946","0.3175","0.3175","0.3175","","","","","",""
"947","0.3145","0.3145","0.3145","","","","","",""
"948","0.3155","0.3155","0.3155","","","","","",""
"949","0.319","0.319","0.319","","","","","",""
"950","0.0435","0.0435","0.0435","","","","","",""
"951","0.07","0.07","0.07","","","","","",""
"952","0.076","0.076","0.076","","","","","",""
"953","0.1045","0.1045","0.1045","","","","","",""
"954","0.1595","0.1595","0.1595","","","","","",""
"955","0.187","0.187","0.187","","","","","",""
"956","0.1995","0.1995","0.1995","","","","","",""
"957","0.218","0.218","0.218","","","","","",""
"958","0.229","0.229","0.229","","","","","",""
"959","0.238","0.238","0.238","","","","","",""
"960","0.247","0.247","0.247","","","","","",""
"961","0.2535","0.2535","0.2535","","","","","",""
"962","0.2555","0.2555","0.2555","","","","","",""
"963","0.2555","0.2555","0.2555","","","","","",""
"964","0.258","0.258","0.258","","","","","",""
"965","0.2625","0.2625","0.2625","","","","","",""
"966","0.266","0.266","0.266","","","","","",""
"967","0.2675","0.2675","0.2675","","","","","",""
"968","0.273","0.273","0.273","","","","","",""
"969","0.2735","0.2735","0.2735","","","","","",""
"970","0.2785","0.2785","0.2785","","","","","",""
"971","0.2795","0.2795","0.2795","","","","","",""
"972","0.284","0.284","0.284","","","","","",""
"973","0.284","0.284","0.284","","","","","",""
"974","0.289","0.289","0.289","","","","","",""
"975","0.01","0.01","0.01","","","","","",""
"976","0.03","0.03","0.03","","","","","",""
"977","0.0715","0.0715","0.0715","","","","","",""
"978","0.134","0.134","0.134","","","","","",""
"979","0.1535","0.1535","0.1535","","","","","",""
"980","0.165","0.165","0.165","","","","","",""
"981","0.173","0.173","0.173","","","","","",""
"982","0.177","0.177","0.177","","","","","",""
"983","0.179","0.179","0.179","","","","","",""
"984","0.1935","0.1935","0.1935","","","","","",""
"985","0.1955","0.1955","0.1955","","","","","",""
"986","0.204","0.204","0.204","","","","","",""
"987","0.21","0.21","0.21","","","","","",""
"988","0.2135","0.2135","0.2135","","","","","",""
"989","0.222","0.222","0.222","","","","","",""
"990","0.2215","0.2215","0.2215","","","","","",""
"991","0.229","0.229","0.229","","","","","",""
"992","0.227","0.227","0.227","","","","","",""
"993","0.23","0.23","0.23","","","","","",""
"994","0.234","0.234","0.234","","","","","",""
"995","0.2365","0.2365","0.2365","","","","","",""
"996","0.2375","0.2375","0.2375","","","","","",""
"997","0.2445","0.2445","0.2445","","","","","",""
"998","0.239","0.239","0.239","","","","","",""
"999","0.237","0.237","0.237","","","","","",""
"1000","0.0145","0.0145","0.0145","","","","","",""
"1001","0.0395","0.0395","0.0395","","","","","",""
"1002","0.086","0.086","0.086","","","","","",""
"1003","0.1275","0.1275","0.1275","","","","","",""
"1004","0.155","0.155","0.155","","","","","",""
"1005","0.164","0.164","0.164","","","","","",""
"1006","0.183","0.183","0.183","","","","","",""
"1007","0.196","0.196","0.196","","","","","",""
"1008","0.207","0.207","0.207","","","","","",""
"1009","0.2195","0.2195","0.2195","","","","","",""
"1010","0.2365","0.2365","0.2365","","","","","",""
"1011","0.249","0.249","0.249","","","","","",""
"1012","0.251","0.251","0.251","","","","","",""
"1013","0.252","0.252","0.252","","","","","",""
"1014","0.2555","0.2555","0.2555","","","","","",""
"1015","0.2635","0.2635","0.2635","","","","","",""
"1016","0.268","0.268","0.268","","","","","",""
"1017","0.2665","0.2665","0.2665","","","","","",""
"1018","0.272","0.272","0.272","","","","","",""
"1019","0.2765","0.2765","0.2765","","","","","",""
"1020","0.2745","0.2745","0.2745","","","","","",""
"1021","0.2855","0.2855","0.2855","","","","","",""
"1022","0.287","0.287","0.287","","","","","",""
"1023","0.289","0.289","0.289","","","","","",""
"1024","0.294","0.294","0.294","","","","","",""
"1025","0","0","0","","","","","",""
"1026","0.0355","0.0355","0.0355","","","","","",""
"1027","0.087","0.087","0.087","","","","","",""
"1028","0.114","0.114","0.114","","","","","",""
"1029","0.165","0.165","0.165","","","","","",""
"1030","0.1955","0.1955","0.1955","","","","","",""
"1031","0.2195","0.2195","0.2195","","","","","",""
"1032","0.241","0.241","0.241","","","","","",""
"1033","0.2495","0.2495","0.2495","","","","","",""
"1034","0.254","0.254","0.254","","","","","",""
"1035","0.2665","0.2665","0.2665","","","","","",""
"1036","0.272","0.272","0.272","","","","","",""
"1037","0.278","0.278","0.278","","","","","",""
"1038","0.282","0.282","0.282","","","","","",""
"1039","0.291","0.291","0.291","","","","","",""
"1040","0.2935","0.2935","0.2935","","","","","",""
"1041","0.2915","0.2915","0.2915","","","","","",""
"1042","0.2935","0.2935","0.2935","","","","","",""
"1043","0.2985","0.2985","0.2985","","","","","",""
"1044","0.302","0.302","0.302","","","","","",""
"1045","0.3075","0.3075","0.3075","","","","","",""
"1046","0.31","0.31","0.31","","","","","",""
"1047","0.309","0.309","0.309","","","","","",""
"1048","0.314","0.314","0.314","","","","","",""
"1049","0.315","0.315","0.315","","","","","",""
"1050","0","0","0","","","","","",""
"1051","0","0","0","","","","","",""
"1052","0.01","0.01","0.01","","","","","",""
"1053","0.0845","0.0845","0.0845","","","","","",""
"1054","0.17","0.17","0.17","","","","","",""
"1055","0.212","0.212","0.212","","","","","",""
"1056","0.2345","0.2345","0.2345","","","","","",""
"1057","0.2595","0.2595","0.2595","","","","","",""
"1058","0.2685","0.2685","0.2685","","","","","",""
"1059","0.278","0.278","0.278","","","","","",""
"1060","0.279","0.279","0.279","","","","","",""
"1061","0.2865","0.2865","0.2865","","","","","",""
"1062","0.292","0.292","0.292","","","","","",""
"1063","0.2955","0.2955","0.2955","","","","","",""
"1064","0.3015","0.3015","0.3015","","","","","",""
"1065","0.3055","0.3055","0.3055","","","","","",""
"1066","0.3125","0.3125","0.3125","","","","","",""
"1067","0.316","0.316","0.316","","","","","",""
"1068","0.3195","0.3195","0.3195","","","","","",""
"1069","0.3185","0.3185","0.3185","","","","","",""
"1070","0.324","0.324","0.324","","","","","",""
"1071","0.32","0.32","0.32","","","","","",""
"1072","0.322","0.322","0.322","","","","","",""
"1073","0.326","0.326","0.326","","","","","",""
"1074","0.331","0.331","0.331","","","","","",""
"1075","0","0","0","","","","","",""
"1076","0.0025","0.0025","0.0025","","","","","",""
"1077","0.026","0.026","0.026","","","","","",""
"1078","0.115","0.115","0.115","","","","","",""
"1079","0.164","0.164","0.164","","","","","",""
"1080","0.1925","0.1925","0.1925","","","","","",""
"1081","0.221","0.221","0.221","","","","","",""
"1082","0.2335","0.2335","0.2335","","","","","",""
"1083","0.2395","0.2395","0.2395","","","","","",""
"1084","0.2445","0.2445","0.2445","","","","","",""
"1085","0.2535","0.2535","0.2535","","","","","",""
"1086","0.2545","0.2545","0.2545","","","","","",""
"1087","0.268","0.268","0.268","","","","","",""
"1088","0.2685","0.2685","0.2685","","","","","",""
"1089","0.2675","0.2675","0.2675","","","","","",""
"1090","0.2795","0.2795","0.2795","","","","","",""
"1091","0.2825","0.2825","0.2825","","","","","",""
"1092","0.2835","0.2835","0.2835","","","","","",""
"1093","0.2905","0.2905","0.2905","","","","","",""
"1094","0.2905","0.2905","0.2905","","","","","",""
"1095","0.2945","0.2945","0.2945","","","","","",""
"1096","0.2995","0.2995","0.2995","","","","","",""