"Step","CIFAR100_CNN_FedALA_sgd_lr0.005_20classes_st - Global/Averaged Test Accuracy","CIFAR100_CNN_FedALA_sgd_lr0.005_20classes_st - Global/Averaged Test Accuracy__MIN","CIFAR100_CNN_FedALA_sgd_lr0.005_20classes_st - Global/Averaged Test Accuracy__MAX","CIFAR100_CNN_FedAvg_sgd_lr0.005_20classes_st - Global/Averaged Test Accuracy","CIFAR100_CNN_FedAvg_sgd_lr0.005_20classes_st - Global/Averaged Test Accuracy__MIN","CIFAR100_CNN_FedAvg_sgd_lr0.005_20classes_st - Global/Averaged Test Accuracy__MAX","CIFAR100_CNN_FedDBE_sgd_lr0.005_st - Global/Averaged Test Accuracy","CIFAR100_CNN_FedDBE_sgd_lr0.005_st - Global/Averaged Test Accuracy__MIN","CIFAR100_CNN_FedDBE_sgd_lr0.005_st - Global/Averaged Test Accuracy__MAX"
"0","0.0038","0.0038","0.0038","0.0038","0.0038","0.0038","0.0375","0.0375","0.0375"
"1","0.0657","0.0657","0.0657","0.02475","0.02475","0.02475","0.1015","0.1015","0.1015"
"2","0.0909","0.0909","0.0909","0.0355","0.0355","0.0355","0.102","0.102","0.102"
"3","0.1304","0.1304","0.1304","0.0547","0.0547","0.0547","0.112","0.112","0.112"
"4","0.16745","0.16745","0.16745","0.067","0.067","0.067","0.173","0.173","0.173"
"5","0.1826","0.1826","0.1826","0.07085","0.07085","0.07085","0.183","0.183","0.183"
"6","0.1937","0.1937","0.1937","0.0828","0.0828","0.0828","0.2055","0.2055","0.2055"
"7","0.2091","0.2091","0.2091","0.08815","0.08815","0.08815","0.1605","0.1605","0.1605"
"8","0.2195","0.2195","0.2195","0.09315","0.09315","0.09315","0.168","0.168","0.168"
"9","0.23275","0.23275","0.23275","0.1024","0.1024","0.1024","0.1335","0.1335","0.1335"
"10","0.24205","0.24205","0.24205","0.10845","0.10845","0.10845","0.199","0.199","0.199"
"11","0.25285","0.25285","0.25285","0.11555","0.11555","0.11555","0.1715","0.1715","0.1715"
"12","0.2671","0.2671","0.2671","0.12435","0.12435","0.12435","0.2245","0.2245","0.2245"
"13","0.27705","0.27705","0.27705","0.133","0.133","0.133","0.2","0.2","0.2"
"14","0.2925","0.2925","0.2925","0.14005","0.14005","0.14005","0.218","0.218","0.218"
"15","0.305","0.305","0.305","0.1553","0.1553","0.1553","0.248","0.248","0.248"
"16","0.3135","0.3135","0.3135","0.1624","0.1624","0.1624","0.2585","0.2585","0.2585"
"17","0.32415","0.32415","0.32415","0.16595","0.16595","0.16595","0.2575","0.2575","0.2575"
"18","0.336","0.336","0.336","0.17645","0.17645","0.17645","0.23","0.23","0.23"
"19","0.34805","0.34805","0.34805","0.18635","0.18635","0.18635","0.264","0.264","0.264"
"20","0.3604","0.3604","0.3604","0.1905","0.1905","0.1905","0.27","0.27","0.27"
"21","0.37085","0.37085","0.37085","0.19795","0.19795","0.19795","0.275","0.275","0.275"
"22","0.3795","0.3795","0.3795","0.2069","0.2069","0.2069","0.27","0.27","0.27"
"23","0.38595","0.38595","0.38595","0.20885","0.20885","0.20885","0.282","0.282","0.282"
"24","0.3944","0.3944","0.3944","0.21275","0.21275","0.21275","0.2775","0.2775","0.2775"
"25","0.03445","0.03445","0.03445","0.09555","0.09555","0.09555","0.031","0.031","0.031"
"26","0.1613","0.1613","0.1613","0.17595","0.17595","0.17595","0.074","0.074","0.074"
"27","0.20455","0.20455","0.20455","0.1994","0.1994","0.1994","0.0845","0.0845","0.0845"
"28","0.23345","0.23345","0.23345","0.213","0.213","0.213","0.138","0.138","0.138"
"29","0.24875","0.24875","0.24875","0.22355","0.22355","0.22355","0.1295","0.1295","0.1295"
"30","0.26035","0.26035","0.26035","0.22835","0.22835","0.22835","0.1275","0.1275","0.1275"
"31","0.26595","0.26595","0.26595","0.2368","0.2368","0.2368","0.1345","0.1345","0.1345"
"32","0.27395","0.27395","0.27395","0.23625","0.23625","0.23625","0.148","0.148","0.148"
"33","0.27725","0.27725","0.27725","0.24155","0.24155","0.24155","0.1535","0.1535","0.1535"
"34","0.2845","0.2845","0.2845","0.2475","0.2475","0.2475","0.156","0.156","0.156"
"35","0.2876","0.2876","0.2876","0.2502","0.2502","0.2502","0.1625","0.1625","0.1625"
"36","0.29195","0.29195","0.29195","0.25345","0.25345","0.25345","0.163","0.163","0.163"
"37","0.29325","0.29325","0.29325","0.2556","0.2556","0.2556","0.166","0.166","0.166"
"38","0.29725","0.29725","0.29725","0.2598","0.2598","0.2598","0.1685","0.1685","0.1685"
"39","0.30045","0.30045","0.30045","0.2668","0.2668","0.2668","0.171","0.171","0.171"
"40","0.3045","0.3045","0.3045","0.2662","0.2662","0.2662","0.1795","0.1795","0.1795"
"41","0.30515","0.30515","0.30515","0.26545","0.26545","0.26545","0.1765","0.1765","0.1765"
"42","0.3089","0.3089","0.3089","0.2718","0.2718","0.2718","0.1755","0.1755","0.1755"
"43","0.31035","0.31035","0.31035","0.2706","0.2706","0.2706","0.1805","0.1805","0.1805"
"44","0.31205","0.31205","0.31205","0.27685","0.27685","0.27685","0.1905","0.1905","0.1905"
"45","0.31285","0.31285","0.31285","0.28275","0.28275","0.28275","0.1875","0.1875","0.1875"
"46","0.31655","0.31655","0.31655","0.2846","0.2846","0.2846","0.195","0.195","0.195"
"47","0.31845","0.31845","0.31845","0.2875","0.2875","0.2875","0.202","0.202","0.202"
"48","0.32075","0.32075","0.32075","0.2913","0.2913","0.2913","0.204","0.204","0.204"
"49","0.32295","0.32295","0.32295","0.28695","0.28695","0.28695","0.192","0.192","0.192"
"50","0.14995","0.14995","0.14995","0.15105","0.15105","0.15105","0.007","0.007","0.007"
"51","0.2622","0.2622","0.2622","0.2193","0.2193","0.2193","0.0485","0.0485","0.0485"
"52","0.27425","0.27425","0.27425","0.2267","0.2267","0.2267","0.159","0.159","0.159"
"53","0.28335","0.28335","0.28335","0.23425","0.23425","0.23425","0.16","0.16","0.16"
"54","0.28385","0.28385","0.28385","0.2462","0.2462","0.2462","0.163","0.163","0.163"
"55","0.29465","0.29465","0.29465","0.24485","0.24485","0.24485","0.166","0.166","0.166"
"56","0.2979","0.2979","0.2979","0.2496","0.2496","0.2496","0.1655","0.1655","0.1655"
"57","0.295","0.295","0.295","0.2547","0.2547","0.2547","0.1675","0.1675","0.1675"
"58","0.2964","0.2964","0.2964","0.2525","0.2525","0.2525","0.1725","0.1725","0.1725"
"59","0.29815","0.29815","0.29815","0.2538","0.2538","0.2538","0.1735","0.1735","0.1735"
"60","0.3009","0.3009","0.3009","0.2589","0.2589","0.2589","0.17","0.17","0.17"
"61","0.30185","0.30185","0.30185","0.26125","0.26125","0.26125","0.1725","0.1725","0.1725"
"62","0.29835","0.29835","0.29835","0.2632","0.2632","0.2632","0.1745","0.1745","0.1745"
"63","0.29855","0.29855","0.29855","0.261","0.261","0.261","0.177","0.177","0.177"
"64","0.2964","0.2964","0.2964","0.26365","0.26365","0.26365","0.1845","0.1845","0.1845"
"65","0.2987","0.2987","0.2987","0.2593","0.2593","0.2593","0.1855","0.1855","0.1855"
"66","0.3013","0.3013","0.3013","0.26415","0.26415","0.26415","0.1875","0.1875","0.1875"
"67","0.29965","0.29965","0.29965","0.2678","0.2678","0.2678","0.195","0.195","0.195"
"68","0.30085","0.30085","0.30085","0.26505","0.26505","0.26505","0.194","0.194","0.194"
"69","0.29725","0.29725","0.29725","0.26585","0.26585","0.26585","0.2025","0.2025","0.2025"
"70","0.3004","0.3004","0.3004","0.26845","0.26845","0.26845","0.2","0.2","0.2"
"71","0.29605","0.29605","0.29605","0.2679","0.2679","0.2679","0.2","0.2","0.2"
"72","0.3002","0.3002","0.3002","0.26845","0.26845","0.26845","0.2055","0.2055","0.2055"
"73","0.29635","0.29635","0.29635","0.2686","0.2686","0.2686","0.205","0.205","0.205"
"74","0.3013","0.3013","0.3013","0.26915","0.26915","0.26915","0.217","0.217","0.217"
"75","0.1812","0.1812","0.1812","0.1823","0.1823","0.1823","0.003","0.003","0.003"
"76","0.35455","0.35455","0.35455","0.3118","0.3118","0.3118","0.072","0.072","0.072"
"77","0.3697","0.3697","0.3697","0.3204","0.3204","0.3204","0.142","0.142","0.142"
"78","0.37615","0.37615","0.37615","0.32445","0.32445","0.32445","0.144","0.144","0.144"
"79","0.3738","0.3738","0.3738","0.3255","0.3255","0.3255","0.146","0.146","0.146"
"80","0.3748","0.3748","0.3748","0.32835","0.32835","0.32835","0.146","0.146","0.146"
"81","0.3733","0.3733","0.3733","0.3309","0.3309","0.3309","0.1465","0.1465","0.1465"
"82","0.3719","0.3719","0.3719","0.3359","0.3359","0.3359","0.145","0.145","0.145"
"83","0.3701","0.3701","0.3701","0.33495","0.33495","0.33495","0.1535","0.1535","0.1535"
"84","0.3721","0.3721","0.3721","0.3308","0.3308","0.3308","0.1465","0.1465","0.1465"
"85","0.3691","0.3691","0.3691","0.33225","0.33225","0.33225","0.157","0.157","0.157"
"86","0.37085","0.37085","0.37085","0.33515","0.33515","0.33515","0.161","0.161","0.161"
"87","0.3686","0.3686","0.3686","0.33615","0.33615","0.33615","0.1665","0.1665","0.1665"
"88","0.3681","0.3681","0.3681","0.3351","0.3351","0.3351","0.166","0.166","0.166"
"89","0.3679","0.3679","0.3679","0.338","0.338","0.338","0.17","0.17","0.17"
"90","0.36785","0.36785","0.36785","0.3372","0.3372","0.3372","0.177","0.177","0.177"
"91","0.36725","0.36725","0.36725","0.3359","0.3359","0.3359","0.1795","0.1795","0.1795"
"92","0.36435","0.36435","0.36435","0.3374","0.3374","0.3374","0.193","0.193","0.193"
"93","0.36615","0.36615","0.36615","0.33555","0.33555","0.33555","0.186","0.186","0.186"
"94","0.364","0.364","0.364","0.3374","0.3374","0.3374","0.1965","0.1965","0.1965"
"95","0.3665","0.3665","0.3665","0.34015","0.34015","0.34015","0.196","0.196","0.196"
"96","0.3635","0.3635","0.3635","0.3342","0.3342","0.3342","0.2005","0.2005","0.2005"
"97","0.36395","0.36395","0.36395","0.33755","0.33755","0.33755","0.204","0.204","0.204"
"98","0.36305","0.36305","0.36305","0.33795","0.33795","0.33795","0.2045","0.2045","0.2045"
"99","0.3611","0.3611","0.3611","0.3396","0.3396","0.3396","0.208","0.208","0.208"
"100","0.18355","0.18355","0.18355","0.20005","0.20005","0.20005","0","0","0"
"101","0.33305","0.33305","0.33305","0.287","0.287","0.287","0.048","0.048","0.048"
"102","0.3622","0.3622","0.3622","0.29735","0.29735","0.29735","0.156","0.156","0.156"
"103","0.3659","0.3659","0.3659","0.3062","0.3062","0.3062","0.162","0.162","0.162"
"104","0.36635","0.36635","0.36635","0.30785","0.30785","0.30785","0.1685","0.1685","0.1685"
"105","0.36335","0.36335","0.36335","0.3073","0.3073","0.3073","0.1685","0.1685","0.1685"
"106","0.3623","0.3623","0.3623","0.3093","0.3093","0.3093","0.184","0.184","0.184"
"107","0.35605","0.35605","0.35605","0.3083","0.3083","0.3083","0.1825","0.1825","0.1825"
"108","0.3535","0.3535","0.3535","0.30625","0.30625","0.30625","0.195","0.195","0.195"
"109","0.35315","0.35315","0.35315","0.3112","0.3112","0.3112","0.194","0.194","0.194"
"110","0.35195","0.35195","0.35195","0.30795","0.30795","0.30795","0.1995","0.1995","0.1995"
"111","0.34645","0.34645","0.34645","0.3083","0.3083","0.3083","0.204","0.204","0.204"
"112","0.3473","0.3473","0.3473","0.31205","0.31205","0.31205","0.194","0.194","0.194"
"113","0.34445","0.34445","0.34445","0.306","0.306","0.306","0.205","0.205","0.205"
"114","0.3415","0.3415","0.3415","0.3104","0.3104","0.3104","0.2075","0.2075","0.2075"
"115","0.3437","0.3437","0.3437","0.30855","0.30855","0.30855","0.2125","0.2125","0.2125"
"116","0.3425","0.3425","0.3425","0.30985","0.30985","0.30985","0.211","0.211","0.211"
"117","0.3371","0.3371","0.3371","0.30825","0.30825","0.30825","0.213","0.213","0.213"
"118","0.3388","0.3388","0.3388","0.30905","0.30905","0.30905","0.2145","0.2145","0.2145"
"119","0.33795","0.33795","0.33795","0.31315","0.31315","0.31315","0.2125","0.2125","0.2125"
"120","0.3373","0.3373","0.3373","0.3082","0.3082","0.3082","0.219","0.219","0.219"
"121","0.3355","0.3355","0.3355","0.31045","0.31045","0.31045","0.214","0.214","0.214"
"122","0.33425","0.33425","0.33425","0.31185","0.31185","0.31185","0.21","0.21","0.21"
"123","0.33185","0.33185","0.33185","0.30995","0.30995","0.30995","0.217","0.217","0.217"
"124","0.33155","0.33155","0.33155","0.31035","0.31035","0.31035","0.213","0.213","0.213"
"125","0.2496","0.2496","0.2496","0.2335","0.2335","0.2335","0.0175","0.0175","0.0175"
"126","0.35255","0.35255","0.35255","0.2926","0.2926","0.2926","0.065","0.065","0.065"
"127","0.3725","0.3725","0.3725","0.3052","0.3052","0.3052","0.126","0.126","0.126"
"128","0.3871","0.3871","0.3871","0.30835","0.30835","0.30835","0.1475","0.1475","0.1475"
"129","0.3988","0.3988","0.3988","0.31045","0.31045","0.31045","0.155","0.155","0.155"
"130","0.4104","0.4104","0.4104","0.31025","0.31025","0.31025","0.1695","0.1695","0.1695"
"131","0.4161","0.4161","0.4161","0.30895","0.30895","0.30895","0.18","0.18","0.18"
"132","0.42605","0.42605","0.42605","0.312","0.312","0.312","0.1855","0.1855","0.1855"
"133","0.43045","0.43045","0.43045","0.3113","0.3113","0.3113","0.198","0.198","0.198"
"134","0.43225","0.43225","0.43225","0.3116","0.3116","0.3116","0.202","0.202","0.202"
"135","0.4345","0.4345","0.4345","0.3142","0.3142","0.3142","0.2105","0.2105","0.2105"
"136","0.44045","0.44045","0.44045","0.3106","0.3106","0.3106","0.2145","0.2145","0.2145"
"137","0.44495","0.44495","0.44495","0.31295","0.31295","0.31295","0.218","0.218","0.218"
"138","0.4464","0.4464","0.4464","0.31075","0.31075","0.31075","0.223","0.223","0.223"
"139","0.44815","0.44815","0.44815","0.30965","0.30965","0.30965","0.2305","0.2305","0.2305"
"140","0.44965","0.44965","0.44965","0.3143","0.3143","0.3143","0.234","0.234","0.234"
"141","0.4501","0.4501","0.4501","0.3159","0.3159","0.3159","0.2375","0.2375","0.2375"
"142","0.4525","0.4525","0.4525","0.31055","0.31055","0.31055","0.238","0.238","0.238"
"143","0.45495","0.45495","0.45495","0.31335","0.31335","0.31335","0.243","0.243","0.243"
"144","0.4563","0.4563","0.4563","0.31455","0.31455","0.31455","0.247","0.247","0.247"
"145","0.4573","0.4573","0.4573","0.31455","0.31455","0.31455","0.2445","0.2445","0.2445"
"146","0.4574","0.4574","0.4574","0.31315","0.31315","0.31315","0.245","0.245","0.245"
"147","0.45895","0.45895","0.45895","0.3154","0.3154","0.3154","0.2515","0.2515","0.2515"
"148","0.45915","0.45915","0.45915","0.3143","0.3143","0.3143","0.258","0.258","0.258"
"149","0.46","0.46","0.46","0.3142","0.3142","0.3142","0.262","0.262","0.262"
"150","0.1248","0.1248","0.1248","0.19415","0.19415","0.19415","0.039","0.039","0.039"
"151","0.29365","0.29365","0.29365","0.2766","0.2766","0.2766","0.088","0.088","0.088"
"152","0.3245","0.3245","0.3245","0.2925","0.2925","0.2925","0.1115","0.1115","0.1115"
"153","0.3375","0.3375","0.3375","0.30095","0.30095","0.30095","0.1285","0.1285","0.1285"
"154","0.3385","0.3385","0.3385","0.30565","0.30565","0.30565","0.139","0.139","0.139"
"155","0.3426","0.3426","0.3426","0.3075","0.3075","0.3075","0.1535","0.1535","0.1535"
"156","0.3429","0.3429","0.3429","0.3063","0.3063","0.3063","0.1645","0.1645","0.1645"
"157","0.3438","0.3438","0.3438","0.3102","0.3102","0.3102","0.1885","0.1885","0.1885"
"158","0.3442","0.3442","0.3442","0.3091","0.3091","0.3091","0.197","0.197","0.197"
"159","0.34125","0.34125","0.34125","0.30835","0.30835","0.30835","0.207","0.207","0.207"
"160","0.3422","0.3422","0.3422","0.3128","0.3128","0.3128","0.209","0.209","0.209"
"161","0.3404","0.3404","0.3404","0.3126","0.3126","0.3126","0.2095","0.2095","0.2095"
"162","0.33845","0.33845","0.33845","0.31255","0.31255","0.31255","0.2105","0.2105","0.2105"
"163","0.33805","0.33805","0.33805","0.31595","0.31595","0.31595","0.21","0.21","0.21"
"164","0.3385","0.3385","0.3385","0.31505","0.31505","0.31505","0.2125","0.2125","0.2125"
"165","0.33465","0.33465","0.33465","0.31445","0.31445","0.31445","0.207","0.207","0.207"
"166","0.33415","0.33415","0.33415","0.31485","0.31485","0.31485","0.212","0.212","0.212"
"167","0.334","0.334","0.334","0.3141","0.3141","0.3141","0.215","0.215","0.215"
"168","0.3332","0.3332","0.3332","0.31395","0.31395","0.31395","0.22","0.22","0.22"
"169","0.33315","0.33315","0.33315","0.315","0.315","0.315","0.2255","0.2255","0.2255"
"170","0.33225","0.33225","0.33225","0.31415","0.31415","0.31415","0.219","0.219","0.219"
"171","0.33165","0.33165","0.33165","0.3123","0.3123","0.3123","0.2275","0.2275","0.2275"
"172","0.33035","0.33035","0.33035","0.31385","0.31385","0.31385","0.2375","0.2375","0.2375"
"173","0.32945","0.32945","0.32945","0.31545","0.31545","0.31545","0.2435","0.2435","0.2435"
"174","0.33","0.33","0.33","0.3151","0.3151","0.3151","0.2475","0.2475","0.2475"
"175","0.2","0.2","0.2","0.2064","0.2064","0.2064","0.009","0.009","0.009"
"176","0.2878","0.2878","0.2878","0.2502","0.2502","0.2502","0.1015","0.1015","0.1015"
"177","0.29765","0.29765","0.29765","0.26495","0.26495","0.26495","0.1565","0.1565","0.1565"
"178","0.30355","0.30355","0.30355","0.27065","0.27065","0.27065","0.174","0.174","0.174"
"179","0.3046","0.3046","0.3046","0.27185","0.27185","0.27185","0.2135","0.2135","0.2135"
"180","0.30395","0.30395","0.30395","0.27305","0.27305","0.27305","0.2245","0.2245","0.2245"
"181","0.303","0.303","0.303","0.2742","0.2742","0.2742","0.229","0.229","0.229"
"182","0.3041","0.3041","0.3041","0.2756","0.2756","0.2756","0.2365","0.2365","0.2365"
"183","0.30295","0.30295","0.30295","0.27765","0.27765","0.27765","0.2405","0.2405","0.2405"
"184","0.3028","0.3028","0.3028","0.27575","0.27575","0.27575","0.2475","0.2475","0.2475"
"185","0.30285","0.30285","0.30285","0.27795","0.27795","0.27795","0.246","0.246","0.246"
"186","0.30215","0.30215","0.30215","0.27815","0.27815","0.27815","0.2615","0.2615","0.2615"
"187","0.3015","0.3015","0.3015","0.27955","0.27955","0.27955","0.2475","0.2475","0.2475"
"188","0.3021","0.3021","0.3021","0.27665","0.27665","0.27665","0.257","0.257","0.257"
"189","0.2994","0.2994","0.2994","0.27875","0.27875","0.27875","0.257","0.257","0.257"
"190","0.2987","0.2987","0.2987","0.2776","0.2776","0.2776","0.261","0.261","0.261"
"191","0.2973","0.2973","0.2973","0.27715","0.27715","0.27715","0.2605","0.2605","0.2605"
"192","0.2966","0.2966","0.2966","0.27635","0.27635","0.27635","0.2605","0.2605","0.2605"
"193","0.2969","0.2969","0.2969","0.2765","0.2765","0.2765","0.2625","0.2625","0.2625"
"194","0.2969","0.2969","0.2969","0.2783","0.2783","0.2783","0.2725","0.2725","0.2725"
"195","0.296","0.296","0.296","0.2775","0.2775","0.2775","0.277","0.277","0.277"
"196","0.2959","0.2959","0.2959","0.2783","0.2783","0.2783","0.269","0.269","0.269"
"197","0.2962","0.2962","0.2962","0.27775","0.27775","0.27775","0.2755","0.2755","0.2755"
"198","0.29625","0.29625","0.29625","0.2798","0.2798","0.2798","0.2765","0.2765","0.2765"
"199","0.29485","0.29485","0.29485","0.27885","0.27885","0.27885","0.2835","0.2835","0.2835"
"200","0.23445","0.23445","0.23445","0.2404","0.2404","0.2404","0.0495","0.0495","0.0495"
"201","0.3471","0.3471","0.3471","0.314","0.314","0.314","0.139","0.139","0.139"
"202","0.35825","0.35825","0.35825","0.32325","0.32325","0.32325","0.1735","0.1735","0.1735"
"203","0.36295","0.36295","0.36295","0.3311","0.3311","0.3311","0.2085","0.2085","0.2085"
"204","0.3642","0.3642","0.3642","0.3323","0.3323","0.3323","0.2125","0.2125","0.2125"
"205","0.36455","0.36455","0.36455","0.33435","0.33435","0.33435","0.218","0.218","0.218"
"206","0.36255","0.36255","0.36255","0.33255","0.33255","0.33255","0.243","0.243","0.243"
"207","0.364","0.364","0.364","0.33505","0.33505","0.33505","0.2275","0.2275","0.2275"
"208","0.36335","0.36335","0.36335","0.33325","0.33325","0.33325","0.234","0.234","0.234"
"209","0.3614","0.3614","0.3614","0.33395","0.33395","0.33395","0.242","0.242","0.242"
"210","0.3606","0.3606","0.3606","0.3338","0.3338","0.3338","0.2285","0.2285","0.2285"
"211","0.3575","0.3575","0.3575","0.33445","0.33445","0.33445","0.263","0.263","0.263"
"212","0.3581","0.3581","0.3581","0.3345","0.3345","0.3345","0.2625","0.2625","0.2625"
"213","0.3584","0.3584","0.3584","0.33705","0.33705","0.33705","0.2605","0.2605","0.2605"
"214","0.35685","0.35685","0.35685","0.33855","0.33855","0.33855","0.2465","0.2465","0.2465"
"215","0.3555","0.3555","0.3555","0.3378","0.3378","0.3378","0.264","0.264","0.264"
"216","0.35715","0.35715","0.35715","0.33545","0.33545","0.33545","0.265","0.265","0.265"
"217","0.35775","0.35775","0.35775","0.33645","0.33645","0.33645","0.2495","0.2495","0.2495"
"218","0.3577","0.3577","0.3577","0.3355","0.3355","0.3355","0.2615","0.2615","0.2615"
"219","0.35805","0.35805","0.35805","0.33435","0.33435","0.33435","0.2685","0.2685","0.2685"
"220","0.3567","0.3567","0.3567","0.3366","0.3366","0.3366","0.2715","0.2715","0.2715"
"221","0.3553","0.3553","0.3553","0.33595","0.33595","0.33595","0.268","0.268","0.268"
"222","0.35575","0.35575","0.35575","0.3365","0.3365","0.3365","0.2675","0.2675","0.2675"
"223","0.356","0.356","0.356","0.3372","0.3372","0.3372","0.2685","0.2685","0.2685"
"224","0.35595","0.35595","0.35595","0.33785","0.33785","0.33785","0.2775","0.2775","0.2775"
"225","0.23035","0.23035","0.23035","0.23675","0.23675","0.23675","0.0045","0.0045","0.0045"
"226","0.3178","0.3178","0.3178","0.29055","0.29055","0.29055","0.1255","0.1255","0.1255"
"227","0.32965","0.32965","0.32965","0.3023","0.3023","0.3023","0.1955","0.1955","0.1955"
"228","0.3295","0.3295","0.3295","0.3066","0.3066","0.3066","0.2175","0.2175","0.2175"
"229","0.33275","0.33275","0.33275","0.30825","0.30825","0.30825","0.233","0.233","0.233"
"230","0.3318","0.3318","0.3318","0.31165","0.31165","0.31165","0.2455","0.2455","0.2455"
"231","0.3303","0.3303","0.3303","0.31215","0.31215","0.31215","0.2525","0.2525","0.2525"
"232","0.3307","0.3307","0.3307","0.31285","0.31285","0.31285","0.2615","0.2615","0.2615"
"233","0.3301","0.3301","0.3301","0.31215","0.31215","0.31215","0.2655","0.2655","0.2655"
"234","0.32835","0.32835","0.32835","0.31335","0.31335","0.31335","0.262","0.262","0.262"
"235","0.32945","0.32945","0.32945","0.3158","0.3158","0.3158","0.2645","0.2645","0.2645"
"236","0.32815","0.32815","0.32815","0.315","0.315","0.315","0.27","0.27","0.27"
"237","0.3278","0.3278","0.3278","0.3164","0.3164","0.3164","0.272","0.272","0.272"
"238","0.32725","0.32725","0.32725","0.3149","0.3149","0.3149","0.275","0.275","0.275"
"239","0.32795","0.32795","0.32795","0.3144","0.3144","0.3144","0.2715","0.2715","0.2715"
"240","0.3264","0.3264","0.3264","0.3167","0.3167","0.3167","0.279","0.279","0.279"
"241","0.32735","0.32735","0.32735","0.31515","0.31515","0.31515","0.2855","0.2855","0.2855"
"242","0.32625","0.32625","0.32625","0.3155","0.3155","0.3155","0.283","0.283","0.283"
"243","0.3253","0.3253","0.3253","0.3145","0.3145","0.3145","0.282","0.282","0.282"
"244","0.3263","0.3263","0.3263","0.315","0.315","0.315","0.2875","0.2875","0.2875"
"245","0.3241","0.3241","0.3241","0.31525","0.31525","0.31525","0.2835","0.2835","0.2835"
"246","0.325","0.325","0.325","0.31555","0.31555","0.31555","0.287","0.287","0.287"
"247","0.32575","0.32575","0.32575","0.3175","0.3175","0.3175","0.288","0.288","0.288"
"248","0.32615","0.32615","0.32615","0.31465","0.31465","0.31465","0.289","0.289","0.289"
"249","0.32495","0.32495","0.32495","0.3143","0.3143","0.3143","0.289","0.289","0.289"
"250","0.2647","0.2647","0.2647","0.265","0.265","0.265","0.031","0.031","0.031"
"251","0.33245","0.33245","0.33245","0.29965","0.29965","0.29965","0.0795","0.0795","0.0795"
"252","0.3434","0.3434","0.3434","0.3073","0.3073","0.3073","0.176","0.176","0.176"
"253","0.35025","0.35025","0.35025","0.31125","0.31125","0.31125","0.1995","0.1995","0.1995"
"254","0.3527","0.3527","0.3527","0.31435","0.31435","0.31435","0.2065","0.2065","0.2065"
"255","0.35405","0.35405","0.35405","0.3129","0.3129","0.3129","0.213","0.213","0.213"
"256","0.3569","0.3569","0.3569","0.31305","0.31305","0.31305","0.211","0.211","0.211"
"257","0.35795","0.35795","0.35795","0.31455","0.31455","0.31455","0.22","0.22","0.22"
"258","0.3615","0.3615","0.3615","0.31665","0.31665","0.31665","0.2225","0.2225","0.2225"
"259","0.3628","0.3628","0.3628","0.316","0.316","0.316","0.2215","0.2215","0.2215"
"260","0.36465","0.36465","0.36465","0.31745","0.31745","0.31745","0.242","0.242","0.242"
"261","0.36765","0.36765","0.36765","0.31705","0.31705","0.31705","0.246","0.246","0.246"
"262","0.3687","0.3687","0.3687","0.318","0.318","0.318","0.2515","0.2515","0.2515"
"263","0.37005","0.37005","0.37005","0.31545","0.31545","0.31545","0.244","0.244","0.244"
"264","0.37165","0.37165","0.37165","0.3172","0.3172","0.3172","0.258","0.258","0.258"
"265","0.37135","0.37135","0.37135","0.3165","0.3165","0.3165","0.2505","0.2505","0.2505"
"266","0.37265","0.37265","0.37265","0.3183","0.3183","0.3183","0.258","0.258","0.258"
"267","0.37275","0.37275","0.37275","0.3172","0.3172","0.3172","0.2645","0.2645","0.2645"
"268","0.37455","0.37455","0.37455","0.3172","0.3172","0.3172","0.269","0.269","0.269"
"269","0.3765","0.3765","0.3765","0.3169","0.3169","0.3169","0.2785","0.2785","0.2785"
"270","0.3766","0.3766","0.3766","0.31665","0.31665","0.31665","0.2685","0.2685","0.2685"
"271","0.3777","0.3777","0.3777","0.31745","0.31745","0.31745","0.281","0.281","0.281"
"272","0.3784","0.3784","0.3784","0.31775","0.31775","0.31775","0.282","0.282","0.282"
"273","0.37985","0.37985","0.37985","0.31855","0.31855","0.31855","0.278","0.278","0.278"
"274","0.3817","0.3817","0.3817","0.3177","0.3177","0.3177","0.2835","0.2835","0.2835"
"275","0.2057","0.2057","0.2057","0.22865","0.22865","0.22865","0.0305","0.0305","0.0305"
"276","0.3016","0.3016","0.3016","0.29095","0.29095","0.29095","0.0965","0.0965","0.0965"
"277","0.31675","0.31675","0.31675","0.3022","0.3022","0.3022","0.192","0.192","0.192"
"278","0.31965","0.31965","0.31965","0.3047","0.3047","0.3047","0.2625","0.2625","0.2625"
"279","0.3215","0.3215","0.3215","0.3059","0.3059","0.3059","0.2735","0.2735","0.2735"
"280","0.32165","0.32165","0.32165","0.30815","0.30815","0.30815","0.2755","0.2755","0.2755"
"281","0.3231","0.3231","0.3231","0.30965","0.30965","0.30965","0.28","0.28","0.28"
"282","0.3236","0.3236","0.3236","0.30935","0.30935","0.30935","0.283","0.283","0.283"
"283","0.3243","0.3243","0.3243","0.3104","0.3104","0.3104","0.292","0.292","0.292"
"284","0.32415","0.32415","0.32415","0.30955","0.30955","0.30955","0.288","0.288","0.288"
"285","0.3246","0.3246","0.3246","0.3118","0.3118","0.3118","0.299","0.299","0.299"
"286","0.32375","0.32375","0.32375","0.31275","0.31275","0.31275","0.3095","0.3095","0.3095"
"287","0.32415","0.32415","0.32415","0.3122","0.3122","0.3122","0.315","0.315","0.315"
"288","0.32345","0.32345","0.32345","0.31225","0.31225","0.31225","0.316","0.316","0.316"
"289","0.32365","0.32365","0.32365","0.31285","0.31285","0.31285","0.315","0.315","0.315"
"290","0.32395","0.32395","0.32395","0.3153","0.3153","0.3153","0.3175","0.3175","0.3175"
"291","0.32335","0.32335","0.32335","0.3128","0.3128","0.3128","0.316","0.316","0.316"
"292","0.32355","0.32355","0.32355","0.3151","0.3151","0.3151","0.32","0.32","0.32"
"293","0.3231","0.3231","0.3231","0.31255","0.31255","0.31255","0.32","0.32","0.32"
"294","0.32305","0.32305","0.32305","0.31425","0.31425","0.31425","0.324","0.324","0.324"
"295","0.32225","0.32225","0.32225","0.3148","0.3148","0.3148","0.3285","0.3285","0.3285"
"296","0.3228","0.3228","0.3228","0.3141","0.3141","0.3141","0.3275","0.3275","0.3275"
"297","0.32335","0.32335","0.32335","0.31145","0.31145","0.31145","0.33","0.33","0.33"
"298","0.32245","0.32245","0.32245","0.31195","0.31195","0.31195","0.3305","0.3305","0.3305"
"299","0.32215","0.32215","0.32215","0.3129","0.3129","0.3129","0.33","0.33","0.33"
"300","0.2221","0.2221","0.2221","0.23025","0.23025","0.23025","0.0045","0.0045","0.0045"
"301","0.28505","0.28505","0.28505","0.26385","0.26385","0.26385","0.015","0.015","0.015"
"302","0.2928","0.2928","0.2928","0.27225","0.27225","0.27225","0.1645","0.1645","0.1645"
"303","0.29625","0.29625","0.29625","0.27395","0.27395","0.27395","0.1955","0.1955","0.1955"
"304","0.29775","0.29775","0.29775","0.27565","0.27565","0.27565","0.2345","0.2345","0.2345"
"305","0.2988","0.2988","0.2988","0.279","0.279","0.279","0.2545","0.2545","0.2545"
"306","0.29965","0.29965","0.29965","0.2793","0.2793","0.2793","0.2565","0.2565","0.2565"
"307","0.30065","0.30065","0.30065","0.2801","0.2801","0.2801","0.2675","0.2675","0.2675"
"308","0.29825","0.29825","0.29825","0.28065","0.28065","0.28065","0.2755","0.2755","0.2755"
"309","0.3005","0.3005","0.3005","0.2823","0.2823","0.2823","0.2755","0.2755","0.2755"
"310","0.3007","0.3007","0.3007","0.28195","0.28195","0.28195","0.2765","0.2765","0.2765"
"311","0.2998","0.2998","0.2998","0.2805","0.2805","0.2805","0.2845","0.2845","0.2845"
"312","0.2985","0.2985","0.2985","0.28015","0.28015","0.28015","0.285","0.285","0.285"
"313","0.29925","0.29925","0.29925","0.28165","0.28165","0.28165","0.297","0.297","0.297"
"314","0.29945","0.29945","0.29945","0.28355","0.28355","0.28355","0.298","0.298","0.298"
"315","0.29875","0.29875","0.29875","0.2849","0.2849","0.2849","0.2995","0.2995","0.2995"
"316","0.29875","0.29875","0.29875","0.28365","0.28365","0.28365","0.291","0.291","0.291"
"317","0.2985","0.2985","0.2985","0.28325","0.28325","0.28325","0.293","0.293","0.293"
"318","0.2986","0.2986","0.2986","0.28295","0.28295","0.28295","0.298","0.298","0.298"
"319","0.299","0.299","0.299","0.28255","0.28255","0.28255","0.305","0.305","0.305"
"320","0.2994","0.2994","0.2994","0.28235","0.28235","0.28235","0.3","0.3","0.3"
"321","0.2996","0.2996","0.2996","0.28345","0.28345","0.28345","0.3085","0.3085","0.3085"
"322","0.29835","0.29835","0.29835","0.2843","0.2843","0.2843","0.3075","0.3075","0.3075"
"323","0.29665","0.29665","0.29665","0.2846","0.2846","0.2846","0.3095","0.3095","0.3095"
"324","0.29905","0.29905","0.29905","0.28415","0.28415","0.28415","0.3115","0.3115","0.3115"
"325","0.26035","0.26035","0.26035","0.2656","0.2656","0.2656","0.0195","0.0195","0.0195"
"326","0.3417","0.3417","0.3417","0.32045","0.32045","0.32045","","",""
"327","0.3477","0.3477","0.3477","0.3284","0.3284","0.3284","","",""
"328","0.3495","0.3495","0.3495","0.33205","0.33205","0.33205","","",""
"329","0.35065","0.35065","0.35065","0.3332","0.3332","0.3332","","",""
"330","0.35165","0.35165","0.35165","0.3341","0.3341","0.3341","","",""
"331","0.35185","0.35185","0.35185","0.3327","0.3327","0.3327","","",""
"332","0.3512","0.3512","0.3512","0.33545","0.33545","0.33545","","",""
"333","0.3521","0.3521","0.3521","0.33375","0.33375","0.33375","","",""
"334","0.3525","0.3525","0.3525","0.335","0.335","0.335","","",""
"335","0.3522","0.3522","0.3522","0.33495","0.33495","0.33495","","",""
"336","0.351","0.351","0.351","0.33675","0.33675","0.33675","","",""
"337","0.3516","0.3516","0.3516","0.3355","0.3355","0.3355","","",""
"338","0.35165","0.35165","0.35165","0.338","0.338","0.338","","",""
"339","0.35125","0.35125","0.35125","0.33895","0.33895","0.33895","","",""
"340","0.3518","0.3518","0.3518","0.33695","0.33695","0.33695","","",""
"341","0.3509","0.3509","0.3509","0.3365","0.3365","0.3365","","",""
"342","0.3507","0.3507","0.3507","0.3367","0.3367","0.3367","","",""
"343","0.35085","0.35085","0.35085","0.3358","0.3358","0.3358","","",""
"344","0.35015","0.35015","0.35015","0.33615","0.33615","0.33615","","",""
"345","0.35155","0.35155","0.35155","0.33665","0.33665","0.33665","","",""
"346","0.35105","0.35105","0.35105","0.33725","0.33725","0.33725","","",""
"347","0.35055","0.35055","0.35055","0.33665","0.33665","0.33665","","",""
"348","0.3522","0.3522","0.3522","0.3376","0.3376","0.3376","","",""
"349","0.351","0.351","0.351","0.338","0.338","0.338","","",""
"350","0.2556","0.2556","0.2556","0.25565","0.25565","0.25565","","",""
"351","0.31245","0.31245","0.31245","0.3003","0.3003","0.3003","","",""
"352","0.31835","0.31835","0.31835","0.3075","0.3075","0.3075","","",""
"353","0.3197","0.3197","0.3197","0.31095","0.31095","0.31095","","",""
"354","0.3227","0.3227","0.3227","0.3138","0.3138","0.3138","","",""
"355","0.321","0.321","0.321","0.31545","0.31545","0.31545","","",""
"356","0.32275","0.32275","0.32275","0.3168","0.3168","0.3168","","",""
"357","0.3206","0.3206","0.3206","0.3165","0.3165","0.3165","","",""
"358","0.32125","0.32125","0.32125","0.31555","0.31555","0.31555","","",""
"359","0.3209","0.3209","0.3209","0.31605","0.31605","0.31605","","",""
"360","0.3233","0.3233","0.3233","0.3152","0.3152","0.3152","","",""
"361","0.3221","0.3221","0.3221","0.3168","0.3168","0.3168","","",""
"362","0.3201","0.3201","0.3201","0.31635","0.31635","0.31635","","",""
"363","0.32055","0.32055","0.32055","0.3169","0.3169","0.3169","","",""
"364","0.32135","0.32135","0.32135","0.31675","0.31675","0.31675","","",""
"365","0.3211","0.3211","0.3211","0.31575","0.31575","0.31575","","",""
"366","0.32115","0.32115","0.32115","0.3162","0.3162","0.3162","","",""
"367","0.32095","0.32095","0.32095","0.3148","0.3148","0.3148","","",""
"368","0.3217","0.3217","0.3217","0.31565","0.31565","0.31565","","",""
"369","0.3195","0.3195","0.3195","0.31575","0.31575","0.31575","","",""
"370","0.32015","0.32015","0.32015","0.31595","0.31595","0.31595","","",""
"371","0.3205","0.3205","0.3205","0.31625","0.31625","0.31625","","",""
"372","0.3218","0.3218","0.3218","0.3168","0.3168","0.3168","","",""
"373","0.32005","0.32005","0.32005","0.3168","0.3168","0.3168","","",""
"374","0.3203","0.3203","0.3203","0.3166","0.3166","0.3166","","",""