0.8545,0.0,0.0,0.001,0.0,0.0075,0.0,0.0,0.0,0.0,0.0005,0.0,0.0,0.0,0.0,0.0,0.0005,0.0,0.0,0.0,0.0,0.0005,0.0,0.003,0.0,0.0,0.0,0.001,0.0,0.0,0.002,0.0,0.0,0.0025,0.0,0.0,0.001,0.0,0.002,0.0,0.0,0.003,0.001,0.0,0.0,0.0,0.0,0.0,0.0005,0.0
0.0005,0.79,0.0,0.0,0.0,0.0,0.0,0.0005,0.0005,0.0,0.0025,0.0,0.0,0.0,0.0,0.0005,0.0,0.0,0.0,0.0015,0.0055,0.003,0.0,0.0,0.0,0.0,0.0,0.0005,0.0,0.0,0.0,0.001,0.0,0.0005,0.0,0.0,0.0,0.0,0.001,0.0,0.002,0.01,0.0,0.0,0.0,0.0,0.0,0.0005,0.0,0.0
0.0005,0.0005,0.8225,0.002,0.004,0.004,0.001,0.0,0.0,0.0,0.0,0.0,0.0015,0.001,0.001,0.0005,0.0,0.001,0.0005,0.0,0.001,0.007,0.022,0.0005,0.001,0.0,0.0025,0.001,0.001,0.0015,0.0015,0.0115,0.0005,0.0,0.0,0.0,0.0,0.0,0.0,0.0035,0.0085,0.0005,0.003,0.0,0.0,0.0,0.001,0.0035,0.001,0.0
0.004,0.0005,0.0005,0.8805,0.0055,0.0145,0.0005,0.001,0.0,0.0005,0.013,0.006,0.002,0.0075,0.001,0.0,0.0005,0.001,0.003,0.0,0.0,0.0025,0.007,0.0035,0.0,0.0,0.0025,0.0,0.002,0.0,0.0055,0.01,0.0,0.0,0.016,0.0,0.0005,0.0,0.0,0.0025,0.001,0.0025,0.0025,0.0025,0.0,0.001,0.0075,0.0005,0.0,0.0135
0.004,0.002,0.002,0.0085,0.871,0.0,0.0145,0.01,0.0315,0.0,0.0,0.0,0.0005,0.0055,0.0075,0.004,0.0015,0.012,0.0,0.0,0.0085,0.0,0.004,0.0,0.0065,0.0005,0.0,0.0045,0.002,0.0,0.001,0.001,0.0,0.001,0.0,0.002,0.0065,0.015,0.0035,0.0015,0.0095,0.0,0.0,0.007,0.0,0.001,0.02,0.01,0.0,0.01
0.003,0.0105,0.0155,0.0225,0.0,0.8905,0.007,0.0,0.0,0.0,0.001,0.005,0.002,0.0005,0.0005,0.003,0.0155,0.0195,0.0235,0.0275,0.0015,0.0,0.0055,0.024,0.0015,0.0005,0.0025,0.006,0.001,0.0005,0.0005,0.0335,0.0005,0.0,0.0185,0.0005,0.0,0.0015,0.006,0.0,0.0,0.0085,0.0055,0.0,0.0,0.002,0.001,0.0,0.0005,0.003
0.006,0.011,0.0,0.003,0.0035,0.0265,0.89,0.0065,0.0,0.0155,0.0,0.0095,0.0,0.0085,0.024,0.007,0.002,0.0015,0.0115,0.0025,0.001,0.0005,0.0005,0.0105,0.001,0.0005,0.0005,0.01,0.0115,0.0185,0.0155,0.006,0.001,0.0185,0.0,0.0,0.0,0.005,0.0035,0.009,0.0005,0.008,0.0045,0.0085,0.0,0.018,0.003,0.0,0.003,0.0
0.004,0.0005,0.023,0.005,0.01,0.002,0.0135,0.825,0.0035,0.0,0.0,0.0055,0.0,0.0185,0.0175,0.004,0.005,0.0015,0.0035,0.0005,0.0105,0.0035,0.0005,0.0075,0.003,0.0,0.0,0.0005,0.01,0.002,0.004,0.0145,0.0005,0.005,0.0015,0.0005,0.003,0.001,0.001,0.0025,0.0,0.0055,0.0045,0.002,0.0035,0.011,0.0045,0.007,0.003,0.0
0.0105,0.011,0.008,0.008,0.027,0.0,0.0155,0.0045,0.8485,0.0055,0.0165,0.0075,0.0075,0.035,0.002,0.001,0.0025,0.0375,0.0005,0.0025,0.011,0.003,0.003,0.001,0.0145,0.0085,0.005,0.0195,0.0005,0.0085,0.0055,0.003,0.0015,0.002,0.0,0.0025,0.026,0.0195,0.0005,0.021,0.047,0.0005,0.0005,0.0015,0.0015,0.0015,0.029,0.0025,0.0085,0.029
0.0055,0.0025,0.001,0.004,0.0065,0.015,0.011,0.0,0.0045,0.8495,0.0005,0.0,0.002,0.0095,0.0045,0.0035,0.0005,0.009,0.0,0.001,0.0015,0.0025,0.0,0.0045,0.011,0.0005,0.0015,0.0135,0.0,0.0035,0.009,0.012,0.0065,0.0105,0.0025,0.0,0.0005,0.0025,0.006,0.0015,0.0025,0.0,0.0025,0.0015,0.001,0.018,0.001,0.012,0.015,0.015
0.0115,0.0135,0.002,0.026,0.0025,0.0025,0.005,0.003,0.0135,0.0125,0.81,0.008,0.0015,0.0005,0.001,0.0145,0.0025,0.0035,0.001,0.0235,0.0115,0.03,0.006,0.0165,0.0005,0.0095,0.001,0.0005,0.006,0.0075,0.01,0.003,0.0005,0.004,0.0065,0.012,0.0265,0.0045,0.0065,0.0135,0.002,0.0125,0.013,0.0045,0.01,0.004,0.0025,0.0045,0.0035,0.001
0.0225,0.0095,0.0095,0.0085,0.004,0.0135,0.0115,0.0015,0.0195,0.0005,0.0095,0.8825,0.009,0.0015,0.0065,0.016,0.016,0.0065,0.0305,0.018,0.0145,0.001,0.0035,0.009,0.0165,0.0095,0.0,0.0015,0.005,0.0135,0.012,0.0195,0.002,0.001,0.008,0.002,0.001,0.0015,0.009,0.0115,0.001,0.0185,0.0085,0.0075,0.0,0.0055,0.0035,0.017,0.013,0.0195
0.005,0.0205,0.0115,0.0,0.0155,0.009,0.0175,0.0,0.0075,0.01,0.0065,0.009,0.855,0.002,0.0025,0.008,0.0015,0.0095,0.0025,0.0,0.004,0.0045,0.004,0.0005,0.0045,0.0115,0.0115,0.017,0.0005,0.0075,0.0065,0.0245,0.0085,0.0085,0.0045,0.0025,0.0035,0.0015,0.0155,0.0,0.018,0.0015,0.012,0.0125,0.0005,0.01,0.0055,0.0075,0.014,0.0025
0.017,0.0265,0.001,0.0145,0.008,0.015,0.0165,0.008,0.008,0.0015,0.0025,0.0275,0.0015,0.891,0.0015,0.001,0.001,0.016,0.002,0.0215,0.0,0.0,0.002,0.026,0.021,0.0015,0.0005,0.0125,0.0,0.003,0.0115,0.003,0.0025,0.0145,0.001,0.001,0.0005,0.0085,0.0005,0.0185,0.0105,0.022,0.0085,0.004,0.008,0.007,0.0005,0.0095,0.006,0.002
0.006,0.0,0.008,0.014,0.0225,0.0045,0.0055,0.013,0.002,0.0,0.0005,0.0005,0.005,0.0225,0.8785,0.0,0.0,0.0035,0.0105,0.004,0.0055,0.002,0.002,0.0035,0.023,0.01,0.0005,0.001,0.0,0.0035,0.0005,0.012,0.0005,0.0085,0.008,0.0135,0.0075,0.0065,0.0075,0.0025,0.004,0.0105,0.0015,0.004,0.003,0.0005,0.0035,0.0055,0.0015,0.0035
0.027,0.0125,0.012,0.0165,0.0015,0.0455,0.0225,0.0115,0.0015,0.0415,0.022,0.041,0.022,0.014,0.002,0.858,0.014,0.0105,0.006,0.0255,0.014,0.005,0.022,0.0015,0.014,0.0495,0.0255,0.0415,0.006,0.0065,0.019,0.0015,0.0005,0.0085,0.0205,0.001,0.011,0.013,0.02,0.0035,0.005,0.0045,0.019,0.0225,0.003,0.0155,0.0055,0.006,0.019,0.0135
0.0225,0.01,0.0125,0.004,0.003,0.0425,0.005,0.0145,0.0045,0.005,0.003,0.0105,0.003,0.0065,0.0,0.0085,0.894,0.027,0.0065,0.006,0.006,0.0,0.007,0.006,0.001,0.0255,0.0,0.0045,0.012,0.0135,0.0015,0.0095,0.0045,0.002,0.007,0.0045,0.008,0.002,0.016,0.0,0.004,0.0215,0.012,0.0015,0.054,0.0135,0.004,0.002,0.0015,0.003
0.02,0.0015,0.007,0.026,0.008,0.039,0.003,0.0015,0.0065,0.0065,0.0025,0.003,0.0105,0.026,0.0055,0.0175,0.012,0.892,0.0235,0.0025,0.0005,0.0035,0.001,0.0255,0.001,0.01,0.0115,0.033,0.001,0.017,0.0035,0.0215,0.0015,0.002,0.019,0.0245,0.0105,0.0,0.032,0.0095,0.0275,0.0225,0.0165,0.004,0.01,0.011,0.0265,0.0,0.014,0.013
0.025,0.011,0.0335,0.0325,0.023,0.051,0.018,0.0455,0.01,0.0,0.011,0.0515,0.0005,0.007,0.012,0.0235,0.0455,0.0275,0.8805,0.03,0.003,0.0125,0.024,0.0225,0.0095,0.034,0.0085,0.0245,0.009,0.0305,0.0065,0.012,0.007,0.0015,0.0405,0.0,0.0035,0.0375,0.0295,0.0145,0.0,0.0105,0.025,0.02,0.03,0.0345,0.0015,0.006,0.0005,0.016
0.0085,0.019,0.0295,0.055,0.016,0.083,0.043,0.002,0.0125,0.0145,0.039,0.015,0.0,0.032,0.013,0.0405,0.012,0.001,0.023,0.8715,0.023,0.036,0.055,0.0555,0.025,0.052,0.021,0.016,0.0035,0.0075,0.0395,0.0,0.025,0.032,0.01,0.0035,0.0245,0.0025,0.0325,0.001,0.003,0.0055,0.0405,0.012,0.0225,0.0215,0.0205,0.016,0.008,0.0105
0.0025,0.041,0.0265,0.001,0.021,0.019,0.076,0.018,0.037,0.0085,0.0315,0.047,0.0085,0.0505,0.0175,0.0345,0.035,0.0,0.0165,0.0265,0.874,0.002,0.0215,0.021,0.013,0.03,0.019,0.0035,0.0615,0.0335,0.0055,0.0245,0.0065,0.0105,0.02,0.001,0.039,0.0,0.0315,0.015,0.005,0.011,0.0155,0.003,0.0085,0.0105,0.0045,0.0165,0.0045,0.058
0.0235,0.014,0.0055,0.0185,0.002,0.001,0.0005,0.0085,0.0105,0.01,0.0515,0.002,0.0065,0.0005,0.009,0.003,0.002,0.0025,0.003,0.049,0.0035,0.9245,0.024,0.0245,0.0015,0.072,0.028,0.002,0.0125,0.005,0.0275,0.0015,0.007,0.0005,0.003,0.002,0.03,0.0065,0.0515,0.026,0.009,0.0215,0.0305,0.0025,0.007,0.001,0.0115,0.006,0.0085,0.004
0.016,0.002,0.042,0.029,0.0085,0.0715,0.022,0.002,0.004,0.004,0.0505,0.038,0.0155,0.011,0.0055,0.04,0.0145,0.0095,0.0065,0.051,0.0095,0.0325,0.879,0.028,0.0055,0.039,0.019,0.0035,0.007,0.002,0.0215,0.0045,0.0065,0.0195,0.0285,0.0045,0.0125,0.0015,0.0185,0.032,0.006,0.0035,0.043,0.011,0.001,0.009,0.007,0.013,0.015,0.005
0.0095,0.0095,0.0315,0.0255,0.0065,0.079,0.0255,0.0225,0.015,0.0315,0.017,0.0215,0.0015,0.03,0.028,0.0035,0.02,0.031,0.0375,0.0455,0.0475,0.0375,0.0365,0.8985,0.027,0.075,0.0045,0.029,0.006,0.027,0.0555,0.0135,0.0185,0.0225,0.01,0.001,0.0145,0.008,0.043,0.027,0.0005,0.0275,0.0295,0.0035,0.009,0.0235,0.018,0.0035,0.0045,0.0095
0.0155,0.0025,0.0215,0.0005,0.024,0.0145,0.0275,0.014,0.0075,0.0185,0.003,0.015,0.0195,0.01,0.0225,0.013,0.0045,0.0085,0.0085,0.0105,0.0165,0.007,0.0285,0.0385,0.885,0.01,0.0025,0.0255,0.005,0.0045,0.01,0.0135,0.0185,0.016,0.0135,0.0055,0.008,0.005,0.013,0.034,0.0085,0.0125,0.0015,0.0255,0.0035,0.0055,0.0045,0.015,0.0255,0.0195
0.022,0.0085,0.0075,0.001,0.013,0.0125,0.0155,0.004,0.009,0.0165,0.049,0.0045,0.0095,0.005,0.0225,0.0495,0.026,0.0175,0.0065,0.0465,0.008,0.045,0.0305,0.0335,0.02,0.901,0.0415,0.0355,0.0165,0.0005,0.02,0.0005,0.0075,0.003,0.016,0.012,0.0,0.017,0.045,0.0095,0.005,0.016,0.0,0.002,0.0045,0.002,0.002,0.014,0.0275,0.0075
0.047,0.004,0.007,0.0345,0.0005,0.0115,0.0285,0.001,0.0205,0.052,0.029,0.003,0.038,0.007,0.045,0.057,0.004,0.034,0.024,0.051,0.013,0.0745,0.0655,0.045,0.0045,0.116,0.8965,0.0325,0.0105,0.033,0.0385,0.0045,0.0055,0.0065,0.043,0.0275,0.023,0.006,0.0145,0.01,0.0345,0.0115,0.0235,0.015,0.009,0.0105,0.0005,0.013,0.052,0.0235
0.0695,0.015,0.017,0.0305,0.0005,0.054,0.041,0.001,0.025,0.018,0.014,0.0155,0.0345,0.02,0.0025,0.067,0.032,0.04,0.0095,0.0055,0.001,0.003,0.0195,0.029,0.0215,0.0545,0.0495,0.91,0.0355,0.0255,0.041,0.0375,0.0265,0.0085,0.031,0.022,0.005,0.008,0.0225,0.014,0.0305,0.0345,0.0245,0.026,0.0,0.023,0.002,0.006,0.014,0.0345
0.001,0.0055,0.0065,0.0175,0.016,0.0065,0.02,0.016,0.0175,0.0015,0.014,0.022,0.018,0.008,0.0025,0.0235,0.0025,0.003,0.0205,0.006,0.0305,0.015,0.012,0.0145,0.004,0.012,0.009,0.025,0.8985,0.0075,0.009,0.0235,0.0145,0.003,0.0165,0.007,0.0005,0.0085,0.034,0.041,0.005,0.0085,0.034,0.0155,0.0055,0.0235,0.024,0.0085,0.0035,0.012
0.031,0.0165,0.0215,0.009,0.0115,0.0555,0.05,0.054,0.0345,0.032,0.011,0.0525,0.003,0.0445,0.0175,0.0105,0.0285,0.039,0.0695,0.0375,0.061,0.0245,0.0075,0.0615,0.0055,0.009,0.0425,0.0245,0.0185,0.8985,0.029,0.012,0.0,0.0275,0.053,0.0345,0.033,0.0195,0.047,0.0435,0.008,0.015,0.0305,0.013,0.036,0.04,0.0055,0.0165,0.018,0.032
0.069,0.0105,0.0185,0.023,0.0035,0.0065,0.037,0.0085,0.041,0.0135,0.0585,0.0345,0.0125,0.061,0.0255,0.033,0.002,0.0105,0.0065,0.0555,0.007,0.0785,0.0455,0.03,0.0445,0.082,0.0555,0.077,0.0085,0.0305,0.8925,0.0155,0.033,0.0475,0.023,0.0135,0.0275,0.047,0.033,0.061,0.017,0.0355,0.0145,0.0465,0.025,0.0255,0.016,0.024,0.021,0.005
0.0055,0.001,0.0165,0.0125,0.0115,0.0325,0.034,0.0125,0.0165,0.0125,0.0125,0.0145,0.0045,0.008,0.0025,0.001,0.004,0.0255,0.017,0.002,0.0095,0.003,0.0015,0.012,0.0265,0.0005,0.0025,0.014,0.009,0.0085,0.0045,0.933,0.0065,0.0225,0.0225,0.0025,0.004,0.0055,0.0145,0.0025,0.0,0.004,0.0065,0.0025,0.0085,0.0195,0.0045,0.0055,0.0,0.0235
0.012,0.009,0.0285,0.0195,0.0175,0.0075,0.016,0.0065,0.0065,0.0255,0.002,0.0,0.02,0.014,0.012,0.005,0.024,0.001,0.0105,0.0175,0.0165,0.022,0.019,0.0145,0.031,0.003,0.007,0.0285,0.04,0.0005,0.041,0.01,0.9135,0.022,0.0025,0.015,0.036,0.027,0.018,0.007,0.005,0.0285,0.015,0.026,0.002,0.027,0.006,0.0325,0.0185,0.0105
0.033,0.036,0.01,0.0325,0.026,0.0155,0.085,0.021,0.023,0.0155,0.042,0.037,0.012,0.0995,0.0355,0.0155,0.008,0.0135,0.0145,0.059,0.009,0.0075,0.031,0.053,0.048,0.016,0.012,0.0425,0.04,0.023,0.0655,0.045,0.015,0.891,0.0195,0.0255,0.045,0.032,0.0075,0.037,0.004,0.0505,0.018,0.033,0.011,0.063,0.0005,0.0015,0.054,0.003
0.048,0.0245,0.0155,0.026,0.0105,0.0605,0.011,0.025,0.005,0.038,0.009,0.0125,0.025,0.015,0.0425,0.0515,0.077,0.0415,0.056,0.0125,0.0035,0.028,0.029,0.0215,0.0235,0.012,0.065,0.0205,0.034,0.0455,0.0115,0.054,0.0175,0.0335,0.8895,0.021,0.0525,0.0385,0.0175,0.042,0.0095,0.014,0.0425,0.009,0.016,0.0195,0.008,0.025,0.039,0.031
0.0265,0.004,0.0125,0.0185,0.01,0.0305,0.0155,0.0145,0.002,0.015,0.005,0.0065,0.009,0.0175,0.044,0.006,0.0085,0.0305,0.001,0.011,0.0045,0.0075,0.0115,0.0085,0.014,0.0095,0.042,0.03,0.0125,0.036,0.018,0.0205,0.0235,0.0375,0.017,0.876,0.026,0.024,0.0345,0.02,0.0015,0.0315,0.034,0.0305,0.007,0.018,0.005,0.0295,0.009,0.021
0.068,0.0205,0.0095,0.0215,0.0275,0.007,0.0615,0.016,0.0325,0.036,0.0435,0.0285,0.0085,0.0305,0.0635,0.0295,0.0075,0.015,0.0315,0.0555,0.0345,0.0915,0.0285,0.0385,0.0565,0.0045,0.05,0.0175,0.0055,0.0085,0.05,0.007,0.0465,0.0715,0.0345,0.0285,0.901,0.047,0.0245,0.065,0.0425,0.048,0.03,0.0035,0.025,0.052,0.0455,0.027,0.0535,0.036
0.022,0.0115,0.01,0.0165,0.042,0.032,0.0355,0.04,0.018,0.0305,0.027,0.008,0.0125,0.0255,0.026,0.0185,0.0565,0.004,0.045,0.0055,0.002,0.0115,0.012,0.0745,0.0465,0.02,0.043,0.0455,0.0235,0.0465,0.0455,0.0575,0.04,0.023,0.033,0.0315,0.0445,0.9155,0.0465,0.045,0.0185,0.0255,0.0185,0.036,0.0415,0.079,0.0075,0.056,0.0175,0.046
0.052,0.043,0.0285,0.0055,0.022,0.1045,0.039,0.01,0.005,0.0345,0.062,0.0635,0.0095,0.0055,0.022,0.0255,0.018,0.0545,0.0705,0.043,0.0345,0.066,0.056,0.0635,0.034,0.0445,0.099,0.0695,0.046,0.077,0.0415,0.0215,0.0395,0.0085,0.0215,0.0345,0.0555,0.079,0.8975,0.029,0.0145,0.08,0.0475,0.0305,0.002,0.0075,0.0515,0.046,0.0325,0.0135
0.0485,0.009,0.005,0.0295,0.0175,0.05,0.0285,0.0155,0.0305,0.01,0.046,0.052,0.022,0.0335,0.013,0.0025,0.0055,0.0285,0.017,0.0175,0.051,0.068,0.03,0.0465,0.04,0.0105,0.0395,0.0265,0.0465,0.0465,0.029,0.005,0.0425,0.038,0.0205,0.022,0.07,0.0385,0.007,0.8975,0.0135,0.057,0.0315,0.0245,0.004,0.021,0.01,0.0135,0.0495,0.026
0.0215,0.0115,0.0285,0.04,0.053,0.01,0.03,0.0215,0.0515,0.041,0.019,0.006,0.046,0.0355,0.0375,0.058,0.0155,0.0335,0.0135,0.0065,0.012,0.055,0.0245,0.012,0.0195,0.018,0.0365,0.0265,0.015,0.013,0.018,0.0355,0.009,0.0025,0.0245,0.0135,0.07,0.038,0.025,0.0495,0.846,0.0125,0.025,0.032,0.018,0.015,0.0635,0.0065,0.048,0.032
0.127,0.079,0.0035,0.062,0.0045,0.0675,0.0385,0.02,0.0055,0.0305,0.043,0.0445,0.011,0.031,0.0685,0.021,0.033,0.0545,0.033,0.029,0.021,0.1215,0.0285,0.0455,0.04,0.016,0.0245,0.0675,0.02,0.0145,0.0565,0.004,0.097,0.0245,0.012,0.047,0.0425,0.025,0.0285,0.089,0.022,0.888,0.0395,0.0505,0.027,0.0345,0.0335,0.0355,0.047,0.0065
0.0325,0.023,0.0435,0.0405,0.0055,0.0615,0.0505,0.0065,0.003,0.0245,0.0205,0.0365,0.021,0.013,0.02,0.045,0.0255,0.046,0.0215,0.026,0.0085,0.081,0.051,0.0165,0.0175,0.0035,0.074,0.0455,0.079,0.052,0.026,0.0205,0.019,0.0145,0.0385,0.0335,0.048,0.0305,0.047,0.051,0.0125,0.0365,0.9105,0.0545,0.0345,0.0,0.003,0.0275,0.0325,0.003
0.065,0.002,0.013,0.0345,0.0545,0.02,0.0335,0.014,0.032,0.038,0.0235,0.0365,0.0485,0.031,0.0545,0.0395,0.0095,0.039,0.0495,0.024,0.0145,0.0475,0.036,0.024,0.074,0.0385,0.033,0.079,0.032,0.024,0.038,0.0075,0.035,0.0675,0.025,0.063,0.042,0.027,0.0275,0.054,0.0255,0.061,0.0705,0.8725,0.026,0.0165,0.0215,0.034,0.0635,0.0295
0.0265,0.0315,0.05,0.0095,0.004,0.0735,0.011,0.0545,0.016,0.0155,0.025,0.044,0.007,0.03,0.0285,0.0245,0.118,0.0125,0.0895,0.0455,0.065,0.03,0.0245,0.028,0.015,0.0385,0.005,0.0125,0.0295,0.067,0.0145,0.019,0.0415,0.0085,0.045,0.025,0.0275,0.048,0.012,0.019,0.0255,0.014,0.044,0.0315,0.832,0.027,0.0025,0.011,0.017,0.024
0.0145,0.035,0.0095,0.017,0.02,0.0695,0.0605,0.062,0.0075,0.0545,0.011,0.0225,0.046,0.0435,0.0245,0.0365,0.0545,0.028,0.0515,0.0275,0.0095,0.008,0.012,0.0515,0.025,0.006,0.028,0.028,0.043,0.054,0.0295,0.035,0.047,0.053,0.056,0.0355,0.042,0.0495,0.014,0.0315,0.015,0.034,0.012,0.0215,0.0355,0.9045,0.018,0.0405,0.023,0.0215
0.023,0.034,0.02,0.0775,0.0545,0.026,0.04,0.0325,0.036,0.026,0.0245,0.0255,0.0135,0.006,0.029,0.0335,0.0255,0.0265,0.0045,0.0245,0.0155,0.0605,0.0245,0.0275,0.017,0.012,0.011,0.0085,0.055,0.0385,0.0155,0.0075,0.0175,0.006,0.014,0.021,0.0475,0.0255,0.04,0.0085,0.033,0.035,0.009,0.0355,0.003,0.0235,0.8995,0.0375,0.0105,0.017
0.024,0.0415,0.018,0.0205,0.005,0.027,0.057,0.008,0.006,0.0305,0.0135,0.008,0.0105,0.027,0.024,0.008,0.0075,0.0,0.0105,0.0435,0.0285,0.024,0.0315,0.004,0.0225,0.0115,0.0475,0.01,0.0115,0.0095,0.021,0.0185,0.0405,0.012,0.0025,0.0175,0.0375,0.0195,0.0355,0.012,0.0045,0.039,0.0315,0.019,0.0085,0.038,0.034,0.901,0.035,0.049
0.035,0.0625,0.0085,0.0205,0.0145,0.0205,0.04,0.013,0.043,0.0805,0.015,0.0165,0.0345,0.031,0.03,0.0695,0.013,0.021,0.0035,0.043,0.0165,0.05,0.043,0.015,0.0415,0.0535,0.0825,0.041,0.024,0.043,0.022,0.0145,0.0345,0.0415,0.0505,0.018,0.072,0.034,0.0335,0.04,0.0495,0.045,0.016,0.0355,0.0135,0.02,0.0225,0.046,0.9015,0.026
0.0595,0.055,0.0105,0.053,0.0585,0.0615,0.0075,0.0035,0.0485,0.073,0.013,0.0345,0.0215,0.032,0.013,0.064,0.016,0.029,0.028,0.0185,0.1055,0.047,0.0275,0.0785,0.073,0.018,0.0325,0.0285,0.059,0.057,0.0155,0.0745,0.039,0.0015,0.0305,0.019,0.0175,0.059,0.0315,0.0405,0.044,0.0295,0.02,0.026,0.013,0.0395,0.1045,0.0775,0.0425,0.8945
